gap,accuracy_mean,accuracy_std,accuracy_count,precision_mean,precision_std,recall_mean,recall_std,f1_score_mean,f1_score_std
1,0.5030134616122224,0.2431262936139114,522,0.7018117467337668,0.24272318964522432,0.5030134616122224,0.2431262936139114,0.5513238419056629,0.2157595631829451
2,0.48563142900876166,0.2437168107989245,504,0.6928892784772622,0.24932075237742202,0.48563142900876166,0.2437168107989245,0.5338904861738348,0.2137510221183492
3,0.634497986864108,0.22430117459605964,486,0.751967600973281,0.19903033163585213,0.634497986864108,0.22430117459605964,0.6697629785394702,0.20403633553092565
5,0.5221854063782924,0.24926872836069833,450,0.7080340492477262,0.23683863820613646,0.5221854063782924,0.24926872836069833,0.5661300304397805,0.21964623757732746
10,0.5535819827907205,0.24721722040947697,360,0.7310680469545007,0.23164979621326126,0.5535819827907205,0.24721722040947697,0.5993329086089225,0.22173556227719146
