scenario,total_queries,total_sessions,accuracy_mean,accuracy_std,accuracy_median,precision_mean,precision_std,precision_median,recall_mean,recall_std,recall_median,f1_mean,f1_std,f1_median,overlap_mean,overlap_std,overlap_median
similarity,2322,3,0.5383162082139722,0.24705092325143635,0.6,0.7161145569705762,0.23367606395632984,0.8057723577235772,0.5383162082139722,0.24705092325143635,0.6,0.5826421269912422,0.2200237577838081,0.6041666666666666,0.8519107102904049,0.18140076533739918,0.9130434782608696
