gap,recommender,accuracy_mean,precision_mean,recall_mean,f1_mean,overlap_mean
1,multidimensional_interestingness,0.0,0.0,0.0,0.0,0.0
1,random,0.07386363636363637,0.07386363636363637,0.07386363636363637,0.07386363636363637,0.07386363636363637
1,clustering,0.07386363636363637,0.07386363636363637,0.07386363636363637,0.07386363636363637,0.07386363636363637
1,frequency,0.07386363636363637,0.07386363636363637,0.07386363636363637,0.07386363636363637,0.07386363636363637
1,similarity,0.07386363636363637,0.07386363636363637,0.07386363636363637,0.07386363636363637,0.07386363636363637
1,sampling,0.07386363636363637,0.07386363636363637,0.07386363636363637,0.07386363636363637,0.07386363636363637
