seed,kind,condition,exposure,method,earliness,qualified,lag,pattern_earliness,pattern_qualified,pattern_lag,steps_saved
100,compositional,ambiguous,exposed,association_only,6,1.0,0.0,6,1.0,0.0,2
100,compositional,ambiguous,exposed,clustering,9,0.0,,9,0.0,,0
100,compositional,ambiguous,exposed,competing_models,6,1.0,0.0,8,1.0,2.0,2
100,compositional,ambiguous,exposed,context_oracle,0,1.0,-6.0,9,0.0,,8
100,compositional,ambiguous,exposed,delta_only,6,1.0,0.0,9,0.0,,2
100,compositional,ambiguous,exposed,frequency,9,0.0,,9,0.0,,0
100,compositional,ambiguous,exposed,mdi,6,1.0,0.0,7,1.0,1.0,2
100,compositional,ambiguous,exposed,mdi_decay0,6,1.0,0.0,7,1.0,1.0,2
100,compositional,ambiguous,exposed,mdi_decay020,6,1.0,0.0,7,1.0,1.0,2
100,compositional,ambiguous,exposed,mdi_no_novelty,6,1.0,0.0,7,1.0,1.0,2
100,compositional,ambiguous,exposed,mdi_original,6,1.0,0.0,8,1.0,2.0,2
100,compositional,ambiguous,exposed,mdi_reset,9,0.0,,9,0.0,,0
100,compositional,ambiguous,exposed,mdi_with_delta,6,1.0,0.0,8,1.0,2.0,2
100,compositional,ambiguous,exposed,predicate_match,6,1.0,0.0,9,0.0,,2
100,compositional,ambiguous,exposed,random,9,0.0,,9,0.0,,0
100,compositional,ambiguous,exposed,recurrence,6,1.0,0.0,9,0.0,,2
100,compositional,ambiguous,exposed,similarity,9,0.0,,9,0.0,,0
100,compositional,ambiguous,exposed,value_profile,6,1.0,0.0,9,0.0,,2
100,compositional,ambiguous,holdout,association_only,6,1.0,0.0,8,1.0,2.0,2
100,compositional,ambiguous,holdout,clustering,9,0.0,,9,0.0,,0
100,compositional,ambiguous,holdout,competing_models,6,1.0,0.0,8,1.0,2.0,2
100,compositional,ambiguous,holdout,context_oracle,0,1.0,-6.0,9,0.0,,8
100,compositional,ambiguous,holdout,delta_only,7,1.0,1.0,9,0.0,,1
100,compositional,ambiguous,holdout,frequency,9,0.0,,9,0.0,,0
100,compositional,ambiguous,holdout,mdi,6,1.0,0.0,6,1.0,0.0,2
100,compositional,ambiguous,holdout,mdi_decay0,6,1.0,0.0,7,1.0,1.0,2
100,compositional,ambiguous,holdout,mdi_decay020,6,1.0,0.0,6,1.0,0.0,2
100,compositional,ambiguous,holdout,mdi_no_novelty,6,1.0,0.0,7,1.0,1.0,2
100,compositional,ambiguous,holdout,mdi_original,6,1.0,0.0,7,1.0,1.0,2
100,compositional,ambiguous,holdout,mdi_reset,9,0.0,,9,0.0,,0
100,compositional,ambiguous,holdout,mdi_with_delta,6,1.0,0.0,8,1.0,2.0,2
100,compositional,ambiguous,holdout,predicate_match,6,1.0,0.0,9,0.0,,2
100,compositional,ambiguous,holdout,random,9,0.0,,9,0.0,,0
100,compositional,ambiguous,holdout,recurrence,9,0.0,,9,0.0,,0
100,compositional,ambiguous,holdout,similarity,9,0.0,,9,0.0,,0
100,compositional,ambiguous,holdout,value_profile,6,1.0,0.0,8,1.0,2.0,2
100,compositional,clear,exposed,association_only,2,1.0,0.0,2,1.0,0.0,6
100,compositional,clear,exposed,clustering,9,0.0,,9,0.0,,0
100,compositional,clear,exposed,competing_models,2,1.0,0.0,9,0.0,,6
100,compositional,clear,exposed,context_oracle,0,1.0,-2.0,9,0.0,,8
100,compositional,clear,exposed,delta_only,5,1.0,3.0,9,0.0,,3
100,compositional,clear,exposed,frequency,9,0.0,,9,0.0,,0
100,compositional,clear,exposed,mdi,2,1.0,0.0,9,0.0,,6
100,compositional,clear,exposed,mdi_decay0,2,1.0,0.0,2,1.0,0.0,6
100,compositional,clear,exposed,mdi_decay020,2,1.0,0.0,2,1.0,0.0,6
100,compositional,clear,exposed,mdi_no_novelty,2,1.0,0.0,3,1.0,1.0,6
100,compositional,clear,exposed,mdi_original,2,1.0,0.0,4,1.0,2.0,6
100,compositional,clear,exposed,mdi_reset,9,0.0,,9,0.0,,0
100,compositional,clear,exposed,mdi_with_delta,2,1.0,0.0,9,0.0,,6
100,compositional,clear,exposed,predicate_match,2,1.0,0.0,9,0.0,,6
100,compositional,clear,exposed,random,9,0.0,,9,0.0,,0
100,compositional,clear,exposed,recurrence,2,1.0,0.0,9,0.0,,6
100,compositional,clear,exposed,similarity,9,0.0,,9,0.0,,0
100,compositional,clear,exposed,value_profile,2,1.0,0.0,9,0.0,,6
100,compositional,clear,holdout,association_only,2,1.0,0.0,4,1.0,2.0,6
100,compositional,clear,holdout,clustering,9,0.0,,9,0.0,,0
100,compositional,clear,holdout,competing_models,2,1.0,0.0,9,0.0,,6
100,compositional,clear,holdout,context_oracle,0,1.0,-2.0,9,0.0,,8
100,compositional,clear,holdout,delta_only,2,1.0,0.0,9,0.0,,6
100,compositional,clear,holdout,frequency,9,0.0,,9,0.0,,0
100,compositional,clear,holdout,mdi,2,1.0,0.0,9,0.0,,6
100,compositional,clear,holdout,mdi_decay0,2,1.0,0.0,4,1.0,2.0,6
100,compositional,clear,holdout,mdi_decay020,2,1.0,0.0,9,0.0,,6
100,compositional,clear,holdout,mdi_no_novelty,2,1.0,0.0,6,1.0,4.0,6
100,compositional,clear,holdout,mdi_original,2,1.0,0.0,7,1.0,5.0,6
100,compositional,clear,holdout,mdi_reset,9,0.0,,9,0.0,,0
100,compositional,clear,holdout,mdi_with_delta,2,1.0,0.0,9,0.0,,6
100,compositional,clear,holdout,predicate_match,2,1.0,0.0,9,0.0,,6
100,compositional,clear,holdout,random,9,0.0,,9,0.0,,0
100,compositional,clear,holdout,recurrence,9,0.0,,9,0.0,,0
100,compositional,clear,holdout,similarity,9,0.0,,9,0.0,,0
100,compositional,clear,holdout,value_profile,2,1.0,0.0,9,0.0,,6
100,compositional,detour,exposed,association_only,9,0.0,,9,0.0,,0
100,compositional,detour,exposed,clustering,9,0.0,,9,0.0,,0
100,compositional,detour,exposed,competing_models,2,1.0,0.0,9,0.0,,6
100,compositional,detour,exposed,context_oracle,0,1.0,-2.0,9,0.0,,8
100,compositional,detour,exposed,delta_only,2,1.0,0.0,9,0.0,,6
100,compositional,detour,exposed,frequency,9,0.0,,9,0.0,,0
100,compositional,detour,exposed,mdi,2,1.0,0.0,9,0.0,,6
100,compositional,detour,exposed,mdi_decay0,2,1.0,0.0,9,0.0,,6
100,compositional,detour,exposed,mdi_decay020,2,1.0,0.0,9,0.0,,6
100,compositional,detour,exposed,mdi_no_novelty,8,1.0,6.0,9,0.0,,0
100,compositional,detour,exposed,mdi_original,9,0.0,,9,0.0,,0
100,compositional,detour,exposed,mdi_reset,9,0.0,,9,0.0,,0
100,compositional,detour,exposed,mdi_with_delta,9,0.0,,9,0.0,,0
100,compositional,detour,exposed,predicate_match,2,1.0,0.0,9,0.0,,6
100,compositional,detour,exposed,random,9,0.0,,9,0.0,,0
100,compositional,detour,exposed,recurrence,8,1.0,6.0,9,0.0,,0
100,compositional,detour,exposed,similarity,9,0.0,,9,0.0,,0
100,compositional,detour,exposed,value_profile,8,1.0,6.0,9,0.0,,0
100,compositional,detour,holdout,association_only,9,0.0,,9,0.0,,0
100,compositional,detour,holdout,clustering,9,0.0,,9,0.0,,0
100,compositional,detour,holdout,competing_models,2,1.0,0.0,9,0.0,,6
100,compositional,detour,holdout,context_oracle,0,1.0,-2.0,9,0.0,,8
100,compositional,detour,holdout,delta_only,2,1.0,0.0,9,0.0,,6
100,compositional,detour,holdout,frequency,9,0.0,,9,0.0,,0
100,compositional,detour,holdout,mdi,8,1.0,6.0,9,0.0,,0
100,compositional,detour,holdout,mdi_decay0,2,1.0,0.0,9,0.0,,6
100,compositional,detour,holdout,mdi_decay020,8,1.0,6.0,9,0.0,,0
100,compositional,detour,holdout,mdi_no_novelty,8,1.0,6.0,9,0.0,,0
100,compositional,detour,holdout,mdi_original,9,0.0,,9,0.0,,0
100,compositional,detour,holdout,mdi_reset,9,0.0,,9,0.0,,0
100,compositional,detour,holdout,mdi_with_delta,9,0.0,,9,0.0,,0
100,compositional,detour,holdout,predicate_match,2,1.0,0.0,9,0.0,,6
100,compositional,detour,holdout,random,9,0.0,,9,0.0,,0
100,compositional,detour,holdout,recurrence,9,0.0,,9,0.0,,0
100,compositional,detour,holdout,similarity,9,0.0,,9,0.0,,0
100,compositional,detour,holdout,value_profile,9,0.0,,9,0.0,,0
100,compositional,null,exposed,association_only,9,0.0,,9,0.0,,0
100,compositional,null,exposed,clustering,9,0.0,,9,0.0,,0
100,compositional,null,exposed,competing_models,9,0.0,,9,0.0,,0
100,compositional,null,exposed,context_oracle,0,1.0,,9,0.0,,8
100,compositional,null,exposed,delta_only,9,0.0,,9,0.0,,0
100,compositional,null,exposed,frequency,9,0.0,,9,0.0,,0
100,compositional,null,exposed,mdi,9,0.0,,9,0.0,,0
100,compositional,null,exposed,mdi_decay0,9,0.0,,9,0.0,,0
100,compositional,null,exposed,mdi_decay020,9,0.0,,9,0.0,,0
100,compositional,null,exposed,mdi_no_novelty,9,0.0,,9,0.0,,0
100,compositional,null,exposed,mdi_original,9,0.0,,9,0.0,,0
100,compositional,null,exposed,mdi_reset,9,0.0,,9,0.0,,0
100,compositional,null,exposed,mdi_with_delta,9,0.0,,9,0.0,,0
100,compositional,null,exposed,predicate_match,9,0.0,,9,0.0,,0
100,compositional,null,exposed,random,9,0.0,,9,0.0,,0
100,compositional,null,exposed,recurrence,9,0.0,,9,0.0,,0
100,compositional,null,exposed,similarity,9,0.0,,9,0.0,,0
100,compositional,null,exposed,value_profile,9,0.0,,9,0.0,,0
100,compositional,null,holdout,association_only,9,0.0,,9,0.0,,0
100,compositional,null,holdout,clustering,9,0.0,,9,0.0,,0
100,compositional,null,holdout,competing_models,9,0.0,,9,0.0,,0
100,compositional,null,holdout,context_oracle,0,1.0,,9,0.0,,8
100,compositional,null,holdout,delta_only,9,0.0,,9,0.0,,0
100,compositional,null,holdout,frequency,9,0.0,,9,0.0,,0
100,compositional,null,holdout,mdi,9,0.0,,9,0.0,,0
100,compositional,null,holdout,mdi_decay0,9,0.0,,9,0.0,,0
100,compositional,null,holdout,mdi_decay020,9,0.0,,9,0.0,,0
100,compositional,null,holdout,mdi_no_novelty,9,0.0,,9,0.0,,0
100,compositional,null,holdout,mdi_original,9,0.0,,9,0.0,,0
100,compositional,null,holdout,mdi_reset,9,0.0,,9,0.0,,0
100,compositional,null,holdout,mdi_with_delta,9,0.0,,9,0.0,,0
100,compositional,null,holdout,predicate_match,9,0.0,,9,0.0,,0
100,compositional,null,holdout,random,9,0.0,,9,0.0,,0
100,compositional,null,holdout,recurrence,9,0.0,,9,0.0,,0
100,compositional,null,holdout,similarity,9,0.0,,9,0.0,,0
100,compositional,null,holdout,value_profile,9,0.0,,9,0.0,,0
100,compositional,switch,exposed,association_only,7,1.0,2.0,8,1.0,3.0,1
100,compositional,switch,exposed,clustering,9,0.0,,9,0.0,,0
100,compositional,switch,exposed,competing_models,7,1.0,2.0,9,0.0,,1
100,compositional,switch,exposed,context_oracle,0,1.0,-5.0,9,0.0,,8
100,compositional,switch,exposed,delta_only,9,0.0,,9,0.0,,0
100,compositional,switch,exposed,frequency,9,0.0,,9,0.0,,0
100,compositional,switch,exposed,mdi,7,1.0,2.0,7,1.0,2.0,1
100,compositional,switch,exposed,mdi_decay0,8,1.0,3.0,8,1.0,3.0,0
100,compositional,switch,exposed,mdi_decay020,6,1.0,1.0,7,1.0,2.0,2
100,compositional,switch,exposed,mdi_no_novelty,7,1.0,2.0,8,1.0,3.0,1
100,compositional,switch,exposed,mdi_original,8,1.0,3.0,9,0.0,,0
100,compositional,switch,exposed,mdi_reset,9,0.0,,9,0.0,,0
100,compositional,switch,exposed,mdi_with_delta,7,1.0,2.0,9,0.0,,1
100,compositional,switch,exposed,predicate_match,7,1.0,2.0,9,0.0,,1
100,compositional,switch,exposed,random,9,0.0,,9,0.0,,0
100,compositional,switch,exposed,recurrence,7,1.0,2.0,9,0.0,,1
100,compositional,switch,exposed,similarity,9,0.0,,9,0.0,,0
100,compositional,switch,exposed,value_profile,7,1.0,2.0,9,0.0,,1
100,compositional,switch,holdout,association_only,8,1.0,3.0,9,0.0,,0
100,compositional,switch,holdout,clustering,9,0.0,,9,0.0,,0
100,compositional,switch,holdout,competing_models,7,1.0,2.0,9,0.0,,1
100,compositional,switch,holdout,context_oracle,0,1.0,-5.0,9,0.0,,8
100,compositional,switch,holdout,delta_only,9,0.0,,9,0.0,,0
100,compositional,switch,holdout,frequency,9,0.0,,9,0.0,,0
100,compositional,switch,holdout,mdi,7,1.0,2.0,7,1.0,2.0,1
100,compositional,switch,holdout,mdi_decay0,8,1.0,3.0,9,0.0,,0
100,compositional,switch,holdout,mdi_decay020,6,1.0,1.0,7,1.0,2.0,2
100,compositional,switch,holdout,mdi_no_novelty,7,1.0,2.0,8,1.0,3.0,1
100,compositional,switch,holdout,mdi_original,7,1.0,2.0,9,0.0,,1
100,compositional,switch,holdout,mdi_reset,9,0.0,,9,0.0,,0
100,compositional,switch,holdout,mdi_with_delta,7,1.0,2.0,9,0.0,,1
100,compositional,switch,holdout,predicate_match,7,1.0,2.0,9,0.0,,1
100,compositional,switch,holdout,random,9,0.0,,9,0.0,,0
100,compositional,switch,holdout,recurrence,9,0.0,,9,0.0,,0
100,compositional,switch,holdout,similarity,9,0.0,,9,0.0,,0
100,compositional,switch,holdout,value_profile,7,1.0,2.0,7,1.0,2.0,1
100,distributional,ambiguous,exposed,association_only,6,1.0,0.0,6,1.0,0.0,2
100,distributional,ambiguous,exposed,clustering,9,0.0,,9,0.0,,0
100,distributional,ambiguous,exposed,competing_models,6,1.0,0.0,9,0.0,,2
100,distributional,ambiguous,exposed,context_oracle,0,1.0,-6.0,9,0.0,,8
100,distributional,ambiguous,exposed,delta_only,6,1.0,0.0,9,0.0,,2
100,distributional,ambiguous,exposed,frequency,9,0.0,,9,0.0,,0
100,distributional,ambiguous,exposed,mdi,6,1.0,0.0,8,1.0,2.0,2
100,distributional,ambiguous,exposed,mdi_decay0,6,1.0,0.0,8,1.0,2.0,2
100,distributional,ambiguous,exposed,mdi_decay020,6,1.0,0.0,7,1.0,1.0,2
100,distributional,ambiguous,exposed,mdi_no_novelty,6,1.0,0.0,6,1.0,0.0,2
100,distributional,ambiguous,exposed,mdi_original,9,0.0,,9,0.0,,0
100,distributional,ambiguous,exposed,mdi_reset,9,0.0,,9,0.0,,0
100,distributional,ambiguous,exposed,mdi_with_delta,6,1.0,0.0,6,1.0,0.0,2
100,distributional,ambiguous,exposed,predicate_match,6,1.0,0.0,7,1.0,1.0,2
100,distributional,ambiguous,exposed,random,9,0.0,,9,0.0,,0
100,distributional,ambiguous,exposed,recurrence,6,1.0,0.0,8,1.0,2.0,2
100,distributional,ambiguous,exposed,similarity,9,0.0,,9,0.0,,0
100,distributional,ambiguous,exposed,value_profile,6,1.0,0.0,6,1.0,0.0,2
100,distributional,ambiguous,holdout,association_only,6,1.0,0.0,6,1.0,0.0,2
100,distributional,ambiguous,holdout,clustering,9,0.0,,9,0.0,,0
100,distributional,ambiguous,holdout,competing_models,7,1.0,1.0,7,1.0,1.0,1
100,distributional,ambiguous,holdout,context_oracle,0,1.0,-6.0,9,0.0,,8
100,distributional,ambiguous,holdout,delta_only,6,1.0,0.0,9,0.0,,2
100,distributional,ambiguous,holdout,frequency,9,0.0,,9,0.0,,0
100,distributional,ambiguous,holdout,mdi,6,1.0,0.0,6,1.0,0.0,2
100,distributional,ambiguous,holdout,mdi_decay0,6,1.0,0.0,7,1.0,1.0,2
100,distributional,ambiguous,holdout,mdi_decay020,6,1.0,0.0,6,1.0,0.0,2
100,distributional,ambiguous,holdout,mdi_no_novelty,6,1.0,0.0,7,1.0,1.0,2
100,distributional,ambiguous,holdout,mdi_original,9,0.0,,9,0.0,,0
100,distributional,ambiguous,holdout,mdi_reset,9,0.0,,9,0.0,,0
100,distributional,ambiguous,holdout,mdi_with_delta,6,1.0,0.0,7,1.0,1.0,2
100,distributional,ambiguous,holdout,predicate_match,6,1.0,0.0,7,1.0,1.0,2
100,distributional,ambiguous,holdout,random,9,0.0,,9,0.0,,0
100,distributional,ambiguous,holdout,recurrence,9,0.0,,9,0.0,,0
100,distributional,ambiguous,holdout,similarity,9,0.0,,9,0.0,,0
100,distributional,ambiguous,holdout,value_profile,6,1.0,0.0,9,0.0,,2
100,distributional,clear,exposed,association_only,2,1.0,0.0,9,0.0,,6
100,distributional,clear,exposed,clustering,9,0.0,,9,0.0,,0
100,distributional,clear,exposed,competing_models,2,1.0,0.0,9,0.0,,6
100,distributional,clear,exposed,context_oracle,0,1.0,-2.0,9,0.0,,8
100,distributional,clear,exposed,delta_only,2,1.0,0.0,9,0.0,,6
100,distributional,clear,exposed,frequency,9,0.0,,9,0.0,,0
100,distributional,clear,exposed,mdi,2,1.0,0.0,9,0.0,,6
100,distributional,clear,exposed,mdi_decay0,2,1.0,0.0,9,0.0,,6
100,distributional,clear,exposed,mdi_decay020,2,1.0,0.0,9,0.0,,6
100,distributional,clear,exposed,mdi_no_novelty,2,1.0,0.0,9,0.0,,6
100,distributional,clear,exposed,mdi_original,9,0.0,,9,0.0,,0
100,distributional,clear,exposed,mdi_reset,9,0.0,,9,0.0,,0
100,distributional,clear,exposed,mdi_with_delta,2,1.0,0.0,8,1.0,6.0,6
100,distributional,clear,exposed,predicate_match,2,1.0,0.0,3,1.0,1.0,6
100,distributional,clear,exposed,random,9,0.0,,9,0.0,,0
100,distributional,clear,exposed,recurrence,2,1.0,0.0,4,1.0,2.0,6
100,distributional,clear,exposed,similarity,9,0.0,,9,0.0,,0
100,distributional,clear,exposed,value_profile,2,1.0,0.0,9,0.0,,6
100,distributional,clear,holdout,association_only,2,1.0,0.0,9,0.0,,6
100,distributional,clear,holdout,clustering,9,0.0,,9,0.0,,0
100,distributional,clear,holdout,competing_models,2,1.0,0.0,9,0.0,,6
100,distributional,clear,holdout,context_oracle,0,1.0,-2.0,9,0.0,,8
100,distributional,clear,holdout,delta_only,2,1.0,0.0,9,0.0,,6
100,distributional,clear,holdout,frequency,9,0.0,,9,0.0,,0
100,distributional,clear,holdout,mdi,2,1.0,0.0,9,0.0,,6
100,distributional,clear,holdout,mdi_decay0,2,1.0,0.0,9,0.0,,6
100,distributional,clear,holdout,mdi_decay020,2,1.0,0.0,9,0.0,,6
100,distributional,clear,holdout,mdi_no_novelty,2,1.0,0.0,9,0.0,,6
100,distributional,clear,holdout,mdi_original,9,0.0,,9,0.0,,0
100,distributional,clear,holdout,mdi_reset,9,0.0,,9,0.0,,0
100,distributional,clear,holdout,mdi_with_delta,2,1.0,0.0,9,0.0,,6
100,distributional,clear,holdout,predicate_match,2,1.0,0.0,3,1.0,1.0,6
100,distributional,clear,holdout,random,9,0.0,,9,0.0,,0
100,distributional,clear,holdout,recurrence,9,0.0,,9,0.0,,0
100,distributional,clear,holdout,similarity,9,0.0,,9,0.0,,0
100,distributional,clear,holdout,value_profile,2,1.0,0.0,9,0.0,,6
100,distributional,detour,exposed,association_only,2,1.0,0.0,2,1.0,0.0,6
100,distributional,detour,exposed,clustering,9,0.0,,9,0.0,,0
100,distributional,detour,exposed,competing_models,2,1.0,0.0,2,1.0,0.0,6
100,distributional,detour,exposed,context_oracle,0,1.0,-2.0,9,0.0,,8
100,distributional,detour,exposed,delta_only,2,1.0,0.0,9,0.0,,6
100,distributional,detour,exposed,frequency,9,0.0,,9,0.0,,0
100,distributional,detour,exposed,mdi,2,1.0,0.0,9,0.0,,6
100,distributional,detour,exposed,mdi_decay0,2,1.0,0.0,9,0.0,,6
100,distributional,detour,exposed,mdi_decay020,2,1.0,0.0,9,0.0,,6
100,distributional,detour,exposed,mdi_no_novelty,2,1.0,0.0,2,1.0,0.0,6
100,distributional,detour,exposed,mdi_original,9,0.0,,9,0.0,,0
100,distributional,detour,exposed,mdi_reset,9,0.0,,9,0.0,,0
100,distributional,detour,exposed,mdi_with_delta,2,1.0,0.0,9,0.0,,6
100,distributional,detour,exposed,predicate_match,2,1.0,0.0,3,1.0,1.0,6
100,distributional,detour,exposed,random,9,0.0,,9,0.0,,0
100,distributional,detour,exposed,recurrence,2,1.0,0.0,9,0.0,,6
100,distributional,detour,exposed,similarity,9,0.0,,9,0.0,,0
100,distributional,detour,exposed,value_profile,2,1.0,0.0,2,1.0,0.0,6
100,distributional,detour,holdout,association_only,2,1.0,0.0,9,0.0,,6
100,distributional,detour,holdout,clustering,9,0.0,,9,0.0,,0
100,distributional,detour,holdout,competing_models,2,1.0,0.0,9,0.0,,6
100,distributional,detour,holdout,context_oracle,0,1.0,-2.0,9,0.0,,8
100,distributional,detour,holdout,delta_only,2,1.0,0.0,9,0.0,,6
100,distributional,detour,holdout,frequency,9,0.0,,9,0.0,,0
100,distributional,detour,holdout,mdi,2,1.0,0.0,9,0.0,,6
100,distributional,detour,holdout,mdi_decay0,2,1.0,0.0,9,0.0,,6
100,distributional,detour,holdout,mdi_decay020,2,1.0,0.0,9,0.0,,6
100,distributional,detour,holdout,mdi_no_novelty,2,1.0,0.0,9,0.0,,6
100,distributional,detour,holdout,mdi_original,9,0.0,,9,0.0,,0
100,distributional,detour,holdout,mdi_reset,9,0.0,,9,0.0,,0
100,distributional,detour,holdout,mdi_with_delta,2,1.0,0.0,9,0.0,,6
100,distributional,detour,holdout,predicate_match,2,1.0,0.0,3,1.0,1.0,6
100,distributional,detour,holdout,random,9,0.0,,9,0.0,,0
100,distributional,detour,holdout,recurrence,9,0.0,,9,0.0,,0
100,distributional,detour,holdout,similarity,9,0.0,,9,0.0,,0
100,distributional,detour,holdout,value_profile,2,1.0,0.0,9,0.0,,6
100,distributional,null,exposed,association_only,9,0.0,,9,0.0,,0
100,distributional,null,exposed,clustering,9,0.0,,9,0.0,,0
100,distributional,null,exposed,competing_models,9,0.0,,9,0.0,,0
100,distributional,null,exposed,context_oracle,0,1.0,,9,0.0,,8
100,distributional,null,exposed,delta_only,9,0.0,,9,0.0,,0
100,distributional,null,exposed,frequency,9,0.0,,9,0.0,,0
100,distributional,null,exposed,mdi,9,0.0,,9,0.0,,0
100,distributional,null,exposed,mdi_decay0,9,0.0,,9,0.0,,0
100,distributional,null,exposed,mdi_decay020,9,0.0,,9,0.0,,0
100,distributional,null,exposed,mdi_no_novelty,9,0.0,,9,0.0,,0
100,distributional,null,exposed,mdi_original,9,0.0,,9,0.0,,0
100,distributional,null,exposed,mdi_reset,9,0.0,,9,0.0,,0
100,distributional,null,exposed,mdi_with_delta,9,0.0,,9,0.0,,0
100,distributional,null,exposed,predicate_match,9,0.0,,9,0.0,,0
100,distributional,null,exposed,random,9,0.0,,9,0.0,,0
100,distributional,null,exposed,recurrence,9,0.0,,9,0.0,,0
100,distributional,null,exposed,similarity,9,0.0,,9,0.0,,0
100,distributional,null,exposed,value_profile,9,0.0,,9,0.0,,0
100,distributional,null,holdout,association_only,9,0.0,,9,0.0,,0
100,distributional,null,holdout,clustering,9,0.0,,9,0.0,,0
100,distributional,null,holdout,competing_models,9,0.0,,9,0.0,,0
100,distributional,null,holdout,context_oracle,0,1.0,,9,0.0,,8
100,distributional,null,holdout,delta_only,9,0.0,,9,0.0,,0
100,distributional,null,holdout,frequency,9,0.0,,9,0.0,,0
100,distributional,null,holdout,mdi,9,0.0,,9,0.0,,0
100,distributional,null,holdout,mdi_decay0,9,0.0,,9,0.0,,0
100,distributional,null,holdout,mdi_decay020,9,0.0,,9,0.0,,0
100,distributional,null,holdout,mdi_no_novelty,9,0.0,,9,0.0,,0
100,distributional,null,holdout,mdi_original,9,0.0,,9,0.0,,0
100,distributional,null,holdout,mdi_reset,9,0.0,,9,0.0,,0
100,distributional,null,holdout,mdi_with_delta,9,0.0,,9,0.0,,0
100,distributional,null,holdout,predicate_match,9,0.0,,9,0.0,,0
100,distributional,null,holdout,random,9,0.0,,9,0.0,,0
100,distributional,null,holdout,recurrence,9,0.0,,9,0.0,,0
100,distributional,null,holdout,similarity,9,0.0,,9,0.0,,0
100,distributional,null,holdout,value_profile,9,0.0,,9,0.0,,0
100,distributional,switch,exposed,association_only,8,1.0,3.0,9,0.0,,0
100,distributional,switch,exposed,clustering,9,0.0,,9,0.0,,0
100,distributional,switch,exposed,competing_models,7,1.0,2.0,7,1.0,2.0,1
100,distributional,switch,exposed,context_oracle,0,1.0,-5.0,9,0.0,,8
100,distributional,switch,exposed,delta_only,9,0.0,,9,0.0,,0
100,distributional,switch,exposed,frequency,9,0.0,,9,0.0,,0
100,distributional,switch,exposed,mdi,7,1.0,2.0,9,0.0,,1
100,distributional,switch,exposed,mdi_decay0,8,1.0,3.0,9,0.0,,0
100,distributional,switch,exposed,mdi_decay020,6,1.0,1.0,9,0.0,,2
100,distributional,switch,exposed,mdi_no_novelty,7,1.0,2.0,8,1.0,3.0,1
100,distributional,switch,exposed,mdi_original,9,0.0,,9,0.0,,0
100,distributional,switch,exposed,mdi_reset,9,0.0,,9,0.0,,0
100,distributional,switch,exposed,mdi_with_delta,9,0.0,,9,0.0,,0
100,distributional,switch,exposed,predicate_match,8,1.0,3.0,8,1.0,3.0,0
100,distributional,switch,exposed,random,9,0.0,,9,0.0,,0
100,distributional,switch,exposed,recurrence,9,0.0,,9,0.0,,0
100,distributional,switch,exposed,similarity,9,0.0,,9,0.0,,0
100,distributional,switch,exposed,value_profile,8,1.0,3.0,8,1.0,3.0,0
100,distributional,switch,holdout,association_only,8,1.0,3.0,9,0.0,,0
100,distributional,switch,holdout,clustering,9,0.0,,9,0.0,,0
100,distributional,switch,holdout,competing_models,7,1.0,2.0,7,1.0,2.0,1
100,distributional,switch,holdout,context_oracle,0,1.0,-5.0,9,0.0,,8
100,distributional,switch,holdout,delta_only,9,0.0,,9,0.0,,0
100,distributional,switch,holdout,frequency,9,0.0,,9,0.0,,0
100,distributional,switch,holdout,mdi,8,1.0,3.0,9,0.0,,0
100,distributional,switch,holdout,mdi_decay0,8,1.0,3.0,9,0.0,,0
100,distributional,switch,holdout,mdi_decay020,6,1.0,1.0,9,0.0,,2
100,distributional,switch,holdout,mdi_no_novelty,8,1.0,3.0,9,0.0,,0
100,distributional,switch,holdout,mdi_original,9,0.0,,9,0.0,,0
100,distributional,switch,holdout,mdi_reset,9,0.0,,9,0.0,,0
100,distributional,switch,holdout,mdi_with_delta,9,0.0,,9,0.0,,0
100,distributional,switch,holdout,predicate_match,8,1.0,3.0,8,1.0,3.0,0
100,distributional,switch,holdout,random,9,0.0,,9,0.0,,0
100,distributional,switch,holdout,recurrence,9,0.0,,9,0.0,,0
100,distributional,switch,holdout,similarity,9,0.0,,9,0.0,,0
100,distributional,switch,holdout,value_profile,8,1.0,3.0,8,1.0,3.0,0
100,shared,ambiguous,exposed,association_only,9,0.0,,9,0.0,,0
100,shared,ambiguous,exposed,clustering,9,0.0,,9,0.0,,0
100,shared,ambiguous,exposed,competing_models,9,0.0,,9,0.0,,0
100,shared,ambiguous,exposed,context_oracle,9,0.0,,9,0.0,,0
100,shared,ambiguous,exposed,delta_only,7,1.0,0.0,9,0.0,,1
100,shared,ambiguous,exposed,frequency,9,0.0,,9,0.0,,0
100,shared,ambiguous,exposed,mdi,9,0.0,,9,0.0,,0
100,shared,ambiguous,exposed,mdi_decay0,9,0.0,,9,0.0,,0
100,shared,ambiguous,exposed,mdi_decay020,9,0.0,,9,0.0,,0
100,shared,ambiguous,exposed,mdi_no_novelty,9,0.0,,9,0.0,,0
100,shared,ambiguous,exposed,mdi_original,9,0.0,,9,0.0,,0
100,shared,ambiguous,exposed,mdi_reset,9,0.0,,9,0.0,,0
100,shared,ambiguous,exposed,mdi_with_delta,9,0.0,,9,0.0,,0
100,shared,ambiguous,exposed,predicate_match,7,1.0,0.0,9,0.0,,1
100,shared,ambiguous,exposed,random,9,0.0,,9,0.0,,0
100,shared,ambiguous,exposed,recurrence,7,1.0,0.0,9,0.0,,1
100,shared,ambiguous,exposed,similarity,9,0.0,,9,0.0,,0
100,shared,ambiguous,exposed,value_profile,9,0.0,,9,0.0,,0
100,shared,ambiguous,holdout,association_only,9,0.0,,9,0.0,,0
100,shared,ambiguous,holdout,clustering,9,0.0,,9,0.0,,0
100,shared,ambiguous,holdout,competing_models,9,0.0,,9,0.0,,0
100,shared,ambiguous,holdout,context_oracle,9,0.0,,9,0.0,,0
100,shared,ambiguous,holdout,delta_only,7,1.0,0.0,9,0.0,,1
100,shared,ambiguous,holdout,frequency,9,0.0,,9,0.0,,0
100,shared,ambiguous,holdout,mdi,9,0.0,,9,0.0,,0
100,shared,ambiguous,holdout,mdi_decay0,9,0.0,,9,0.0,,0
100,shared,ambiguous,holdout,mdi_decay020,9,0.0,,9,0.0,,0
100,shared,ambiguous,holdout,mdi_no_novelty,9,0.0,,9,0.0,,0
100,shared,ambiguous,holdout,mdi_original,9,0.0,,9,0.0,,0
100,shared,ambiguous,holdout,mdi_reset,9,0.0,,9,0.0,,0
100,shared,ambiguous,holdout,mdi_with_delta,8,1.0,1.0,9,0.0,,0
100,shared,ambiguous,holdout,predicate_match,7,1.0,0.0,9,0.0,,1
100,shared,ambiguous,holdout,random,9,0.0,,9,0.0,,0
100,shared,ambiguous,holdout,recurrence,9,0.0,,9,0.0,,0
100,shared,ambiguous,holdout,similarity,9,0.0,,9,0.0,,0
100,shared,ambiguous,holdout,value_profile,8,1.0,1.0,9,0.0,,0
100,shared,clear,exposed,association_only,9,0.0,,9,0.0,,0
100,shared,clear,exposed,clustering,9,0.0,,9,0.0,,0
100,shared,clear,exposed,competing_models,9,0.0,,9,0.0,,0
100,shared,clear,exposed,context_oracle,9,0.0,,9,0.0,,0
100,shared,clear,exposed,delta_only,4,1.0,1.0,5,1.0,2.0,4
100,shared,clear,exposed,frequency,9,0.0,,9,0.0,,0
100,shared,clear,exposed,mdi,9,0.0,,9,0.0,,0
100,shared,clear,exposed,mdi_decay0,9,0.0,,9,0.0,,0
100,shared,clear,exposed,mdi_decay020,9,0.0,,9,0.0,,0
100,shared,clear,exposed,mdi_no_novelty,9,0.0,,9,0.0,,0
100,shared,clear,exposed,mdi_original,9,0.0,,9,0.0,,0
100,shared,clear,exposed,mdi_reset,9,0.0,,9,0.0,,0
100,shared,clear,exposed,mdi_with_delta,9,0.0,,9,0.0,,0
100,shared,clear,exposed,predicate_match,3,1.0,0.0,5,1.0,2.0,5
100,shared,clear,exposed,random,9,0.0,,9,0.0,,0
100,shared,clear,exposed,recurrence,3,1.0,0.0,6,1.0,3.0,5
100,shared,clear,exposed,similarity,9,0.0,,9,0.0,,0
100,shared,clear,exposed,value_profile,9,0.0,,9,0.0,,0
100,shared,clear,holdout,association_only,9,0.0,,9,0.0,,0
100,shared,clear,holdout,clustering,9,0.0,,9,0.0,,0
100,shared,clear,holdout,competing_models,4,1.0,1.0,9,0.0,,4
100,shared,clear,holdout,context_oracle,9,0.0,,9,0.0,,0
100,shared,clear,holdout,delta_only,3,1.0,0.0,9,0.0,,5
100,shared,clear,holdout,frequency,9,0.0,,9,0.0,,0
100,shared,clear,holdout,mdi,4,1.0,1.0,9,0.0,,4
100,shared,clear,holdout,mdi_decay0,4,1.0,1.0,9,0.0,,4
100,shared,clear,holdout,mdi_decay020,4,1.0,1.0,9,0.0,,4
100,shared,clear,holdout,mdi_no_novelty,5,1.0,2.0,9,0.0,,3
100,shared,clear,holdout,mdi_original,9,0.0,,9,0.0,,0
100,shared,clear,holdout,mdi_reset,9,0.0,,9,0.0,,0
100,shared,clear,holdout,mdi_with_delta,4,1.0,1.0,9,0.0,,4
100,shared,clear,holdout,predicate_match,3,1.0,0.0,5,1.0,2.0,5
100,shared,clear,holdout,random,9,0.0,,9,0.0,,0
100,shared,clear,holdout,recurrence,9,0.0,,9,0.0,,0
100,shared,clear,holdout,similarity,9,0.0,,9,0.0,,0
100,shared,clear,holdout,value_profile,5,1.0,2.0,9,0.0,,3
100,shared,detour,exposed,association_only,9,0.0,,9,0.0,,0
100,shared,detour,exposed,clustering,9,0.0,,9,0.0,,0
100,shared,detour,exposed,competing_models,9,0.0,,9,0.0,,0
100,shared,detour,exposed,context_oracle,9,0.0,,9,0.0,,0
100,shared,detour,exposed,delta_only,9,0.0,,9,0.0,,0
100,shared,detour,exposed,frequency,9,0.0,,9,0.0,,0
100,shared,detour,exposed,mdi,9,0.0,,9,0.0,,0
100,shared,detour,exposed,mdi_decay0,9,0.0,,9,0.0,,0
100,shared,detour,exposed,mdi_decay020,9,0.0,,9,0.0,,0
100,shared,detour,exposed,mdi_no_novelty,9,0.0,,9,0.0,,0
100,shared,detour,exposed,mdi_original,9,0.0,,9,0.0,,0
100,shared,detour,exposed,mdi_reset,9,0.0,,9,0.0,,0
100,shared,detour,exposed,mdi_with_delta,9,0.0,,9,0.0,,0
100,shared,detour,exposed,predicate_match,3,1.0,0.0,9,0.0,,5
100,shared,detour,exposed,random,9,0.0,,9,0.0,,0
100,shared,detour,exposed,recurrence,9,0.0,,9,0.0,,0
100,shared,detour,exposed,similarity,9,0.0,,9,0.0,,0
100,shared,detour,exposed,value_profile,9,0.0,,9,0.0,,0
100,shared,detour,holdout,association_only,9,0.0,,9,0.0,,0
100,shared,detour,holdout,clustering,9,0.0,,9,0.0,,0
100,shared,detour,holdout,competing_models,9,0.0,,9,0.0,,0
100,shared,detour,holdout,context_oracle,9,0.0,,9,0.0,,0
100,shared,detour,holdout,delta_only,9,0.0,,9,0.0,,0
100,shared,detour,holdout,frequency,9,0.0,,9,0.0,,0
100,shared,detour,holdout,mdi,9,0.0,,9,0.0,,0
100,shared,detour,holdout,mdi_decay0,9,0.0,,9,0.0,,0
100,shared,detour,holdout,mdi_decay020,9,0.0,,9,0.0,,0
100,shared,detour,holdout,mdi_no_novelty,9,0.0,,9,0.0,,0
100,shared,detour,holdout,mdi_original,9,0.0,,9,0.0,,0
100,shared,detour,holdout,mdi_reset,9,0.0,,9,0.0,,0
100,shared,detour,holdout,mdi_with_delta,9,0.0,,9,0.0,,0
100,shared,detour,holdout,predicate_match,3,1.0,0.0,9,0.0,,5
100,shared,detour,holdout,random,9,0.0,,9,0.0,,0
100,shared,detour,holdout,recurrence,9,0.0,,9,0.0,,0
100,shared,detour,holdout,similarity,9,0.0,,9,0.0,,0
100,shared,detour,holdout,value_profile,9,0.0,,9,0.0,,0
100,shared,null,exposed,association_only,9,0.0,,9,0.0,,0
100,shared,null,exposed,clustering,9,0.0,,9,0.0,,0
100,shared,null,exposed,competing_models,9,0.0,,9,0.0,,0
100,shared,null,exposed,context_oracle,9,0.0,,9,0.0,,0
100,shared,null,exposed,delta_only,9,0.0,,9,0.0,,0
100,shared,null,exposed,frequency,9,0.0,,9,0.0,,0
100,shared,null,exposed,mdi,9,0.0,,9,0.0,,0
100,shared,null,exposed,mdi_decay0,9,0.0,,9,0.0,,0
100,shared,null,exposed,mdi_decay020,9,0.0,,9,0.0,,0
100,shared,null,exposed,mdi_no_novelty,9,0.0,,9,0.0,,0
100,shared,null,exposed,mdi_original,9,0.0,,9,0.0,,0
100,shared,null,exposed,mdi_reset,9,0.0,,9,0.0,,0
100,shared,null,exposed,mdi_with_delta,9,0.0,,9,0.0,,0
100,shared,null,exposed,predicate_match,9,0.0,,9,0.0,,0
100,shared,null,exposed,random,9,0.0,,9,0.0,,0
100,shared,null,exposed,recurrence,9,0.0,,9,0.0,,0
100,shared,null,exposed,similarity,9,0.0,,9,0.0,,0
100,shared,null,exposed,value_profile,9,0.0,,9,0.0,,0
100,shared,null,holdout,association_only,9,0.0,,9,0.0,,0
100,shared,null,holdout,clustering,9,0.0,,9,0.0,,0
100,shared,null,holdout,competing_models,9,0.0,,9,0.0,,0
100,shared,null,holdout,context_oracle,9,0.0,,9,0.0,,0
100,shared,null,holdout,delta_only,9,0.0,,9,0.0,,0
100,shared,null,holdout,frequency,9,0.0,,9,0.0,,0
100,shared,null,holdout,mdi,9,0.0,,9,0.0,,0
100,shared,null,holdout,mdi_decay0,9,0.0,,9,0.0,,0
100,shared,null,holdout,mdi_decay020,9,0.0,,9,0.0,,0
100,shared,null,holdout,mdi_no_novelty,9,0.0,,9,0.0,,0
100,shared,null,holdout,mdi_original,9,0.0,,9,0.0,,0
100,shared,null,holdout,mdi_reset,9,0.0,,9,0.0,,0
100,shared,null,holdout,mdi_with_delta,9,0.0,,9,0.0,,0
100,shared,null,holdout,predicate_match,9,0.0,,9,0.0,,0
100,shared,null,holdout,random,9,0.0,,9,0.0,,0
100,shared,null,holdout,recurrence,9,0.0,,9,0.0,,0
100,shared,null,holdout,similarity,9,0.0,,9,0.0,,0
100,shared,null,holdout,value_profile,9,0.0,,9,0.0,,0
100,shared,switch,exposed,association_only,9,0.0,,9,0.0,,0
100,shared,switch,exposed,clustering,9,0.0,,9,0.0,,0
100,shared,switch,exposed,competing_models,9,0.0,,9,0.0,,0
100,shared,switch,exposed,context_oracle,9,0.0,,9,0.0,,0
100,shared,switch,exposed,delta_only,8,1.0,2.0,9,0.0,,0
100,shared,switch,exposed,frequency,9,0.0,,9,0.0,,0
100,shared,switch,exposed,mdi,9,0.0,,9,0.0,,0
100,shared,switch,exposed,mdi_decay0,9,0.0,,9,0.0,,0
100,shared,switch,exposed,mdi_decay020,9,0.0,,9,0.0,,0
100,shared,switch,exposed,mdi_no_novelty,9,0.0,,9,0.0,,0
100,shared,switch,exposed,mdi_original,9,0.0,,9,0.0,,0
100,shared,switch,exposed,mdi_reset,9,0.0,,9,0.0,,0
100,shared,switch,exposed,mdi_with_delta,9,0.0,,9,0.0,,0
100,shared,switch,exposed,predicate_match,6,1.0,0.0,8,1.0,2.0,2
100,shared,switch,exposed,random,9,0.0,,9,0.0,,0
100,shared,switch,exposed,recurrence,9,0.0,,9,0.0,,0
100,shared,switch,exposed,similarity,9,0.0,,9,0.0,,0
100,shared,switch,exposed,value_profile,9,0.0,,9,0.0,,0
100,shared,switch,holdout,association_only,9,0.0,,9,0.0,,0
100,shared,switch,holdout,clustering,9,0.0,,9,0.0,,0
100,shared,switch,holdout,competing_models,9,0.0,,9,0.0,,0
100,shared,switch,holdout,context_oracle,9,0.0,,9,0.0,,0
100,shared,switch,holdout,delta_only,8,1.0,2.0,9,0.0,,0
100,shared,switch,holdout,frequency,9,0.0,,9,0.0,,0
100,shared,switch,holdout,mdi,9,0.0,,9,0.0,,0
100,shared,switch,holdout,mdi_decay0,9,0.0,,9,0.0,,0
100,shared,switch,holdout,mdi_decay020,9,0.0,,9,0.0,,0
100,shared,switch,holdout,mdi_no_novelty,9,0.0,,9,0.0,,0
100,shared,switch,holdout,mdi_original,9,0.0,,9,0.0,,0
100,shared,switch,holdout,mdi_reset,9,0.0,,9,0.0,,0
100,shared,switch,holdout,mdi_with_delta,9,0.0,,9,0.0,,0
100,shared,switch,holdout,predicate_match,6,1.0,0.0,8,1.0,2.0,2
100,shared,switch,holdout,random,9,0.0,,9,0.0,,0
100,shared,switch,holdout,recurrence,9,0.0,,9,0.0,,0
100,shared,switch,holdout,similarity,9,0.0,,9,0.0,,0
100,shared,switch,holdout,value_profile,9,0.0,,9,0.0,,0
100,structural,ambiguous,exposed,association_only,6,1.0,0.0,6,1.0,0.0,2
100,structural,ambiguous,exposed,clustering,9,0.0,,9,0.0,,0
100,structural,ambiguous,exposed,competing_models,6,1.0,0.0,6,1.0,0.0,2
100,structural,ambiguous,exposed,context_oracle,0,1.0,-6.0,9,0.0,,8
100,structural,ambiguous,exposed,delta_only,9,0.0,,9,0.0,,0
100,structural,ambiguous,exposed,frequency,9,0.0,,9,0.0,,0
100,structural,ambiguous,exposed,mdi,6,1.0,0.0,6,1.0,0.0,2
100,structural,ambiguous,exposed,mdi_decay0,6,1.0,0.0,6,1.0,0.0,2
100,structural,ambiguous,exposed,mdi_decay020,6,1.0,0.0,6,1.0,0.0,2
100,structural,ambiguous,exposed,mdi_no_novelty,6,1.0,0.0,6,1.0,0.0,2
100,structural,ambiguous,exposed,mdi_original,6,1.0,0.0,6,1.0,0.0,2
100,structural,ambiguous,exposed,mdi_reset,9,0.0,,9,0.0,,0
100,structural,ambiguous,exposed,mdi_with_delta,6,1.0,0.0,6,1.0,0.0,2
100,structural,ambiguous,exposed,predicate_match,6,1.0,0.0,9,0.0,,2
100,structural,ambiguous,exposed,random,9,0.0,,9,0.0,,0
100,structural,ambiguous,exposed,recurrence,6,1.0,0.0,9,0.0,,2
100,structural,ambiguous,exposed,similarity,9,0.0,,9,0.0,,0
100,structural,ambiguous,exposed,value_profile,6,1.0,0.0,6,1.0,0.0,2
100,structural,ambiguous,holdout,association_only,6,1.0,0.0,6,1.0,0.0,2
100,structural,ambiguous,holdout,clustering,9,0.0,,9,0.0,,0
100,structural,ambiguous,holdout,competing_models,6,1.0,0.0,6,1.0,0.0,2
100,structural,ambiguous,holdout,context_oracle,0,1.0,-6.0,9,0.0,,8
100,structural,ambiguous,holdout,delta_only,9,0.0,,9,0.0,,0
100,structural,ambiguous,holdout,frequency,9,0.0,,9,0.0,,0
100,structural,ambiguous,holdout,mdi,6,1.0,0.0,6,1.0,0.0,2
100,structural,ambiguous,holdout,mdi_decay0,6,1.0,0.0,7,1.0,1.0,2
100,structural,ambiguous,holdout,mdi_decay020,6,1.0,0.0,6,1.0,0.0,2
100,structural,ambiguous,holdout,mdi_no_novelty,6,1.0,0.0,6,1.0,0.0,2
100,structural,ambiguous,holdout,mdi_original,6,1.0,0.0,6,1.0,0.0,2
100,structural,ambiguous,holdout,mdi_reset,9,0.0,,9,0.0,,0
100,structural,ambiguous,holdout,mdi_with_delta,9,0.0,,9,0.0,,0
100,structural,ambiguous,holdout,predicate_match,6,1.0,0.0,9,0.0,,2
100,structural,ambiguous,holdout,random,9,0.0,,9,0.0,,0
100,structural,ambiguous,holdout,recurrence,9,0.0,,9,0.0,,0
100,structural,ambiguous,holdout,similarity,9,0.0,,9,0.0,,0
100,structural,ambiguous,holdout,value_profile,6,1.0,0.0,6,1.0,0.0,2
100,structural,clear,exposed,association_only,2,1.0,0.0,2,1.0,0.0,6
100,structural,clear,exposed,clustering,9,0.0,,9,0.0,,0
100,structural,clear,exposed,competing_models,2,1.0,0.0,2,1.0,0.0,6
100,structural,clear,exposed,context_oracle,0,1.0,-2.0,9,0.0,,8
100,structural,clear,exposed,delta_only,2,1.0,0.0,9,0.0,,6
100,structural,clear,exposed,frequency,9,0.0,,9,0.0,,0
100,structural,clear,exposed,mdi,2,1.0,0.0,2,1.0,0.0,6
100,structural,clear,exposed,mdi_decay0,2,1.0,0.0,2,1.0,0.0,6
100,structural,clear,exposed,mdi_decay020,2,1.0,0.0,2,1.0,0.0,6
100,structural,clear,exposed,mdi_no_novelty,2,1.0,0.0,2,1.0,0.0,6
100,structural,clear,exposed,mdi_original,2,1.0,0.0,2,1.0,0.0,6
100,structural,clear,exposed,mdi_reset,9,0.0,,9,0.0,,0
100,structural,clear,exposed,mdi_with_delta,2,1.0,0.0,2,1.0,0.0,6
100,structural,clear,exposed,predicate_match,2,1.0,0.0,5,1.0,3.0,6
100,structural,clear,exposed,random,9,0.0,,9,0.0,,0
100,structural,clear,exposed,recurrence,2,1.0,0.0,9,0.0,,6
100,structural,clear,exposed,similarity,9,0.0,,9,0.0,,0
100,structural,clear,exposed,value_profile,2,1.0,0.0,2,1.0,0.0,6
100,structural,clear,holdout,association_only,2,1.0,0.0,2,1.0,0.0,6
100,structural,clear,holdout,clustering,9,0.0,,9,0.0,,0
100,structural,clear,holdout,competing_models,2,1.0,0.0,2,1.0,0.0,6
100,structural,clear,holdout,context_oracle,0,1.0,-2.0,9,0.0,,8
100,structural,clear,holdout,delta_only,2,1.0,0.0,9,0.0,,6
100,structural,clear,holdout,frequency,9,0.0,,9,0.0,,0
100,structural,clear,holdout,mdi,2,1.0,0.0,2,1.0,0.0,6
100,structural,clear,holdout,mdi_decay0,2,1.0,0.0,2,1.0,0.0,6
100,structural,clear,holdout,mdi_decay020,2,1.0,0.0,2,1.0,0.0,6
100,structural,clear,holdout,mdi_no_novelty,2,1.0,0.0,2,1.0,0.0,6
100,structural,clear,holdout,mdi_original,2,1.0,0.0,2,1.0,0.0,6
100,structural,clear,holdout,mdi_reset,9,0.0,,9,0.0,,0
100,structural,clear,holdout,mdi_with_delta,2,1.0,0.0,2,1.0,0.0,6
100,structural,clear,holdout,predicate_match,2,1.0,0.0,5,1.0,3.0,6
100,structural,clear,holdout,random,9,0.0,,9,0.0,,0
100,structural,clear,holdout,recurrence,9,0.0,,9,0.0,,0
100,structural,clear,holdout,similarity,9,0.0,,9,0.0,,0
100,structural,clear,holdout,value_profile,2,1.0,0.0,2,1.0,0.0,6
100,structural,detour,exposed,association_only,2,1.0,0.0,2,1.0,0.0,6
100,structural,detour,exposed,clustering,9,0.0,,9,0.0,,0
100,structural,detour,exposed,competing_models,2,1.0,0.0,2,1.0,0.0,6
100,structural,detour,exposed,context_oracle,0,1.0,-2.0,9,0.0,,8
100,structural,detour,exposed,delta_only,2,1.0,0.0,9,0.0,,6
100,structural,detour,exposed,frequency,9,0.0,,9,0.0,,0
100,structural,detour,exposed,mdi,2,1.0,0.0,2,1.0,0.0,6
100,structural,detour,exposed,mdi_decay0,2,1.0,0.0,2,1.0,0.0,6
100,structural,detour,exposed,mdi_decay020,2,1.0,0.0,8,1.0,6.0,6
100,structural,detour,exposed,mdi_no_novelty,2,1.0,0.0,2,1.0,0.0,6
100,structural,detour,exposed,mdi_original,2,1.0,0.0,5,1.0,3.0,6
100,structural,detour,exposed,mdi_reset,9,0.0,,9,0.0,,0
100,structural,detour,exposed,mdi_with_delta,2,1.0,0.0,9,0.0,,6
100,structural,detour,exposed,predicate_match,2,1.0,0.0,3,1.0,1.0,6
100,structural,detour,exposed,random,9,0.0,,9,0.0,,0
100,structural,detour,exposed,recurrence,2,1.0,0.0,9,0.0,,6
100,structural,detour,exposed,similarity,9,0.0,,9,0.0,,0
100,structural,detour,exposed,value_profile,2,1.0,0.0,2,1.0,0.0,6
100,structural,detour,holdout,association_only,2,1.0,0.0,2,1.0,0.0,6
100,structural,detour,holdout,clustering,9,0.0,,9,0.0,,0
100,structural,detour,holdout,competing_models,2,1.0,0.0,2,1.0,0.0,6
100,structural,detour,holdout,context_oracle,0,1.0,-2.0,9,0.0,,8
100,structural,detour,holdout,delta_only,2,1.0,0.0,9,0.0,,6
100,structural,detour,holdout,frequency,9,0.0,,9,0.0,,0
100,structural,detour,holdout,mdi,2,1.0,0.0,2,1.0,0.0,6
100,structural,detour,holdout,mdi_decay0,2,1.0,0.0,2,1.0,0.0,6
100,structural,detour,holdout,mdi_decay020,2,1.0,0.0,8,1.0,6.0,6
100,structural,detour,holdout,mdi_no_novelty,2,1.0,0.0,2,1.0,0.0,6
100,structural,detour,holdout,mdi_original,2,1.0,0.0,8,1.0,6.0,6
100,structural,detour,holdout,mdi_reset,9,0.0,,9,0.0,,0
100,structural,detour,holdout,mdi_with_delta,9,0.0,,9,0.0,,0
100,structural,detour,holdout,predicate_match,2,1.0,0.0,3,1.0,1.0,6
100,structural,detour,holdout,random,9,0.0,,9,0.0,,0
100,structural,detour,holdout,recurrence,9,0.0,,9,0.0,,0
100,structural,detour,holdout,similarity,9,0.0,,9,0.0,,0
100,structural,detour,holdout,value_profile,2,1.0,0.0,2,1.0,0.0,6
100,structural,null,exposed,association_only,9,0.0,,9,0.0,,0
100,structural,null,exposed,clustering,9,0.0,,9,0.0,,0
100,structural,null,exposed,competing_models,9,0.0,,9,0.0,,0
100,structural,null,exposed,context_oracle,0,1.0,,9,0.0,,8
100,structural,null,exposed,delta_only,9,0.0,,9,0.0,,0
100,structural,null,exposed,frequency,9,0.0,,9,0.0,,0
100,structural,null,exposed,mdi,9,0.0,,9,0.0,,0
100,structural,null,exposed,mdi_decay0,9,0.0,,9,0.0,,0
100,structural,null,exposed,mdi_decay020,9,0.0,,9,0.0,,0
100,structural,null,exposed,mdi_no_novelty,9,0.0,,9,0.0,,0
100,structural,null,exposed,mdi_original,9,0.0,,9,0.0,,0
100,structural,null,exposed,mdi_reset,9,0.0,,9,0.0,,0
100,structural,null,exposed,mdi_with_delta,9,0.0,,9,0.0,,0
100,structural,null,exposed,predicate_match,9,0.0,,9,0.0,,0
100,structural,null,exposed,random,9,0.0,,9,0.0,,0
100,structural,null,exposed,recurrence,9,0.0,,9,0.0,,0
100,structural,null,exposed,similarity,9,0.0,,9,0.0,,0
100,structural,null,exposed,value_profile,9,0.0,,9,0.0,,0
100,structural,null,holdout,association_only,9,0.0,,9,0.0,,0
100,structural,null,holdout,clustering,9,0.0,,9,0.0,,0
100,structural,null,holdout,competing_models,9,0.0,,9,0.0,,0
100,structural,null,holdout,context_oracle,0,1.0,,9,0.0,,8
100,structural,null,holdout,delta_only,9,0.0,,9,0.0,,0
100,structural,null,holdout,frequency,9,0.0,,9,0.0,,0
100,structural,null,holdout,mdi,9,0.0,,9,0.0,,0
100,structural,null,holdout,mdi_decay0,9,0.0,,9,0.0,,0
100,structural,null,holdout,mdi_decay020,9,0.0,,9,0.0,,0
100,structural,null,holdout,mdi_no_novelty,9,0.0,,9,0.0,,0
100,structural,null,holdout,mdi_original,9,0.0,,9,0.0,,0
100,structural,null,holdout,mdi_reset,9,0.0,,9,0.0,,0
100,structural,null,holdout,mdi_with_delta,9,0.0,,9,0.0,,0
100,structural,null,holdout,predicate_match,9,0.0,,9,0.0,,0
100,structural,null,holdout,random,9,0.0,,9,0.0,,0
100,structural,null,holdout,recurrence,9,0.0,,9,0.0,,0
100,structural,null,holdout,similarity,9,0.0,,9,0.0,,0
100,structural,null,holdout,value_profile,9,0.0,,9,0.0,,0
100,structural,switch,exposed,association_only,8,1.0,3.0,8,1.0,3.0,0
100,structural,switch,exposed,clustering,9,0.0,,9,0.0,,0
100,structural,switch,exposed,competing_models,7,1.0,2.0,7,1.0,2.0,1
100,structural,switch,exposed,context_oracle,0,1.0,-5.0,9,0.0,,8
100,structural,switch,exposed,delta_only,9,0.0,,9,0.0,,0
100,structural,switch,exposed,frequency,9,0.0,,9,0.0,,0
100,structural,switch,exposed,mdi,8,1.0,3.0,8,1.0,3.0,0
100,structural,switch,exposed,mdi_decay0,8,1.0,3.0,8,1.0,3.0,0
100,structural,switch,exposed,mdi_decay020,6,1.0,1.0,6,1.0,1.0,2
100,structural,switch,exposed,mdi_no_novelty,8,1.0,3.0,8,1.0,3.0,0
100,structural,switch,exposed,mdi_original,9,0.0,,9,0.0,,0
100,structural,switch,exposed,mdi_reset,9,0.0,,9,0.0,,0
100,structural,switch,exposed,mdi_with_delta,9,0.0,,9,0.0,,0
100,structural,switch,exposed,predicate_match,8,1.0,3.0,8,1.0,3.0,0
100,structural,switch,exposed,random,9,0.0,,9,0.0,,0
100,structural,switch,exposed,recurrence,9,0.0,,9,0.0,,0
100,structural,switch,exposed,similarity,9,0.0,,9,0.0,,0
100,structural,switch,exposed,value_profile,8,1.0,3.0,8,1.0,3.0,0
100,structural,switch,holdout,association_only,8,1.0,3.0,9,0.0,,0
100,structural,switch,holdout,clustering,9,0.0,,9,0.0,,0
100,structural,switch,holdout,competing_models,7,1.0,2.0,7,1.0,2.0,1
100,structural,switch,holdout,context_oracle,0,1.0,-5.0,9,0.0,,8
100,structural,switch,holdout,delta_only,9,0.0,,9,0.0,,0
100,structural,switch,holdout,frequency,9,0.0,,9,0.0,,0
100,structural,switch,holdout,mdi,8,1.0,3.0,8,1.0,3.0,0
100,structural,switch,holdout,mdi_decay0,8,1.0,3.0,8,1.0,3.0,0
100,structural,switch,holdout,mdi_decay020,6,1.0,1.0,7,1.0,2.0,2
100,structural,switch,holdout,mdi_no_novelty,8,1.0,3.0,8,1.0,3.0,0
100,structural,switch,holdout,mdi_original,8,1.0,3.0,9,0.0,,0
100,structural,switch,holdout,mdi_reset,9,0.0,,9,0.0,,0
100,structural,switch,holdout,mdi_with_delta,9,0.0,,9,0.0,,0
100,structural,switch,holdout,predicate_match,8,1.0,3.0,8,1.0,3.0,0
100,structural,switch,holdout,random,9,0.0,,9,0.0,,0
100,structural,switch,holdout,recurrence,9,0.0,,9,0.0,,0
100,structural,switch,holdout,similarity,9,0.0,,9,0.0,,0
100,structural,switch,holdout,value_profile,8,1.0,3.0,8,1.0,3.0,0
101,compositional,ambiguous,exposed,association_only,6,1.0,0.0,6,1.0,0.0,2
101,compositional,ambiguous,exposed,clustering,9,0.0,,9,0.0,,0
101,compositional,ambiguous,exposed,competing_models,6,1.0,0.0,8,1.0,2.0,2
101,compositional,ambiguous,exposed,context_oracle,0,1.0,-6.0,9,0.0,,8
101,compositional,ambiguous,exposed,delta_only,6,1.0,0.0,9,0.0,,2
101,compositional,ambiguous,exposed,frequency,9,0.0,,9,0.0,,0
101,compositional,ambiguous,exposed,mdi,6,1.0,0.0,6,1.0,0.0,2
101,compositional,ambiguous,exposed,mdi_decay0,6,1.0,0.0,6,1.0,0.0,2
101,compositional,ambiguous,exposed,mdi_decay020,6,1.0,0.0,6,1.0,0.0,2
101,compositional,ambiguous,exposed,mdi_no_novelty,6,1.0,0.0,6,1.0,0.0,2
101,compositional,ambiguous,exposed,mdi_original,6,1.0,0.0,6,1.0,0.0,2
101,compositional,ambiguous,exposed,mdi_reset,9,0.0,,9,0.0,,0
101,compositional,ambiguous,exposed,mdi_with_delta,6,1.0,0.0,9,0.0,,2
101,compositional,ambiguous,exposed,predicate_match,6,1.0,0.0,7,1.0,1.0,2
101,compositional,ambiguous,exposed,random,9,0.0,,9,0.0,,0
101,compositional,ambiguous,exposed,recurrence,6,1.0,0.0,9,0.0,,2
101,compositional,ambiguous,exposed,similarity,9,0.0,,9,0.0,,0
101,compositional,ambiguous,exposed,value_profile,6,1.0,0.0,8,1.0,2.0,2
101,compositional,ambiguous,holdout,association_only,6,1.0,0.0,6,1.0,0.0,2
101,compositional,ambiguous,holdout,clustering,9,0.0,,9,0.0,,0
101,compositional,ambiguous,holdout,competing_models,6,1.0,0.0,8,1.0,2.0,2
101,compositional,ambiguous,holdout,context_oracle,0,1.0,-6.0,9,0.0,,8
101,compositional,ambiguous,holdout,delta_only,6,1.0,0.0,9,0.0,,2
101,compositional,ambiguous,holdout,frequency,9,0.0,,9,0.0,,0
101,compositional,ambiguous,holdout,mdi,6,1.0,0.0,6,1.0,0.0,2
101,compositional,ambiguous,holdout,mdi_decay0,6,1.0,0.0,6,1.0,0.0,2
101,compositional,ambiguous,holdout,mdi_decay020,6,1.0,0.0,6,1.0,0.0,2
101,compositional,ambiguous,holdout,mdi_no_novelty,6,1.0,0.0,6,1.0,0.0,2
101,compositional,ambiguous,holdout,mdi_original,6,1.0,0.0,6,1.0,0.0,2
101,compositional,ambiguous,holdout,mdi_reset,9,0.0,,9,0.0,,0
101,compositional,ambiguous,holdout,mdi_with_delta,6,1.0,0.0,9,0.0,,2
101,compositional,ambiguous,holdout,predicate_match,6,1.0,0.0,7,1.0,1.0,2
101,compositional,ambiguous,holdout,random,9,0.0,,9,0.0,,0
101,compositional,ambiguous,holdout,recurrence,9,0.0,,9,0.0,,0
101,compositional,ambiguous,holdout,similarity,9,0.0,,9,0.0,,0
101,compositional,ambiguous,holdout,value_profile,6,1.0,0.0,8,1.0,2.0,2
101,compositional,clear,exposed,association_only,2,1.0,0.0,2,1.0,0.0,6
101,compositional,clear,exposed,clustering,9,0.0,,9,0.0,,0
101,compositional,clear,exposed,competing_models,2,1.0,0.0,6,1.0,4.0,6
101,compositional,clear,exposed,context_oracle,0,1.0,-2.0,9,0.0,,8
101,compositional,clear,exposed,delta_only,9,0.0,,9,0.0,,0
101,compositional,clear,exposed,frequency,9,0.0,,9,0.0,,0
101,compositional,clear,exposed,mdi,2,1.0,0.0,4,1.0,2.0,6
101,compositional,clear,exposed,mdi_decay0,2,1.0,0.0,4,1.0,2.0,6
101,compositional,clear,exposed,mdi_decay020,2,1.0,0.0,4,1.0,2.0,6
101,compositional,clear,exposed,mdi_no_novelty,2,1.0,0.0,4,1.0,2.0,6
101,compositional,clear,exposed,mdi_original,2,1.0,0.0,4,1.0,2.0,6
101,compositional,clear,exposed,mdi_reset,9,0.0,,9,0.0,,0
101,compositional,clear,exposed,mdi_with_delta,2,1.0,0.0,9,0.0,,6
101,compositional,clear,exposed,predicate_match,2,1.0,0.0,6,1.0,4.0,6
101,compositional,clear,exposed,random,9,0.0,,9,0.0,,0
101,compositional,clear,exposed,recurrence,3,1.0,1.0,9,0.0,,5
101,compositional,clear,exposed,similarity,9,0.0,,9,0.0,,0
101,compositional,clear,exposed,value_profile,2,1.0,0.0,9,0.0,,6
101,compositional,clear,holdout,association_only,2,1.0,0.0,2,1.0,0.0,6
101,compositional,clear,holdout,clustering,9,0.0,,9,0.0,,0
101,compositional,clear,holdout,competing_models,2,1.0,0.0,4,1.0,2.0,6
101,compositional,clear,holdout,context_oracle,0,1.0,-2.0,9,0.0,,8
101,compositional,clear,holdout,delta_only,6,1.0,4.0,9,0.0,,2
101,compositional,clear,holdout,frequency,9,0.0,,9,0.0,,0
101,compositional,clear,holdout,mdi,2,1.0,0.0,2,1.0,0.0,6
101,compositional,clear,holdout,mdi_decay0,2,1.0,0.0,2,1.0,0.0,6
101,compositional,clear,holdout,mdi_decay020,2,1.0,0.0,2,1.0,0.0,6
101,compositional,clear,holdout,mdi_no_novelty,2,1.0,0.0,2,1.0,0.0,6
101,compositional,clear,holdout,mdi_original,2,1.0,0.0,2,1.0,0.0,6
101,compositional,clear,holdout,mdi_reset,9,0.0,,9,0.0,,0
101,compositional,clear,holdout,mdi_with_delta,2,1.0,0.0,9,0.0,,6
101,compositional,clear,holdout,predicate_match,2,1.0,0.0,6,1.0,4.0,6
101,compositional,clear,holdout,random,9,0.0,,9,0.0,,0
101,compositional,clear,holdout,recurrence,9,0.0,,9,0.0,,0
101,compositional,clear,holdout,similarity,9,0.0,,9,0.0,,0
101,compositional,clear,holdout,value_profile,2,1.0,0.0,9,0.0,,6
101,compositional,detour,exposed,association_only,9,0.0,,9,0.0,,0
101,compositional,detour,exposed,clustering,9,0.0,,9,0.0,,0
101,compositional,detour,exposed,competing_models,2,1.0,0.0,9,0.0,,6
101,compositional,detour,exposed,context_oracle,0,1.0,-2.0,9,0.0,,8
101,compositional,detour,exposed,delta_only,9,0.0,,9,0.0,,0
101,compositional,detour,exposed,frequency,9,0.0,,9,0.0,,0
101,compositional,detour,exposed,mdi,9,0.0,,9,0.0,,0
101,compositional,detour,exposed,mdi_decay0,9,0.0,,9,0.0,,0
101,compositional,detour,exposed,mdi_decay020,9,0.0,,9,0.0,,0
101,compositional,detour,exposed,mdi_no_novelty,9,0.0,,9,0.0,,0
101,compositional,detour,exposed,mdi_original,9,0.0,,9,0.0,,0
101,compositional,detour,exposed,mdi_reset,9,0.0,,9,0.0,,0
101,compositional,detour,exposed,mdi_with_delta,9,0.0,,9,0.0,,0
101,compositional,detour,exposed,predicate_match,8,1.0,6.0,9,0.0,,0
101,compositional,detour,exposed,random,9,0.0,,9,0.0,,0
101,compositional,detour,exposed,recurrence,2,1.0,0.0,9,0.0,,6
101,compositional,detour,exposed,similarity,9,0.0,,9,0.0,,0
101,compositional,detour,exposed,value_profile,9,0.0,,9,0.0,,0
101,compositional,detour,holdout,association_only,9,0.0,,9,0.0,,0
101,compositional,detour,holdout,clustering,9,0.0,,9,0.0,,0
101,compositional,detour,holdout,competing_models,2,1.0,0.0,9,0.0,,6
101,compositional,detour,holdout,context_oracle,0,1.0,-2.0,9,0.0,,8
101,compositional,detour,holdout,delta_only,9,0.0,,9,0.0,,0
101,compositional,detour,holdout,frequency,9,0.0,,9,0.0,,0
101,compositional,detour,holdout,mdi,9,0.0,,9,0.0,,0
101,compositional,detour,holdout,mdi_decay0,9,0.0,,9,0.0,,0
101,compositional,detour,holdout,mdi_decay020,9,0.0,,9,0.0,,0
101,compositional,detour,holdout,mdi_no_novelty,9,0.0,,9,0.0,,0
101,compositional,detour,holdout,mdi_original,9,0.0,,9,0.0,,0
101,compositional,detour,holdout,mdi_reset,9,0.0,,9,0.0,,0
101,compositional,detour,holdout,mdi_with_delta,9,0.0,,9,0.0,,0
101,compositional,detour,holdout,predicate_match,8,1.0,6.0,9,0.0,,0
101,compositional,detour,holdout,random,9,0.0,,9,0.0,,0
101,compositional,detour,holdout,recurrence,9,0.0,,9,0.0,,0
101,compositional,detour,holdout,similarity,9,0.0,,9,0.0,,0
101,compositional,detour,holdout,value_profile,9,0.0,,9,0.0,,0
101,compositional,null,exposed,association_only,9,0.0,,9,0.0,,0
101,compositional,null,exposed,clustering,9,0.0,,9,0.0,,0
101,compositional,null,exposed,competing_models,9,0.0,,9,0.0,,0
101,compositional,null,exposed,context_oracle,0,1.0,,9,0.0,,8
101,compositional,null,exposed,delta_only,9,0.0,,9,0.0,,0
101,compositional,null,exposed,frequency,9,0.0,,9,0.0,,0
101,compositional,null,exposed,mdi,9,0.0,,9,0.0,,0
101,compositional,null,exposed,mdi_decay0,9,0.0,,9,0.0,,0
101,compositional,null,exposed,mdi_decay020,9,0.0,,9,0.0,,0
101,compositional,null,exposed,mdi_no_novelty,9,0.0,,9,0.0,,0
101,compositional,null,exposed,mdi_original,9,0.0,,9,0.0,,0
101,compositional,null,exposed,mdi_reset,9,0.0,,9,0.0,,0
101,compositional,null,exposed,mdi_with_delta,9,0.0,,9,0.0,,0
101,compositional,null,exposed,predicate_match,9,0.0,,9,0.0,,0
101,compositional,null,exposed,random,9,0.0,,9,0.0,,0
101,compositional,null,exposed,recurrence,9,0.0,,9,0.0,,0
101,compositional,null,exposed,similarity,9,0.0,,9,0.0,,0
101,compositional,null,exposed,value_profile,9,0.0,,9,0.0,,0
101,compositional,null,holdout,association_only,9,0.0,,9,0.0,,0
101,compositional,null,holdout,clustering,9,0.0,,9,0.0,,0
101,compositional,null,holdout,competing_models,9,0.0,,9,0.0,,0
101,compositional,null,holdout,context_oracle,0,1.0,,9,0.0,,8
101,compositional,null,holdout,delta_only,9,0.0,,9,0.0,,0
101,compositional,null,holdout,frequency,9,0.0,,9,0.0,,0
101,compositional,null,holdout,mdi,9,0.0,,9,0.0,,0
101,compositional,null,holdout,mdi_decay0,9,0.0,,9,0.0,,0
101,compositional,null,holdout,mdi_decay020,9,0.0,,9,0.0,,0
101,compositional,null,holdout,mdi_no_novelty,9,0.0,,9,0.0,,0
101,compositional,null,holdout,mdi_original,9,0.0,,9,0.0,,0
101,compositional,null,holdout,mdi_reset,9,0.0,,9,0.0,,0
101,compositional,null,holdout,mdi_with_delta,9,0.0,,9,0.0,,0
101,compositional,null,holdout,predicate_match,9,0.0,,9,0.0,,0
101,compositional,null,holdout,random,9,0.0,,9,0.0,,0
101,compositional,null,holdout,recurrence,9,0.0,,9,0.0,,0
101,compositional,null,holdout,similarity,9,0.0,,9,0.0,,0
101,compositional,null,holdout,value_profile,9,0.0,,9,0.0,,0
101,compositional,switch,exposed,association_only,8,1.0,3.0,9,0.0,,0
101,compositional,switch,exposed,clustering,9,0.0,,9,0.0,,0
101,compositional,switch,exposed,competing_models,7,1.0,2.0,7,1.0,2.0,1
101,compositional,switch,exposed,context_oracle,0,1.0,-5.0,9,0.0,,8
101,compositional,switch,exposed,delta_only,9,0.0,,9,0.0,,0
101,compositional,switch,exposed,frequency,9,0.0,,9,0.0,,0
101,compositional,switch,exposed,mdi,7,1.0,2.0,8,1.0,3.0,1
101,compositional,switch,exposed,mdi_decay0,8,1.0,3.0,8,1.0,3.0,0
101,compositional,switch,exposed,mdi_decay020,6,1.0,1.0,7,1.0,2.0,2
101,compositional,switch,exposed,mdi_no_novelty,7,1.0,2.0,8,1.0,3.0,1
101,compositional,switch,exposed,mdi_original,8,1.0,3.0,9,0.0,,0
101,compositional,switch,exposed,mdi_reset,9,0.0,,9,0.0,,0
101,compositional,switch,exposed,mdi_with_delta,9,0.0,,9,0.0,,0
101,compositional,switch,exposed,predicate_match,7,1.0,2.0,7,1.0,2.0,1
101,compositional,switch,exposed,random,9,0.0,,9,0.0,,0
101,compositional,switch,exposed,recurrence,8,1.0,3.0,9,0.0,,0
101,compositional,switch,exposed,similarity,9,0.0,,9,0.0,,0
101,compositional,switch,exposed,value_profile,7,1.0,2.0,7,1.0,2.0,1
101,compositional,switch,holdout,association_only,7,1.0,2.0,9,0.0,,1
101,compositional,switch,holdout,clustering,9,0.0,,9,0.0,,0
101,compositional,switch,holdout,competing_models,7,1.0,2.0,7,1.0,2.0,1
101,compositional,switch,holdout,context_oracle,0,1.0,-5.0,9,0.0,,8
101,compositional,switch,holdout,delta_only,9,0.0,,9,0.0,,0
101,compositional,switch,holdout,frequency,9,0.0,,9,0.0,,0
101,compositional,switch,holdout,mdi,7,1.0,2.0,7,1.0,2.0,1
101,compositional,switch,holdout,mdi_decay0,8,1.0,3.0,8,1.0,3.0,0
101,compositional,switch,holdout,mdi_decay020,7,1.0,2.0,7,1.0,2.0,1
101,compositional,switch,holdout,mdi_no_novelty,7,1.0,2.0,8,1.0,3.0,1
101,compositional,switch,holdout,mdi_original,8,1.0,3.0,9,0.0,,0
101,compositional,switch,holdout,mdi_reset,9,0.0,,9,0.0,,0
101,compositional,switch,holdout,mdi_with_delta,9,0.0,,9,0.0,,0
101,compositional,switch,holdout,predicate_match,7,1.0,2.0,7,1.0,2.0,1
101,compositional,switch,holdout,random,9,0.0,,9,0.0,,0
101,compositional,switch,holdout,recurrence,9,0.0,,9,0.0,,0
101,compositional,switch,holdout,similarity,9,0.0,,9,0.0,,0
101,compositional,switch,holdout,value_profile,7,1.0,2.0,8,1.0,3.0,1
101,distributional,ambiguous,exposed,association_only,6,1.0,0.0,7,1.0,1.0,2
101,distributional,ambiguous,exposed,clustering,9,0.0,,9,0.0,,0
101,distributional,ambiguous,exposed,competing_models,6,1.0,0.0,6,1.0,0.0,2
101,distributional,ambiguous,exposed,context_oracle,0,1.0,-6.0,9,0.0,,8
101,distributional,ambiguous,exposed,delta_only,6,1.0,0.0,9,0.0,,2
101,distributional,ambiguous,exposed,frequency,9,0.0,,9,0.0,,0
101,distributional,ambiguous,exposed,mdi,6,1.0,0.0,6,1.0,0.0,2
101,distributional,ambiguous,exposed,mdi_decay0,6,1.0,0.0,7,1.0,1.0,2
101,distributional,ambiguous,exposed,mdi_decay020,6,1.0,0.0,6,1.0,0.0,2
101,distributional,ambiguous,exposed,mdi_no_novelty,6,1.0,0.0,7,1.0,1.0,2
101,distributional,ambiguous,exposed,mdi_original,9,0.0,,9,0.0,,0
101,distributional,ambiguous,exposed,mdi_reset,9,0.0,,9,0.0,,0
101,distributional,ambiguous,exposed,mdi_with_delta,6,1.0,0.0,7,1.0,1.0,2
101,distributional,ambiguous,exposed,predicate_match,6,1.0,0.0,9,0.0,,2
101,distributional,ambiguous,exposed,random,9,0.0,,9,0.0,,0
101,distributional,ambiguous,exposed,recurrence,6,1.0,0.0,7,1.0,1.0,2
101,distributional,ambiguous,exposed,similarity,9,0.0,,9,0.0,,0
101,distributional,ambiguous,exposed,value_profile,6,1.0,0.0,9,0.0,,2
101,distributional,ambiguous,holdout,association_only,6,1.0,0.0,9,0.0,,2
101,distributional,ambiguous,holdout,clustering,9,0.0,,9,0.0,,0
101,distributional,ambiguous,holdout,competing_models,6,1.0,0.0,6,1.0,0.0,2
101,distributional,ambiguous,holdout,context_oracle,0,1.0,-6.0,9,0.0,,8
101,distributional,ambiguous,holdout,delta_only,6,1.0,0.0,9,0.0,,2
101,distributional,ambiguous,holdout,frequency,9,0.0,,9,0.0,,0
101,distributional,ambiguous,holdout,mdi,6,1.0,0.0,9,0.0,,2
101,distributional,ambiguous,holdout,mdi_decay0,6,1.0,0.0,9,0.0,,2
101,distributional,ambiguous,holdout,mdi_decay020,6,1.0,0.0,9,0.0,,2
101,distributional,ambiguous,holdout,mdi_no_novelty,6,1.0,0.0,9,0.0,,2
101,distributional,ambiguous,holdout,mdi_original,9,0.0,,9,0.0,,0
101,distributional,ambiguous,holdout,mdi_reset,9,0.0,,9,0.0,,0
101,distributional,ambiguous,holdout,mdi_with_delta,6,1.0,0.0,9,0.0,,2
101,distributional,ambiguous,holdout,predicate_match,6,1.0,0.0,9,0.0,,2
101,distributional,ambiguous,holdout,random,9,0.0,,9,0.0,,0
101,distributional,ambiguous,holdout,recurrence,9,0.0,,9,0.0,,0
101,distributional,ambiguous,holdout,similarity,9,0.0,,9,0.0,,0
101,distributional,ambiguous,holdout,value_profile,6,1.0,0.0,9,0.0,,2
101,distributional,clear,exposed,association_only,2,1.0,0.0,2,1.0,0.0,6
101,distributional,clear,exposed,clustering,9,0.0,,9,0.0,,0
101,distributional,clear,exposed,competing_models,2,1.0,0.0,2,1.0,0.0,6
101,distributional,clear,exposed,context_oracle,0,1.0,-2.0,9,0.0,,8
101,distributional,clear,exposed,delta_only,3,1.0,1.0,9,0.0,,5
101,distributional,clear,exposed,frequency,9,0.0,,9,0.0,,0
101,distributional,clear,exposed,mdi,2,1.0,0.0,8,1.0,6.0,6
101,distributional,clear,exposed,mdi_decay0,2,1.0,0.0,2,1.0,0.0,6
101,distributional,clear,exposed,mdi_decay020,2,1.0,0.0,8,1.0,6.0,6
101,distributional,clear,exposed,mdi_no_novelty,2,1.0,0.0,2,1.0,0.0,6
101,distributional,clear,exposed,mdi_original,9,0.0,,9,0.0,,0
101,distributional,clear,exposed,mdi_reset,9,0.0,,9,0.0,,0
101,distributional,clear,exposed,mdi_with_delta,2,1.0,0.0,8,1.0,6.0,6
101,distributional,clear,exposed,predicate_match,2,1.0,0.0,5,1.0,3.0,6
101,distributional,clear,exposed,random,9,0.0,,9,0.0,,0
101,distributional,clear,exposed,recurrence,2,1.0,0.0,3,1.0,1.0,6
101,distributional,clear,exposed,similarity,9,0.0,,9,0.0,,0
101,distributional,clear,exposed,value_profile,2,1.0,0.0,2,1.0,0.0,6
101,distributional,clear,holdout,association_only,2,1.0,0.0,2,1.0,0.0,6
101,distributional,clear,holdout,clustering,9,0.0,,9,0.0,,0
101,distributional,clear,holdout,competing_models,2,1.0,0.0,2,1.0,0.0,6
101,distributional,clear,holdout,context_oracle,0,1.0,-2.0,9,0.0,,8
101,distributional,clear,holdout,delta_only,2,1.0,0.0,7,1.0,5.0,6
101,distributional,clear,holdout,frequency,9,0.0,,9,0.0,,0
101,distributional,clear,holdout,mdi,2,1.0,0.0,2,1.0,0.0,6
101,distributional,clear,holdout,mdi_decay0,2,1.0,0.0,2,1.0,0.0,6
101,distributional,clear,holdout,mdi_decay020,2,1.0,0.0,2,1.0,0.0,6
101,distributional,clear,holdout,mdi_no_novelty,2,1.0,0.0,2,1.0,0.0,6
101,distributional,clear,holdout,mdi_original,9,0.0,,9,0.0,,0
101,distributional,clear,holdout,mdi_reset,9,0.0,,9,0.0,,0
101,distributional,clear,holdout,mdi_with_delta,2,1.0,0.0,2,1.0,0.0,6
101,distributional,clear,holdout,predicate_match,2,1.0,0.0,5,1.0,3.0,6
101,distributional,clear,holdout,random,9,0.0,,9,0.0,,0
101,distributional,clear,holdout,recurrence,9,0.0,,9,0.0,,0
101,distributional,clear,holdout,similarity,9,0.0,,9,0.0,,0
101,distributional,clear,holdout,value_profile,2,1.0,0.0,2,1.0,0.0,6
101,distributional,detour,exposed,association_only,2,1.0,0.0,9,0.0,,6
101,distributional,detour,exposed,clustering,9,0.0,,9,0.0,,0
101,distributional,detour,exposed,competing_models,2,1.0,0.0,2,1.0,0.0,6
101,distributional,detour,exposed,context_oracle,0,1.0,-2.0,9,0.0,,8
101,distributional,detour,exposed,delta_only,9,0.0,,9,0.0,,0
101,distributional,detour,exposed,frequency,9,0.0,,9,0.0,,0
101,distributional,detour,exposed,mdi,2,1.0,0.0,2,1.0,0.0,6
101,distributional,detour,exposed,mdi_decay0,2,1.0,0.0,2,1.0,0.0,6
101,distributional,detour,exposed,mdi_decay020,2,1.0,0.0,8,1.0,6.0,6
101,distributional,detour,exposed,mdi_no_novelty,2,1.0,0.0,2,1.0,0.0,6
101,distributional,detour,exposed,mdi_original,9,0.0,,9,0.0,,0
101,distributional,detour,exposed,mdi_reset,9,0.0,,9,0.0,,0
101,distributional,detour,exposed,mdi_with_delta,2,1.0,0.0,9,0.0,,6
101,distributional,detour,exposed,predicate_match,2,1.0,0.0,3,1.0,1.0,6
101,distributional,detour,exposed,random,9,0.0,,9,0.0,,0
101,distributional,detour,exposed,recurrence,2,1.0,0.0,8,1.0,6.0,6
101,distributional,detour,exposed,similarity,9,0.0,,9,0.0,,0
101,distributional,detour,exposed,value_profile,2,1.0,0.0,2,1.0,0.0,6
101,distributional,detour,holdout,association_only,2,1.0,0.0,9,0.0,,6
101,distributional,detour,holdout,clustering,9,0.0,,9,0.0,,0
101,distributional,detour,holdout,competing_models,2,1.0,0.0,3,1.0,1.0,6
101,distributional,detour,holdout,context_oracle,0,1.0,-2.0,9,0.0,,8
101,distributional,detour,holdout,delta_only,9,0.0,,9,0.0,,0
101,distributional,detour,holdout,frequency,9,0.0,,9,0.0,,0
101,distributional,detour,holdout,mdi,2,1.0,0.0,8,1.0,6.0,6
101,distributional,detour,holdout,mdi_decay0,2,1.0,0.0,8,1.0,6.0,6
101,distributional,detour,holdout,mdi_decay020,2,1.0,0.0,8,1.0,6.0,6
101,distributional,detour,holdout,mdi_no_novelty,2,1.0,0.0,2,1.0,0.0,6
101,distributional,detour,holdout,mdi_original,9,0.0,,9,0.0,,0
101,distributional,detour,holdout,mdi_reset,9,0.0,,9,0.0,,0
101,distributional,detour,holdout,mdi_with_delta,2,1.0,0.0,9,0.0,,6
101,distributional,detour,holdout,predicate_match,2,1.0,0.0,3,1.0,1.0,6
101,distributional,detour,holdout,random,9,0.0,,9,0.0,,0
101,distributional,detour,holdout,recurrence,9,0.0,,9,0.0,,0
101,distributional,detour,holdout,similarity,9,0.0,,9,0.0,,0
101,distributional,detour,holdout,value_profile,2,1.0,0.0,3,1.0,1.0,6
101,distributional,null,exposed,association_only,9,0.0,,9,0.0,,0
101,distributional,null,exposed,clustering,9,0.0,,9,0.0,,0
101,distributional,null,exposed,competing_models,9,0.0,,9,0.0,,0
101,distributional,null,exposed,context_oracle,0,1.0,,9,0.0,,8
101,distributional,null,exposed,delta_only,9,0.0,,9,0.0,,0
101,distributional,null,exposed,frequency,9,0.0,,9,0.0,,0
101,distributional,null,exposed,mdi,9,0.0,,9,0.0,,0
101,distributional,null,exposed,mdi_decay0,9,0.0,,9,0.0,,0
101,distributional,null,exposed,mdi_decay020,9,0.0,,9,0.0,,0
101,distributional,null,exposed,mdi_no_novelty,9,0.0,,9,0.0,,0
101,distributional,null,exposed,mdi_original,9,0.0,,9,0.0,,0
101,distributional,null,exposed,mdi_reset,9,0.0,,9,0.0,,0
101,distributional,null,exposed,mdi_with_delta,9,0.0,,9,0.0,,0
101,distributional,null,exposed,predicate_match,9,0.0,,9,0.0,,0
101,distributional,null,exposed,random,9,0.0,,9,0.0,,0
101,distributional,null,exposed,recurrence,9,0.0,,9,0.0,,0
101,distributional,null,exposed,similarity,9,0.0,,9,0.0,,0
101,distributional,null,exposed,value_profile,9,0.0,,9,0.0,,0
101,distributional,null,holdout,association_only,9,0.0,,9,0.0,,0
101,distributional,null,holdout,clustering,9,0.0,,9,0.0,,0
101,distributional,null,holdout,competing_models,9,0.0,,9,0.0,,0
101,distributional,null,holdout,context_oracle,0,1.0,,9,0.0,,8
101,distributional,null,holdout,delta_only,9,0.0,,9,0.0,,0
101,distributional,null,holdout,frequency,9,0.0,,9,0.0,,0
101,distributional,null,holdout,mdi,9,0.0,,9,0.0,,0
101,distributional,null,holdout,mdi_decay0,9,0.0,,9,0.0,,0
101,distributional,null,holdout,mdi_decay020,9,0.0,,9,0.0,,0
101,distributional,null,holdout,mdi_no_novelty,9,0.0,,9,0.0,,0
101,distributional,null,holdout,mdi_original,9,0.0,,9,0.0,,0
101,distributional,null,holdout,mdi_reset,9,0.0,,9,0.0,,0
101,distributional,null,holdout,mdi_with_delta,9,0.0,,9,0.0,,0
101,distributional,null,holdout,predicate_match,9,0.0,,9,0.0,,0
101,distributional,null,holdout,random,9,0.0,,9,0.0,,0
101,distributional,null,holdout,recurrence,9,0.0,,9,0.0,,0
101,distributional,null,holdout,similarity,9,0.0,,9,0.0,,0
101,distributional,null,holdout,value_profile,9,0.0,,9,0.0,,0
101,distributional,switch,exposed,association_only,7,1.0,2.0,8,1.0,3.0,1
101,distributional,switch,exposed,clustering,9,0.0,,9,0.0,,0
101,distributional,switch,exposed,competing_models,7,1.0,2.0,7,1.0,2.0,1
101,distributional,switch,exposed,context_oracle,0,1.0,-5.0,9,0.0,,8
101,distributional,switch,exposed,delta_only,9,0.0,,9,0.0,,0
101,distributional,switch,exposed,frequency,9,0.0,,9,0.0,,0
101,distributional,switch,exposed,mdi,7,1.0,2.0,8,1.0,3.0,1
101,distributional,switch,exposed,mdi_decay0,8,1.0,3.0,8,1.0,3.0,0
101,distributional,switch,exposed,mdi_decay020,6,1.0,1.0,7,1.0,2.0,2
101,distributional,switch,exposed,mdi_no_novelty,7,1.0,2.0,8,1.0,3.0,1
101,distributional,switch,exposed,mdi_original,9,0.0,,9,0.0,,0
101,distributional,switch,exposed,mdi_reset,9,0.0,,9,0.0,,0
101,distributional,switch,exposed,mdi_with_delta,8,1.0,3.0,9,0.0,,0
101,distributional,switch,exposed,predicate_match,8,1.0,3.0,8,1.0,3.0,0
101,distributional,switch,exposed,random,9,0.0,,9,0.0,,0
101,distributional,switch,exposed,recurrence,9,0.0,,9,0.0,,0
101,distributional,switch,exposed,similarity,9,0.0,,9,0.0,,0
101,distributional,switch,exposed,value_profile,7,1.0,2.0,8,1.0,3.0,1
101,distributional,switch,holdout,association_only,7,1.0,2.0,8,1.0,3.0,1
101,distributional,switch,holdout,clustering,9,0.0,,9,0.0,,0
101,distributional,switch,holdout,competing_models,7,1.0,2.0,7,1.0,2.0,1
101,distributional,switch,holdout,context_oracle,0,1.0,-5.0,9,0.0,,8
101,distributional,switch,holdout,delta_only,9,0.0,,9,0.0,,0
101,distributional,switch,holdout,frequency,9,0.0,,9,0.0,,0
101,distributional,switch,holdout,mdi,7,1.0,2.0,9,0.0,,1
101,distributional,switch,holdout,mdi_decay0,7,1.0,2.0,8,1.0,3.0,1
101,distributional,switch,holdout,mdi_decay020,6,1.0,1.0,9,0.0,,2
101,distributional,switch,holdout,mdi_no_novelty,7,1.0,2.0,8,1.0,3.0,1
101,distributional,switch,holdout,mdi_original,9,0.0,,9,0.0,,0
101,distributional,switch,holdout,mdi_reset,9,0.0,,9,0.0,,0
101,distributional,switch,holdout,mdi_with_delta,7,1.0,2.0,9,0.0,,1
101,distributional,switch,holdout,predicate_match,8,1.0,3.0,8,1.0,3.0,0
101,distributional,switch,holdout,random,9,0.0,,9,0.0,,0
101,distributional,switch,holdout,recurrence,9,0.0,,9,0.0,,0
101,distributional,switch,holdout,similarity,9,0.0,,9,0.0,,0
101,distributional,switch,holdout,value_profile,7,1.0,2.0,8,1.0,3.0,1
101,shared,ambiguous,exposed,association_only,9,0.0,,9,0.0,,0
101,shared,ambiguous,exposed,clustering,9,0.0,,9,0.0,,0
101,shared,ambiguous,exposed,competing_models,9,0.0,,9,0.0,,0
101,shared,ambiguous,exposed,context_oracle,9,0.0,,9,0.0,,0
101,shared,ambiguous,exposed,delta_only,7,1.0,0.0,9,0.0,,1
101,shared,ambiguous,exposed,frequency,9,0.0,,9,0.0,,0
101,shared,ambiguous,exposed,mdi,9,0.0,,9,0.0,,0
101,shared,ambiguous,exposed,mdi_decay0,9,0.0,,9,0.0,,0
101,shared,ambiguous,exposed,mdi_decay020,9,0.0,,9,0.0,,0
101,shared,ambiguous,exposed,mdi_no_novelty,9,0.0,,9,0.0,,0
101,shared,ambiguous,exposed,mdi_original,9,0.0,,9,0.0,,0
101,shared,ambiguous,exposed,mdi_reset,9,0.0,,9,0.0,,0
101,shared,ambiguous,exposed,mdi_with_delta,9,0.0,,9,0.0,,0
101,shared,ambiguous,exposed,predicate_match,7,1.0,0.0,9,0.0,,1
101,shared,ambiguous,exposed,random,9,0.0,,9,0.0,,0
101,shared,ambiguous,exposed,recurrence,8,1.0,1.0,9,0.0,,0
101,shared,ambiguous,exposed,similarity,9,0.0,,9,0.0,,0
101,shared,ambiguous,exposed,value_profile,9,0.0,,9,0.0,,0
101,shared,ambiguous,holdout,association_only,9,0.0,,9,0.0,,0
101,shared,ambiguous,holdout,clustering,9,0.0,,9,0.0,,0
101,shared,ambiguous,holdout,competing_models,9,0.0,,9,0.0,,0
101,shared,ambiguous,holdout,context_oracle,9,0.0,,9,0.0,,0
101,shared,ambiguous,holdout,delta_only,8,1.0,1.0,9,0.0,,0
101,shared,ambiguous,holdout,frequency,9,0.0,,9,0.0,,0
101,shared,ambiguous,holdout,mdi,9,0.0,,9,0.0,,0
101,shared,ambiguous,holdout,mdi_decay0,9,0.0,,9,0.0,,0
101,shared,ambiguous,holdout,mdi_decay020,9,0.0,,9,0.0,,0
101,shared,ambiguous,holdout,mdi_no_novelty,9,0.0,,9,0.0,,0
101,shared,ambiguous,holdout,mdi_original,9,0.0,,9,0.0,,0
101,shared,ambiguous,holdout,mdi_reset,9,0.0,,9,0.0,,0
101,shared,ambiguous,holdout,mdi_with_delta,9,0.0,,9,0.0,,0
101,shared,ambiguous,holdout,predicate_match,7,1.0,0.0,9,0.0,,1
101,shared,ambiguous,holdout,random,9,0.0,,9,0.0,,0
101,shared,ambiguous,holdout,recurrence,9,0.0,,9,0.0,,0
101,shared,ambiguous,holdout,similarity,9,0.0,,9,0.0,,0
101,shared,ambiguous,holdout,value_profile,9,0.0,,9,0.0,,0
101,shared,clear,exposed,association_only,9,0.0,,9,0.0,,0
101,shared,clear,exposed,clustering,9,0.0,,9,0.0,,0
101,shared,clear,exposed,competing_models,9,0.0,,9,0.0,,0
101,shared,clear,exposed,context_oracle,9,0.0,,9,0.0,,0
101,shared,clear,exposed,delta_only,4,1.0,1.0,9,0.0,,4
101,shared,clear,exposed,frequency,9,0.0,,9,0.0,,0
101,shared,clear,exposed,mdi,9,0.0,,9,0.0,,0
101,shared,clear,exposed,mdi_decay0,9,0.0,,9,0.0,,0
101,shared,clear,exposed,mdi_decay020,9,0.0,,9,0.0,,0
101,shared,clear,exposed,mdi_no_novelty,9,0.0,,9,0.0,,0
101,shared,clear,exposed,mdi_original,9,0.0,,9,0.0,,0
101,shared,clear,exposed,mdi_reset,9,0.0,,9,0.0,,0
101,shared,clear,exposed,mdi_with_delta,9,0.0,,9,0.0,,0
101,shared,clear,exposed,predicate_match,3,1.0,0.0,5,1.0,2.0,5
101,shared,clear,exposed,random,9,0.0,,9,0.0,,0
101,shared,clear,exposed,recurrence,3,1.0,0.0,7,1.0,4.0,5
101,shared,clear,exposed,similarity,9,0.0,,9,0.0,,0
101,shared,clear,exposed,value_profile,9,0.0,,9,0.0,,0
101,shared,clear,holdout,association_only,9,0.0,,9,0.0,,0
101,shared,clear,holdout,clustering,9,0.0,,9,0.0,,0
101,shared,clear,holdout,competing_models,9,0.0,,9,0.0,,0
101,shared,clear,holdout,context_oracle,9,0.0,,9,0.0,,0
101,shared,clear,holdout,delta_only,4,1.0,1.0,9,0.0,,4
101,shared,clear,holdout,frequency,9,0.0,,9,0.0,,0
101,shared,clear,holdout,mdi,9,0.0,,9,0.0,,0
101,shared,clear,holdout,mdi_decay0,9,0.0,,9,0.0,,0
101,shared,clear,holdout,mdi_decay020,9,0.0,,9,0.0,,0
101,shared,clear,holdout,mdi_no_novelty,9,0.0,,9,0.0,,0
101,shared,clear,holdout,mdi_original,9,0.0,,9,0.0,,0
101,shared,clear,holdout,mdi_reset,9,0.0,,9,0.0,,0
101,shared,clear,holdout,mdi_with_delta,9,0.0,,9,0.0,,0
101,shared,clear,holdout,predicate_match,3,1.0,0.0,5,1.0,2.0,5
101,shared,clear,holdout,random,9,0.0,,9,0.0,,0
101,shared,clear,holdout,recurrence,9,0.0,,9,0.0,,0
101,shared,clear,holdout,similarity,9,0.0,,9,0.0,,0
101,shared,clear,holdout,value_profile,9,0.0,,9,0.0,,0
101,shared,detour,exposed,association_only,9,0.0,,9,0.0,,0
101,shared,detour,exposed,clustering,9,0.0,,9,0.0,,0
101,shared,detour,exposed,competing_models,9,0.0,,9,0.0,,0
101,shared,detour,exposed,context_oracle,9,0.0,,9,0.0,,0
101,shared,detour,exposed,delta_only,9,0.0,,9,0.0,,0
101,shared,detour,exposed,frequency,9,0.0,,9,0.0,,0
101,shared,detour,exposed,mdi,9,0.0,,9,0.0,,0
101,shared,detour,exposed,mdi_decay0,9,0.0,,9,0.0,,0
101,shared,detour,exposed,mdi_decay020,9,0.0,,9,0.0,,0
101,shared,detour,exposed,mdi_no_novelty,9,0.0,,9,0.0,,0
101,shared,detour,exposed,mdi_original,9,0.0,,9,0.0,,0
101,shared,detour,exposed,mdi_reset,9,0.0,,9,0.0,,0
101,shared,detour,exposed,mdi_with_delta,9,0.0,,9,0.0,,0
101,shared,detour,exposed,predicate_match,9,0.0,,9,0.0,,0
101,shared,detour,exposed,random,9,0.0,,9,0.0,,0
101,shared,detour,exposed,recurrence,3,1.0,0.0,9,0.0,,5
101,shared,detour,exposed,similarity,9,0.0,,9,0.0,,0
101,shared,detour,exposed,value_profile,9,0.0,,9,0.0,,0
101,shared,detour,holdout,association_only,9,0.0,,9,0.0,,0
101,shared,detour,holdout,clustering,9,0.0,,9,0.0,,0
101,shared,detour,holdout,competing_models,9,0.0,,9,0.0,,0
101,shared,detour,holdout,context_oracle,9,0.0,,9,0.0,,0
101,shared,detour,holdout,delta_only,9,0.0,,9,0.0,,0
101,shared,detour,holdout,frequency,9,0.0,,9,0.0,,0
101,shared,detour,holdout,mdi,9,0.0,,9,0.0,,0
101,shared,detour,holdout,mdi_decay0,9,0.0,,9,0.0,,0
101,shared,detour,holdout,mdi_decay020,9,0.0,,9,0.0,,0
101,shared,detour,holdout,mdi_no_novelty,9,0.0,,9,0.0,,0
101,shared,detour,holdout,mdi_original,9,0.0,,9,0.0,,0
101,shared,detour,holdout,mdi_reset,9,0.0,,9,0.0,,0
101,shared,detour,holdout,mdi_with_delta,9,0.0,,9,0.0,,0
101,shared,detour,holdout,predicate_match,9,0.0,,9,0.0,,0
101,shared,detour,holdout,random,9,0.0,,9,0.0,,0
101,shared,detour,holdout,recurrence,9,0.0,,9,0.0,,0
101,shared,detour,holdout,similarity,9,0.0,,9,0.0,,0
101,shared,detour,holdout,value_profile,9,0.0,,9,0.0,,0
101,shared,null,exposed,association_only,9,0.0,,9,0.0,,0
101,shared,null,exposed,clustering,9,0.0,,9,0.0,,0
101,shared,null,exposed,competing_models,9,0.0,,9,0.0,,0
101,shared,null,exposed,context_oracle,9,0.0,,9,0.0,,0
101,shared,null,exposed,delta_only,9,0.0,,9,0.0,,0
101,shared,null,exposed,frequency,9,0.0,,9,0.0,,0
101,shared,null,exposed,mdi,9,0.0,,9,0.0,,0
101,shared,null,exposed,mdi_decay0,9,0.0,,9,0.0,,0
101,shared,null,exposed,mdi_decay020,9,0.0,,9,0.0,,0
101,shared,null,exposed,mdi_no_novelty,9,0.0,,9,0.0,,0
101,shared,null,exposed,mdi_original,9,0.0,,9,0.0,,0
101,shared,null,exposed,mdi_reset,9,0.0,,9,0.0,,0
101,shared,null,exposed,mdi_with_delta,9,0.0,,9,0.0,,0
101,shared,null,exposed,predicate_match,9,0.0,,9,0.0,,0
101,shared,null,exposed,random,9,0.0,,9,0.0,,0
101,shared,null,exposed,recurrence,9,0.0,,9,0.0,,0
101,shared,null,exposed,similarity,9,0.0,,9,0.0,,0
101,shared,null,exposed,value_profile,9,0.0,,9,0.0,,0
101,shared,null,holdout,association_only,9,0.0,,9,0.0,,0
101,shared,null,holdout,clustering,9,0.0,,9,0.0,,0
101,shared,null,holdout,competing_models,9,0.0,,9,0.0,,0
101,shared,null,holdout,context_oracle,9,0.0,,9,0.0,,0
101,shared,null,holdout,delta_only,9,0.0,,9,0.0,,0
101,shared,null,holdout,frequency,9,0.0,,9,0.0,,0
101,shared,null,holdout,mdi,9,0.0,,9,0.0,,0
101,shared,null,holdout,mdi_decay0,9,0.0,,9,0.0,,0
101,shared,null,holdout,mdi_decay020,9,0.0,,9,0.0,,0
101,shared,null,holdout,mdi_no_novelty,9,0.0,,9,0.0,,0
101,shared,null,holdout,mdi_original,9,0.0,,9,0.0,,0
101,shared,null,holdout,mdi_reset,9,0.0,,9,0.0,,0
101,shared,null,holdout,mdi_with_delta,9,0.0,,9,0.0,,0
101,shared,null,holdout,predicate_match,9,0.0,,9,0.0,,0
101,shared,null,holdout,random,9,0.0,,9,0.0,,0
101,shared,null,holdout,recurrence,9,0.0,,9,0.0,,0
101,shared,null,holdout,similarity,9,0.0,,9,0.0,,0
101,shared,null,holdout,value_profile,9,0.0,,9,0.0,,0
101,shared,switch,exposed,association_only,9,0.0,,9,0.0,,0
101,shared,switch,exposed,clustering,9,0.0,,9,0.0,,0
101,shared,switch,exposed,competing_models,9,0.0,,9,0.0,,0
101,shared,switch,exposed,context_oracle,9,0.0,,9,0.0,,0
101,shared,switch,exposed,delta_only,8,1.0,2.0,9,0.0,,0
101,shared,switch,exposed,frequency,9,0.0,,9,0.0,,0
101,shared,switch,exposed,mdi,9,0.0,,9,0.0,,0
101,shared,switch,exposed,mdi_decay0,9,0.0,,9,0.0,,0
101,shared,switch,exposed,mdi_decay020,9,0.0,,9,0.0,,0
101,shared,switch,exposed,mdi_no_novelty,9,0.0,,9,0.0,,0
101,shared,switch,exposed,mdi_original,9,0.0,,9,0.0,,0
101,shared,switch,exposed,mdi_reset,9,0.0,,9,0.0,,0
101,shared,switch,exposed,mdi_with_delta,9,0.0,,9,0.0,,0
101,shared,switch,exposed,predicate_match,8,1.0,2.0,8,1.0,2.0,0
101,shared,switch,exposed,random,9,0.0,,9,0.0,,0
101,shared,switch,exposed,recurrence,9,0.0,,9,0.0,,0
101,shared,switch,exposed,similarity,9,0.0,,9,0.0,,0
101,shared,switch,exposed,value_profile,9,0.0,,9,0.0,,0
101,shared,switch,holdout,association_only,9,0.0,,9,0.0,,0
101,shared,switch,holdout,clustering,9,0.0,,9,0.0,,0
101,shared,switch,holdout,competing_models,9,0.0,,9,0.0,,0
101,shared,switch,holdout,context_oracle,9,0.0,,9,0.0,,0
101,shared,switch,holdout,delta_only,9,0.0,,9,0.0,,0
101,shared,switch,holdout,frequency,9,0.0,,9,0.0,,0
101,shared,switch,holdout,mdi,9,0.0,,9,0.0,,0
101,shared,switch,holdout,mdi_decay0,9,0.0,,9,0.0,,0
101,shared,switch,holdout,mdi_decay020,9,0.0,,9,0.0,,0
101,shared,switch,holdout,mdi_no_novelty,9,0.0,,9,0.0,,0
101,shared,switch,holdout,mdi_original,9,0.0,,9,0.0,,0
101,shared,switch,holdout,mdi_reset,9,0.0,,9,0.0,,0
101,shared,switch,holdout,mdi_with_delta,9,0.0,,9,0.0,,0
101,shared,switch,holdout,predicate_match,8,1.0,2.0,8,1.0,2.0,0
101,shared,switch,holdout,random,9,0.0,,9,0.0,,0
101,shared,switch,holdout,recurrence,9,0.0,,9,0.0,,0
101,shared,switch,holdout,similarity,9,0.0,,9,0.0,,0
101,shared,switch,holdout,value_profile,9,0.0,,9,0.0,,0
101,structural,ambiguous,exposed,association_only,6,1.0,0.0,6,1.0,0.0,2
101,structural,ambiguous,exposed,clustering,9,0.0,,9,0.0,,0
101,structural,ambiguous,exposed,competing_models,6,1.0,0.0,6,1.0,0.0,2
101,structural,ambiguous,exposed,context_oracle,0,1.0,-6.0,9,0.0,,8
101,structural,ambiguous,exposed,delta_only,6,1.0,0.0,9,0.0,,2
101,structural,ambiguous,exposed,frequency,9,0.0,,9,0.0,,0
101,structural,ambiguous,exposed,mdi,6,1.0,0.0,6,1.0,0.0,2
101,structural,ambiguous,exposed,mdi_decay0,6,1.0,0.0,6,1.0,0.0,2
101,structural,ambiguous,exposed,mdi_decay020,6,1.0,0.0,6,1.0,0.0,2
101,structural,ambiguous,exposed,mdi_no_novelty,6,1.0,0.0,6,1.0,0.0,2
101,structural,ambiguous,exposed,mdi_original,6,1.0,0.0,7,1.0,1.0,2
101,structural,ambiguous,exposed,mdi_reset,9,0.0,,9,0.0,,0
101,structural,ambiguous,exposed,mdi_with_delta,6,1.0,0.0,6,1.0,0.0,2
101,structural,ambiguous,exposed,predicate_match,6,1.0,0.0,9,0.0,,2
101,structural,ambiguous,exposed,random,9,0.0,,9,0.0,,0
101,structural,ambiguous,exposed,recurrence,6,1.0,0.0,9,0.0,,2
101,structural,ambiguous,exposed,similarity,9,0.0,,9,0.0,,0
101,structural,ambiguous,exposed,value_profile,6,1.0,0.0,6,1.0,0.0,2
101,structural,ambiguous,holdout,association_only,6,1.0,0.0,6,1.0,0.0,2
101,structural,ambiguous,holdout,clustering,9,0.0,,9,0.0,,0
101,structural,ambiguous,holdout,competing_models,6,1.0,0.0,6,1.0,0.0,2
101,structural,ambiguous,holdout,context_oracle,0,1.0,-6.0,9,0.0,,8
101,structural,ambiguous,holdout,delta_only,6,1.0,0.0,9,0.0,,2
101,structural,ambiguous,holdout,frequency,9,0.0,,9,0.0,,0
101,structural,ambiguous,holdout,mdi,6,1.0,0.0,6,1.0,0.0,2
101,structural,ambiguous,holdout,mdi_decay0,6,1.0,0.0,6,1.0,0.0,2
101,structural,ambiguous,holdout,mdi_decay020,6,1.0,0.0,6,1.0,0.0,2
101,structural,ambiguous,holdout,mdi_no_novelty,6,1.0,0.0,6,1.0,0.0,2
101,structural,ambiguous,holdout,mdi_original,6,1.0,0.0,7,1.0,1.0,2
101,structural,ambiguous,holdout,mdi_reset,9,0.0,,9,0.0,,0
101,structural,ambiguous,holdout,mdi_with_delta,6,1.0,0.0,6,1.0,0.0,2
101,structural,ambiguous,holdout,predicate_match,6,1.0,0.0,9,0.0,,2
101,structural,ambiguous,holdout,random,9,0.0,,9,0.0,,0
101,structural,ambiguous,holdout,recurrence,9,0.0,,9,0.0,,0
101,structural,ambiguous,holdout,similarity,9,0.0,,9,0.0,,0
101,structural,ambiguous,holdout,value_profile,6,1.0,0.0,6,1.0,0.0,2
101,structural,clear,exposed,association_only,2,1.0,0.0,2,1.0,0.0,6
101,structural,clear,exposed,clustering,9,0.0,,9,0.0,,0
101,structural,clear,exposed,competing_models,2,1.0,0.0,2,1.0,0.0,6
101,structural,clear,exposed,context_oracle,0,1.0,-2.0,9,0.0,,8
101,structural,clear,exposed,delta_only,2,1.0,0.0,9,0.0,,6
101,structural,clear,exposed,frequency,9,0.0,,9,0.0,,0
101,structural,clear,exposed,mdi,2,1.0,0.0,2,1.0,0.0,6
101,structural,clear,exposed,mdi_decay0,2,1.0,0.0,2,1.0,0.0,6
101,structural,clear,exposed,mdi_decay020,2,1.0,0.0,2,1.0,0.0,6
101,structural,clear,exposed,mdi_no_novelty,2,1.0,0.0,2,1.0,0.0,6
101,structural,clear,exposed,mdi_original,2,1.0,0.0,2,1.0,0.0,6
101,structural,clear,exposed,mdi_reset,9,0.0,,9,0.0,,0
101,structural,clear,exposed,mdi_with_delta,2,1.0,0.0,2,1.0,0.0,6
101,structural,clear,exposed,predicate_match,2,1.0,0.0,5,1.0,3.0,6
101,structural,clear,exposed,random,9,0.0,,9,0.0,,0
101,structural,clear,exposed,recurrence,2,1.0,0.0,9,0.0,,6
101,structural,clear,exposed,similarity,9,0.0,,9,0.0,,0
101,structural,clear,exposed,value_profile,2,1.0,0.0,2,1.0,0.0,6
101,structural,clear,holdout,association_only,2,1.0,0.0,2,1.0,0.0,6
101,structural,clear,holdout,clustering,9,0.0,,9,0.0,,0
101,structural,clear,holdout,competing_models,2,1.0,0.0,2,1.0,0.0,6
101,structural,clear,holdout,context_oracle,0,1.0,-2.0,9,0.0,,8
101,structural,clear,holdout,delta_only,2,1.0,0.0,9,0.0,,6
101,structural,clear,holdout,frequency,9,0.0,,9,0.0,,0
101,structural,clear,holdout,mdi,2,1.0,0.0,2,1.0,0.0,6
101,structural,clear,holdout,mdi_decay0,2,1.0,0.0,2,1.0,0.0,6
101,structural,clear,holdout,mdi_decay020,2,1.0,0.0,2,1.0,0.0,6
101,structural,clear,holdout,mdi_no_novelty,2,1.0,0.0,2,1.0,0.0,6
101,structural,clear,holdout,mdi_original,2,1.0,0.0,2,1.0,0.0,6
101,structural,clear,holdout,mdi_reset,9,0.0,,9,0.0,,0
101,structural,clear,holdout,mdi_with_delta,2,1.0,0.0,2,1.0,0.0,6
101,structural,clear,holdout,predicate_match,2,1.0,0.0,5,1.0,3.0,6
101,structural,clear,holdout,random,9,0.0,,9,0.0,,0
101,structural,clear,holdout,recurrence,9,0.0,,9,0.0,,0
101,structural,clear,holdout,similarity,9,0.0,,9,0.0,,0
101,structural,clear,holdout,value_profile,2,1.0,0.0,2,1.0,0.0,6
101,structural,detour,exposed,association_only,2,1.0,0.0,2,1.0,0.0,6
101,structural,detour,exposed,clustering,9,0.0,,9,0.0,,0
101,structural,detour,exposed,competing_models,2,1.0,0.0,2,1.0,0.0,6
101,structural,detour,exposed,context_oracle,0,1.0,-2.0,9,0.0,,8
101,structural,detour,exposed,delta_only,2,1.0,0.0,9,0.0,,6
101,structural,detour,exposed,frequency,9,0.0,,9,0.0,,0
101,structural,detour,exposed,mdi,2,1.0,0.0,2,1.0,0.0,6
101,structural,detour,exposed,mdi_decay0,2,1.0,0.0,2,1.0,0.0,6
101,structural,detour,exposed,mdi_decay020,2,1.0,0.0,8,1.0,6.0,6
101,structural,detour,exposed,mdi_no_novelty,2,1.0,0.0,2,1.0,0.0,6
101,structural,detour,exposed,mdi_original,2,1.0,0.0,2,1.0,0.0,6
101,structural,detour,exposed,mdi_reset,9,0.0,,9,0.0,,0
101,structural,detour,exposed,mdi_with_delta,2,1.0,0.0,9,0.0,,6
101,structural,detour,exposed,predicate_match,2,1.0,0.0,3,1.0,1.0,6
101,structural,detour,exposed,random,9,0.0,,9,0.0,,0
101,structural,detour,exposed,recurrence,2,1.0,0.0,9,0.0,,6
101,structural,detour,exposed,similarity,9,0.0,,9,0.0,,0
101,structural,detour,exposed,value_profile,2,1.0,0.0,2,1.0,0.0,6
101,structural,detour,holdout,association_only,2,1.0,0.0,2,1.0,0.0,6
101,structural,detour,holdout,clustering,9,0.0,,9,0.0,,0
101,structural,detour,holdout,competing_models,2,1.0,0.0,2,1.0,0.0,6
101,structural,detour,holdout,context_oracle,0,1.0,-2.0,9,0.0,,8
101,structural,detour,holdout,delta_only,2,1.0,0.0,9,0.0,,6
101,structural,detour,holdout,frequency,9,0.0,,9,0.0,,0
101,structural,detour,holdout,mdi,2,1.0,0.0,2,1.0,0.0,6
101,structural,detour,holdout,mdi_decay0,2,1.0,0.0,2,1.0,0.0,6
101,structural,detour,holdout,mdi_decay020,2,1.0,0.0,2,1.0,0.0,6
101,structural,detour,holdout,mdi_no_novelty,2,1.0,0.0,2,1.0,0.0,6
101,structural,detour,holdout,mdi_original,2,1.0,0.0,8,1.0,6.0,6
101,structural,detour,holdout,mdi_reset,9,0.0,,9,0.0,,0
101,structural,detour,holdout,mdi_with_delta,2,1.0,0.0,9,0.0,,6
101,structural,detour,holdout,predicate_match,2,1.0,0.0,3,1.0,1.0,6
101,structural,detour,holdout,random,9,0.0,,9,0.0,,0
101,structural,detour,holdout,recurrence,9,0.0,,9,0.0,,0
101,structural,detour,holdout,similarity,9,0.0,,9,0.0,,0
101,structural,detour,holdout,value_profile,2,1.0,0.0,2,1.0,0.0,6
101,structural,null,exposed,association_only,9,0.0,,9,0.0,,0
101,structural,null,exposed,clustering,9,0.0,,9,0.0,,0
101,structural,null,exposed,competing_models,9,0.0,,9,0.0,,0
101,structural,null,exposed,context_oracle,0,1.0,,9,0.0,,8
101,structural,null,exposed,delta_only,9,0.0,,9,0.0,,0
101,structural,null,exposed,frequency,9,0.0,,9,0.0,,0
101,structural,null,exposed,mdi,9,0.0,,9,0.0,,0
101,structural,null,exposed,mdi_decay0,9,0.0,,9,0.0,,0
101,structural,null,exposed,mdi_decay020,9,0.0,,9,0.0,,0
101,structural,null,exposed,mdi_no_novelty,9,0.0,,9,0.0,,0
101,structural,null,exposed,mdi_original,9,0.0,,9,0.0,,0
101,structural,null,exposed,mdi_reset,9,0.0,,9,0.0,,0
101,structural,null,exposed,mdi_with_delta,9,0.0,,9,0.0,,0
101,structural,null,exposed,predicate_match,9,0.0,,9,0.0,,0
101,structural,null,exposed,random,9,0.0,,9,0.0,,0
101,structural,null,exposed,recurrence,9,0.0,,9,0.0,,0
101,structural,null,exposed,similarity,9,0.0,,9,0.0,,0
101,structural,null,exposed,value_profile,9,0.0,,9,0.0,,0
101,structural,null,holdout,association_only,9,0.0,,9,0.0,,0
101,structural,null,holdout,clustering,9,0.0,,9,0.0,,0
101,structural,null,holdout,competing_models,9,0.0,,9,0.0,,0
101,structural,null,holdout,context_oracle,0,1.0,,9,0.0,,8
101,structural,null,holdout,delta_only,9,0.0,,9,0.0,,0
101,structural,null,holdout,frequency,9,0.0,,9,0.0,,0
101,structural,null,holdout,mdi,9,0.0,,9,0.0,,0
101,structural,null,holdout,mdi_decay0,9,0.0,,9,0.0,,0
101,structural,null,holdout,mdi_decay020,9,0.0,,9,0.0,,0
101,structural,null,holdout,mdi_no_novelty,9,0.0,,9,0.0,,0
101,structural,null,holdout,mdi_original,9,0.0,,9,0.0,,0
101,structural,null,holdout,mdi_reset,9,0.0,,9,0.0,,0
101,structural,null,holdout,mdi_with_delta,9,0.0,,9,0.0,,0
101,structural,null,holdout,predicate_match,9,0.0,,9,0.0,,0
101,structural,null,holdout,random,9,0.0,,9,0.0,,0
101,structural,null,holdout,recurrence,9,0.0,,9,0.0,,0
101,structural,null,holdout,similarity,9,0.0,,9,0.0,,0
101,structural,null,holdout,value_profile,9,0.0,,9,0.0,,0
101,structural,switch,exposed,association_only,7,1.0,2.0,9,0.0,,1
101,structural,switch,exposed,clustering,9,0.0,,9,0.0,,0
101,structural,switch,exposed,competing_models,7,1.0,2.0,7,1.0,2.0,1
101,structural,switch,exposed,context_oracle,0,1.0,-5.0,9,0.0,,8
101,structural,switch,exposed,delta_only,9,0.0,,9,0.0,,0
101,structural,switch,exposed,frequency,9,0.0,,9,0.0,,0
101,structural,switch,exposed,mdi,7,1.0,2.0,8,1.0,3.0,1
101,structural,switch,exposed,mdi_decay0,8,1.0,3.0,8,1.0,3.0,0
101,structural,switch,exposed,mdi_decay020,6,1.0,1.0,7,1.0,2.0,2
101,structural,switch,exposed,mdi_no_novelty,7,1.0,2.0,8,1.0,3.0,1
101,structural,switch,exposed,mdi_original,8,1.0,3.0,9,0.0,,0
101,structural,switch,exposed,mdi_reset,9,0.0,,9,0.0,,0
101,structural,switch,exposed,mdi_with_delta,9,0.0,,9,0.0,,0
101,structural,switch,exposed,predicate_match,8,1.0,3.0,8,1.0,3.0,0
101,structural,switch,exposed,random,9,0.0,,9,0.0,,0
101,structural,switch,exposed,recurrence,9,0.0,,9,0.0,,0
101,structural,switch,exposed,similarity,9,0.0,,9,0.0,,0
101,structural,switch,exposed,value_profile,7,1.0,2.0,8,1.0,3.0,1
101,structural,switch,holdout,association_only,8,1.0,3.0,9,0.0,,0
101,structural,switch,holdout,clustering,9,0.0,,9,0.0,,0
101,structural,switch,holdout,competing_models,7,1.0,2.0,7,1.0,2.0,1
101,structural,switch,holdout,context_oracle,0,1.0,-5.0,9,0.0,,8
101,structural,switch,holdout,delta_only,9,0.0,,9,0.0,,0
101,structural,switch,holdout,frequency,9,0.0,,9,0.0,,0
101,structural,switch,holdout,mdi,7,1.0,2.0,8,1.0,3.0,1
101,structural,switch,holdout,mdi_decay0,8,1.0,3.0,8,1.0,3.0,0
101,structural,switch,holdout,mdi_decay020,6,1.0,1.0,7,1.0,2.0,2
101,structural,switch,holdout,mdi_no_novelty,7,1.0,2.0,8,1.0,3.0,1
101,structural,switch,holdout,mdi_original,9,0.0,,9,0.0,,0
101,structural,switch,holdout,mdi_reset,9,0.0,,9,0.0,,0
101,structural,switch,holdout,mdi_with_delta,9,0.0,,9,0.0,,0
101,structural,switch,holdout,predicate_match,8,1.0,3.0,8,1.0,3.0,0
101,structural,switch,holdout,random,9,0.0,,9,0.0,,0
101,structural,switch,holdout,recurrence,9,0.0,,9,0.0,,0
101,structural,switch,holdout,similarity,9,0.0,,9,0.0,,0
101,structural,switch,holdout,value_profile,7,1.0,2.0,8,1.0,3.0,1
102,compositional,ambiguous,exposed,association_only,6,1.0,0.0,6,1.0,0.0,2
102,compositional,ambiguous,exposed,clustering,9,0.0,,9,0.0,,0
102,compositional,ambiguous,exposed,competing_models,6,1.0,0.0,9,0.0,,2
102,compositional,ambiguous,exposed,context_oracle,0,1.0,-6.0,9,0.0,,8
102,compositional,ambiguous,exposed,delta_only,7,1.0,1.0,9,0.0,,1
102,compositional,ambiguous,exposed,frequency,9,0.0,,9,0.0,,0
102,compositional,ambiguous,exposed,mdi,6,1.0,0.0,9,0.0,,2
102,compositional,ambiguous,exposed,mdi_decay0,6,1.0,0.0,9,0.0,,2
102,compositional,ambiguous,exposed,mdi_decay020,6,1.0,0.0,9,0.0,,2
102,compositional,ambiguous,exposed,mdi_no_novelty,6,1.0,0.0,8,1.0,2.0,2
102,compositional,ambiguous,exposed,mdi_original,6,1.0,0.0,8,1.0,2.0,2
102,compositional,ambiguous,exposed,mdi_reset,9,0.0,,9,0.0,,0
102,compositional,ambiguous,exposed,mdi_with_delta,6,1.0,0.0,9,0.0,,2
102,compositional,ambiguous,exposed,predicate_match,6,1.0,0.0,8,1.0,2.0,2
102,compositional,ambiguous,exposed,random,9,0.0,,9,0.0,,0
102,compositional,ambiguous,exposed,recurrence,6,1.0,0.0,9,0.0,,2
102,compositional,ambiguous,exposed,similarity,9,0.0,,9,0.0,,0
102,compositional,ambiguous,exposed,value_profile,6,1.0,0.0,9,0.0,,2
102,compositional,ambiguous,holdout,association_only,6,1.0,0.0,6,1.0,0.0,2
102,compositional,ambiguous,holdout,clustering,9,0.0,,9,0.0,,0
102,compositional,ambiguous,holdout,competing_models,6,1.0,0.0,8,1.0,2.0,2
102,compositional,ambiguous,holdout,context_oracle,0,1.0,-6.0,9,0.0,,8
102,compositional,ambiguous,holdout,delta_only,9,0.0,,9,0.0,,0
102,compositional,ambiguous,holdout,frequency,9,0.0,,9,0.0,,0
102,compositional,ambiguous,holdout,mdi,6,1.0,0.0,7,1.0,1.0,2
102,compositional,ambiguous,holdout,mdi_decay0,6,1.0,0.0,7,1.0,1.0,2
102,compositional,ambiguous,holdout,mdi_decay020,6,1.0,0.0,8,1.0,2.0,2
102,compositional,ambiguous,holdout,mdi_no_novelty,6,1.0,0.0,7,1.0,1.0,2
102,compositional,ambiguous,holdout,mdi_original,6,1.0,0.0,8,1.0,2.0,2
102,compositional,ambiguous,holdout,mdi_reset,9,0.0,,9,0.0,,0
102,compositional,ambiguous,holdout,mdi_with_delta,6,1.0,0.0,9,0.0,,2
102,compositional,ambiguous,holdout,predicate_match,6,1.0,0.0,8,1.0,2.0,2
102,compositional,ambiguous,holdout,random,9,0.0,,9,0.0,,0
102,compositional,ambiguous,holdout,recurrence,9,0.0,,9,0.0,,0
102,compositional,ambiguous,holdout,similarity,9,0.0,,9,0.0,,0
102,compositional,ambiguous,holdout,value_profile,6,1.0,0.0,8,1.0,2.0,2
102,compositional,clear,exposed,association_only,2,1.0,0.0,4,1.0,2.0,6
102,compositional,clear,exposed,clustering,9,0.0,,9,0.0,,0
102,compositional,clear,exposed,competing_models,2,1.0,0.0,9,0.0,,6
102,compositional,clear,exposed,context_oracle,0,1.0,-2.0,9,0.0,,8
102,compositional,clear,exposed,delta_only,9,0.0,,9,0.0,,0
102,compositional,clear,exposed,frequency,9,0.0,,9,0.0,,0
102,compositional,clear,exposed,mdi,2,1.0,0.0,9,0.0,,6
102,compositional,clear,exposed,mdi_decay0,2,1.0,0.0,7,1.0,5.0,6
102,compositional,clear,exposed,mdi_decay020,2,1.0,0.0,7,1.0,5.0,6
102,compositional,clear,exposed,mdi_no_novelty,2,1.0,0.0,7,1.0,5.0,6
102,compositional,clear,exposed,mdi_original,2,1.0,0.0,4,1.0,2.0,6
102,compositional,clear,exposed,mdi_reset,9,0.0,,9,0.0,,0
102,compositional,clear,exposed,mdi_with_delta,9,0.0,,9,0.0,,0
102,compositional,clear,exposed,predicate_match,2,1.0,0.0,9,0.0,,6
102,compositional,clear,exposed,random,9,0.0,,9,0.0,,0
102,compositional,clear,exposed,recurrence,2,1.0,0.0,9,0.0,,6
102,compositional,clear,exposed,similarity,9,0.0,,9,0.0,,0
102,compositional,clear,exposed,value_profile,2,1.0,0.0,9,0.0,,6
102,compositional,clear,holdout,association_only,2,1.0,0.0,4,1.0,2.0,6
102,compositional,clear,holdout,clustering,9,0.0,,9,0.0,,0
102,compositional,clear,holdout,competing_models,2,1.0,0.0,9,0.0,,6
102,compositional,clear,holdout,context_oracle,0,1.0,-2.0,9,0.0,,8
102,compositional,clear,holdout,delta_only,9,0.0,,9,0.0,,0
102,compositional,clear,holdout,frequency,9,0.0,,9,0.0,,0
102,compositional,clear,holdout,mdi,2,1.0,0.0,9,0.0,,6
102,compositional,clear,holdout,mdi_decay0,2,1.0,0.0,9,0.0,,6
102,compositional,clear,holdout,mdi_decay020,2,1.0,0.0,9,0.0,,6
102,compositional,clear,holdout,mdi_no_novelty,2,1.0,0.0,9,0.0,,6
102,compositional,clear,holdout,mdi_original,2,1.0,0.0,9,0.0,,6
102,compositional,clear,holdout,mdi_reset,9,0.0,,9,0.0,,0
102,compositional,clear,holdout,mdi_with_delta,2,1.0,0.0,9,0.0,,6
102,compositional,clear,holdout,predicate_match,2,1.0,0.0,9,0.0,,6
102,compositional,clear,holdout,random,9,0.0,,9,0.0,,0
102,compositional,clear,holdout,recurrence,9,0.0,,9,0.0,,0
102,compositional,clear,holdout,similarity,9,0.0,,9,0.0,,0
102,compositional,clear,holdout,value_profile,2,1.0,0.0,9,0.0,,6
102,compositional,detour,exposed,association_only,9,0.0,,9,0.0,,0
102,compositional,detour,exposed,clustering,9,0.0,,9,0.0,,0
102,compositional,detour,exposed,competing_models,5,1.0,3.0,9,0.0,,3
102,compositional,detour,exposed,context_oracle,0,1.0,-2.0,9,0.0,,8
102,compositional,detour,exposed,delta_only,8,1.0,6.0,9,0.0,,0
102,compositional,detour,exposed,frequency,9,0.0,,9,0.0,,0
102,compositional,detour,exposed,mdi,9,0.0,,9,0.0,,0
102,compositional,detour,exposed,mdi_decay0,9,0.0,,9,0.0,,0
102,compositional,detour,exposed,mdi_decay020,9,0.0,,9,0.0,,0
102,compositional,detour,exposed,mdi_no_novelty,9,0.0,,9,0.0,,0
102,compositional,detour,exposed,mdi_original,9,0.0,,9,0.0,,0
102,compositional,detour,exposed,mdi_reset,9,0.0,,9,0.0,,0
102,compositional,detour,exposed,mdi_with_delta,9,0.0,,9,0.0,,0
102,compositional,detour,exposed,predicate_match,9,0.0,,9,0.0,,0
102,compositional,detour,exposed,random,9,0.0,,9,0.0,,0
102,compositional,detour,exposed,recurrence,9,0.0,,9,0.0,,0
102,compositional,detour,exposed,similarity,9,0.0,,9,0.0,,0
102,compositional,detour,exposed,value_profile,9,0.0,,9,0.0,,0
102,compositional,detour,holdout,association_only,9,0.0,,9,0.0,,0
102,compositional,detour,holdout,clustering,9,0.0,,9,0.0,,0
102,compositional,detour,holdout,competing_models,5,1.0,3.0,9,0.0,,3
102,compositional,detour,holdout,context_oracle,0,1.0,-2.0,9,0.0,,8
102,compositional,detour,holdout,delta_only,8,1.0,6.0,9,0.0,,0
102,compositional,detour,holdout,frequency,9,0.0,,9,0.0,,0
102,compositional,detour,holdout,mdi,9,0.0,,9,0.0,,0
102,compositional,detour,holdout,mdi_decay0,9,0.0,,9,0.0,,0
102,compositional,detour,holdout,mdi_decay020,9,0.0,,9,0.0,,0
102,compositional,detour,holdout,mdi_no_novelty,9,0.0,,9,0.0,,0
102,compositional,detour,holdout,mdi_original,9,0.0,,9,0.0,,0
102,compositional,detour,holdout,mdi_reset,9,0.0,,9,0.0,,0
102,compositional,detour,holdout,mdi_with_delta,9,0.0,,9,0.0,,0
102,compositional,detour,holdout,predicate_match,9,0.0,,9,0.0,,0
102,compositional,detour,holdout,random,9,0.0,,9,0.0,,0
102,compositional,detour,holdout,recurrence,9,0.0,,9,0.0,,0
102,compositional,detour,holdout,similarity,9,0.0,,9,0.0,,0
102,compositional,detour,holdout,value_profile,9,0.0,,9,0.0,,0
102,compositional,null,exposed,association_only,9,0.0,,9,0.0,,0
102,compositional,null,exposed,clustering,9,0.0,,9,0.0,,0
102,compositional,null,exposed,competing_models,9,0.0,,9,0.0,,0
102,compositional,null,exposed,context_oracle,0,1.0,,9,0.0,,8
102,compositional,null,exposed,delta_only,9,0.0,,9,0.0,,0
102,compositional,null,exposed,frequency,9,0.0,,9,0.0,,0
102,compositional,null,exposed,mdi,9,0.0,,9,0.0,,0
102,compositional,null,exposed,mdi_decay0,9,0.0,,9,0.0,,0
102,compositional,null,exposed,mdi_decay020,9,0.0,,9,0.0,,0
102,compositional,null,exposed,mdi_no_novelty,9,0.0,,9,0.0,,0
102,compositional,null,exposed,mdi_original,9,0.0,,9,0.0,,0
102,compositional,null,exposed,mdi_reset,9,0.0,,9,0.0,,0
102,compositional,null,exposed,mdi_with_delta,9,0.0,,9,0.0,,0
102,compositional,null,exposed,predicate_match,9,0.0,,9,0.0,,0
102,compositional,null,exposed,random,9,0.0,,9,0.0,,0
102,compositional,null,exposed,recurrence,9,0.0,,9,0.0,,0
102,compositional,null,exposed,similarity,9,0.0,,9,0.0,,0
102,compositional,null,exposed,value_profile,9,0.0,,9,0.0,,0
102,compositional,null,holdout,association_only,9,0.0,,9,0.0,,0
102,compositional,null,holdout,clustering,9,0.0,,9,0.0,,0
102,compositional,null,holdout,competing_models,9,0.0,,9,0.0,,0
102,compositional,null,holdout,context_oracle,0,1.0,,9,0.0,,8
102,compositional,null,holdout,delta_only,9,0.0,,9,0.0,,0
102,compositional,null,holdout,frequency,9,0.0,,9,0.0,,0
102,compositional,null,holdout,mdi,9,0.0,,9,0.0,,0
102,compositional,null,holdout,mdi_decay0,9,0.0,,9,0.0,,0
102,compositional,null,holdout,mdi_decay020,9,0.0,,9,0.0,,0
102,compositional,null,holdout,mdi_no_novelty,9,0.0,,9,0.0,,0
102,compositional,null,holdout,mdi_original,9,0.0,,9,0.0,,0
102,compositional,null,holdout,mdi_reset,9,0.0,,9,0.0,,0
102,compositional,null,holdout,mdi_with_delta,9,0.0,,9,0.0,,0
102,compositional,null,holdout,predicate_match,9,0.0,,9,0.0,,0
102,compositional,null,holdout,random,9,0.0,,9,0.0,,0
102,compositional,null,holdout,recurrence,9,0.0,,9,0.0,,0
102,compositional,null,holdout,similarity,9,0.0,,9,0.0,,0
102,compositional,null,holdout,value_profile,9,0.0,,9,0.0,,0
102,compositional,switch,exposed,association_only,7,1.0,2.0,9,0.0,,1
102,compositional,switch,exposed,clustering,9,0.0,,9,0.0,,0
102,compositional,switch,exposed,competing_models,7,1.0,2.0,9,0.0,,1
102,compositional,switch,exposed,context_oracle,0,1.0,-5.0,9,0.0,,8
102,compositional,switch,exposed,delta_only,9,0.0,,9,0.0,,0
102,compositional,switch,exposed,frequency,9,0.0,,9,0.0,,0
102,compositional,switch,exposed,mdi,7,1.0,2.0,8,1.0,3.0,1
102,compositional,switch,exposed,mdi_decay0,8,1.0,3.0,9,0.0,,0
102,compositional,switch,exposed,mdi_decay020,7,1.0,2.0,7,1.0,2.0,1
102,compositional,switch,exposed,mdi_no_novelty,7,1.0,2.0,8,1.0,3.0,1
102,compositional,switch,exposed,mdi_original,8,1.0,3.0,9,0.0,,0
102,compositional,switch,exposed,mdi_reset,9,0.0,,9,0.0,,0
102,compositional,switch,exposed,mdi_with_delta,9,0.0,,9,0.0,,0
102,compositional,switch,exposed,predicate_match,7,1.0,2.0,7,1.0,2.0,1
102,compositional,switch,exposed,random,9,0.0,,9,0.0,,0
102,compositional,switch,exposed,recurrence,9,0.0,,9,0.0,,0
102,compositional,switch,exposed,similarity,9,0.0,,9,0.0,,0
102,compositional,switch,exposed,value_profile,7,1.0,2.0,9,0.0,,1
102,compositional,switch,holdout,association_only,8,1.0,3.0,9,0.0,,0
102,compositional,switch,holdout,clustering,9,0.0,,9,0.0,,0
102,compositional,switch,holdout,competing_models,7,1.0,2.0,9,0.0,,1
102,compositional,switch,holdout,context_oracle,0,1.0,-5.0,9,0.0,,8
102,compositional,switch,holdout,delta_only,9,0.0,,9,0.0,,0
102,compositional,switch,holdout,frequency,9,0.0,,9,0.0,,0
102,compositional,switch,holdout,mdi,7,1.0,2.0,8,1.0,3.0,1
102,compositional,switch,holdout,mdi_decay0,8,1.0,3.0,9,0.0,,0
102,compositional,switch,holdout,mdi_decay020,7,1.0,2.0,9,0.0,,1
102,compositional,switch,holdout,mdi_no_novelty,7,1.0,2.0,8,1.0,3.0,1
102,compositional,switch,holdout,mdi_original,8,1.0,3.0,9,0.0,,0
102,compositional,switch,holdout,mdi_reset,9,0.0,,9,0.0,,0
102,compositional,switch,holdout,mdi_with_delta,9,0.0,,9,0.0,,0
102,compositional,switch,holdout,predicate_match,7,1.0,2.0,7,1.0,2.0,1
102,compositional,switch,holdout,random,9,0.0,,9,0.0,,0
102,compositional,switch,holdout,recurrence,9,0.0,,9,0.0,,0
102,compositional,switch,holdout,similarity,9,0.0,,9,0.0,,0
102,compositional,switch,holdout,value_profile,7,1.0,2.0,7,1.0,2.0,1
102,distributional,ambiguous,exposed,association_only,6,1.0,0.0,9,0.0,,2
102,distributional,ambiguous,exposed,clustering,9,0.0,,9,0.0,,0
102,distributional,ambiguous,exposed,competing_models,6,1.0,0.0,6,1.0,0.0,2
102,distributional,ambiguous,exposed,context_oracle,0,1.0,-6.0,9,0.0,,8
102,distributional,ambiguous,exposed,delta_only,6,1.0,0.0,9,0.0,,2
102,distributional,ambiguous,exposed,frequency,9,0.0,,9,0.0,,0
102,distributional,ambiguous,exposed,mdi,6,1.0,0.0,9,0.0,,2
102,distributional,ambiguous,exposed,mdi_decay0,6,1.0,0.0,9,0.0,,2
102,distributional,ambiguous,exposed,mdi_decay020,6,1.0,0.0,9,0.0,,2
102,distributional,ambiguous,exposed,mdi_no_novelty,6,1.0,0.0,9,0.0,,2
102,distributional,ambiguous,exposed,mdi_original,9,0.0,,9,0.0,,0
102,distributional,ambiguous,exposed,mdi_reset,9,0.0,,9,0.0,,0
102,distributional,ambiguous,exposed,mdi_with_delta,6,1.0,0.0,9,0.0,,2
102,distributional,ambiguous,exposed,predicate_match,6,1.0,0.0,9,0.0,,2
102,distributional,ambiguous,exposed,random,9,0.0,,9,0.0,,0
102,distributional,ambiguous,exposed,recurrence,7,1.0,1.0,9,0.0,,1
102,distributional,ambiguous,exposed,similarity,9,0.0,,9,0.0,,0
102,distributional,ambiguous,exposed,value_profile,6,1.0,0.0,9,0.0,,2
102,distributional,ambiguous,holdout,association_only,6,1.0,0.0,6,1.0,0.0,2
102,distributional,ambiguous,holdout,clustering,9,0.0,,9,0.0,,0
102,distributional,ambiguous,holdout,competing_models,6,1.0,0.0,7,1.0,1.0,2
102,distributional,ambiguous,holdout,context_oracle,0,1.0,-6.0,9,0.0,,8
102,distributional,ambiguous,holdout,delta_only,6,1.0,0.0,9,0.0,,2
102,distributional,ambiguous,holdout,frequency,9,0.0,,9,0.0,,0
102,distributional,ambiguous,holdout,mdi,6,1.0,0.0,7,1.0,1.0,2
102,distributional,ambiguous,holdout,mdi_decay0,6,1.0,0.0,7,1.0,1.0,2
102,distributional,ambiguous,holdout,mdi_decay020,6,1.0,0.0,6,1.0,0.0,2
102,distributional,ambiguous,holdout,mdi_no_novelty,6,1.0,0.0,7,1.0,1.0,2
102,distributional,ambiguous,holdout,mdi_original,9,0.0,,9,0.0,,0
102,distributional,ambiguous,holdout,mdi_reset,9,0.0,,9,0.0,,0
102,distributional,ambiguous,holdout,mdi_with_delta,6,1.0,0.0,9,0.0,,2
102,distributional,ambiguous,holdout,predicate_match,6,1.0,0.0,9,0.0,,2
102,distributional,ambiguous,holdout,random,9,0.0,,9,0.0,,0
102,distributional,ambiguous,holdout,recurrence,9,0.0,,9,0.0,,0
102,distributional,ambiguous,holdout,similarity,9,0.0,,9,0.0,,0
102,distributional,ambiguous,holdout,value_profile,6,1.0,0.0,9,0.0,,2
102,distributional,clear,exposed,association_only,2,1.0,0.0,2,1.0,0.0,6
102,distributional,clear,exposed,clustering,9,0.0,,9,0.0,,0
102,distributional,clear,exposed,competing_models,2,1.0,0.0,2,1.0,0.0,6
102,distributional,clear,exposed,context_oracle,0,1.0,-2.0,9,0.0,,8
102,distributional,clear,exposed,delta_only,2,1.0,0.0,9,0.0,,6
102,distributional,clear,exposed,frequency,9,0.0,,9,0.0,,0
102,distributional,clear,exposed,mdi,2,1.0,0.0,2,1.0,0.0,6
102,distributional,clear,exposed,mdi_decay0,2,1.0,0.0,2,1.0,0.0,6
102,distributional,clear,exposed,mdi_decay020,2,1.0,0.0,2,1.0,0.0,6
102,distributional,clear,exposed,mdi_no_novelty,2,1.0,0.0,2,1.0,0.0,6
102,distributional,clear,exposed,mdi_original,9,0.0,,9,0.0,,0
102,distributional,clear,exposed,mdi_reset,9,0.0,,9,0.0,,0
102,distributional,clear,exposed,mdi_with_delta,2,1.0,0.0,2,1.0,0.0,6
102,distributional,clear,exposed,predicate_match,2,1.0,0.0,5,1.0,3.0,6
102,distributional,clear,exposed,random,9,0.0,,9,0.0,,0
102,distributional,clear,exposed,recurrence,2,1.0,0.0,3,1.0,1.0,6
102,distributional,clear,exposed,similarity,9,0.0,,9,0.0,,0
102,distributional,clear,exposed,value_profile,2,1.0,0.0,2,1.0,0.0,6
102,distributional,clear,holdout,association_only,2,1.0,0.0,3,1.0,1.0,6
102,distributional,clear,holdout,clustering,9,0.0,,9,0.0,,0
102,distributional,clear,holdout,competing_models,2,1.0,0.0,2,1.0,0.0,6
102,distributional,clear,holdout,context_oracle,0,1.0,-2.0,9,0.0,,8
102,distributional,clear,holdout,delta_only,2,1.0,0.0,5,1.0,3.0,6
102,distributional,clear,holdout,frequency,9,0.0,,9,0.0,,0
102,distributional,clear,holdout,mdi,2,1.0,0.0,2,1.0,0.0,6
102,distributional,clear,holdout,mdi_decay0,2,1.0,0.0,2,1.0,0.0,6
102,distributional,clear,holdout,mdi_decay020,2,1.0,0.0,2,1.0,0.0,6
102,distributional,clear,holdout,mdi_no_novelty,2,1.0,0.0,2,1.0,0.0,6
102,distributional,clear,holdout,mdi_original,9,0.0,,9,0.0,,0
102,distributional,clear,holdout,mdi_reset,9,0.0,,9,0.0,,0
102,distributional,clear,holdout,mdi_with_delta,2,1.0,0.0,2,1.0,0.0,6
102,distributional,clear,holdout,predicate_match,2,1.0,0.0,5,1.0,3.0,6
102,distributional,clear,holdout,random,9,0.0,,9,0.0,,0
102,distributional,clear,holdout,recurrence,9,0.0,,9,0.0,,0
102,distributional,clear,holdout,similarity,9,0.0,,9,0.0,,0
102,distributional,clear,holdout,value_profile,2,1.0,0.0,2,1.0,0.0,6
102,distributional,detour,exposed,association_only,2,1.0,0.0,9,0.0,,6
102,distributional,detour,exposed,clustering,9,0.0,,9,0.0,,0
102,distributional,detour,exposed,competing_models,2,1.0,0.0,8,1.0,6.0,6
102,distributional,detour,exposed,context_oracle,0,1.0,-2.0,9,0.0,,8
102,distributional,detour,exposed,delta_only,9,0.0,,9,0.0,,0
102,distributional,detour,exposed,frequency,9,0.0,,9,0.0,,0
102,distributional,detour,exposed,mdi,2,1.0,0.0,9,0.0,,6
102,distributional,detour,exposed,mdi_decay0,2,1.0,0.0,9,0.0,,6
102,distributional,detour,exposed,mdi_decay020,2,1.0,0.0,9,0.0,,6
102,distributional,detour,exposed,mdi_no_novelty,2,1.0,0.0,9,0.0,,6
102,distributional,detour,exposed,mdi_original,9,0.0,,9,0.0,,0
102,distributional,detour,exposed,mdi_reset,9,0.0,,9,0.0,,0
102,distributional,detour,exposed,mdi_with_delta,2,1.0,0.0,9,0.0,,6
102,distributional,detour,exposed,predicate_match,2,1.0,0.0,3,1.0,1.0,6
102,distributional,detour,exposed,random,9,0.0,,9,0.0,,0
102,distributional,detour,exposed,recurrence,8,1.0,6.0,9,0.0,,0
102,distributional,detour,exposed,similarity,9,0.0,,9,0.0,,0
102,distributional,detour,exposed,value_profile,2,1.0,0.0,8,1.0,6.0,6
102,distributional,detour,holdout,association_only,2,1.0,0.0,9,0.0,,6
102,distributional,detour,holdout,clustering,9,0.0,,9,0.0,,0
102,distributional,detour,holdout,competing_models,2,1.0,0.0,8,1.0,6.0,6
102,distributional,detour,holdout,context_oracle,0,1.0,-2.0,9,0.0,,8
102,distributional,detour,holdout,delta_only,9,0.0,,9,0.0,,0
102,distributional,detour,holdout,frequency,9,0.0,,9,0.0,,0
102,distributional,detour,holdout,mdi,2,1.0,0.0,7,1.0,5.0,6
102,distributional,detour,holdout,mdi_decay0,2,1.0,0.0,3,1.0,1.0,6
102,distributional,detour,holdout,mdi_decay020,2,1.0,0.0,9,0.0,,6
102,distributional,detour,holdout,mdi_no_novelty,2,1.0,0.0,9,0.0,,6
102,distributional,detour,holdout,mdi_original,9,0.0,,9,0.0,,0
102,distributional,detour,holdout,mdi_reset,9,0.0,,9,0.0,,0
102,distributional,detour,holdout,mdi_with_delta,2,1.0,0.0,7,1.0,5.0,6
102,distributional,detour,holdout,predicate_match,2,1.0,0.0,3,1.0,1.0,6
102,distributional,detour,holdout,random,9,0.0,,9,0.0,,0
102,distributional,detour,holdout,recurrence,9,0.0,,9,0.0,,0
102,distributional,detour,holdout,similarity,9,0.0,,9,0.0,,0
102,distributional,detour,holdout,value_profile,2,1.0,0.0,8,1.0,6.0,6
102,distributional,null,exposed,association_only,9,0.0,,9,0.0,,0
102,distributional,null,exposed,clustering,9,0.0,,9,0.0,,0
102,distributional,null,exposed,competing_models,9,0.0,,9,0.0,,0
102,distributional,null,exposed,context_oracle,0,1.0,,9,0.0,,8
102,distributional,null,exposed,delta_only,9,0.0,,9,0.0,,0
102,distributional,null,exposed,frequency,9,0.0,,9,0.0,,0
102,distributional,null,exposed,mdi,9,0.0,,9,0.0,,0
102,distributional,null,exposed,mdi_decay0,9,0.0,,9,0.0,,0
102,distributional,null,exposed,mdi_decay020,9,0.0,,9,0.0,,0
102,distributional,null,exposed,mdi_no_novelty,9,0.0,,9,0.0,,0
102,distributional,null,exposed,mdi_original,9,0.0,,9,0.0,,0
102,distributional,null,exposed,mdi_reset,9,0.0,,9,0.0,,0
102,distributional,null,exposed,mdi_with_delta,9,0.0,,9,0.0,,0
102,distributional,null,exposed,predicate_match,9,0.0,,9,0.0,,0
102,distributional,null,exposed,random,9,0.0,,9,0.0,,0
102,distributional,null,exposed,recurrence,9,0.0,,9,0.0,,0
102,distributional,null,exposed,similarity,9,0.0,,9,0.0,,0
102,distributional,null,exposed,value_profile,9,0.0,,9,0.0,,0
102,distributional,null,holdout,association_only,9,0.0,,9,0.0,,0
102,distributional,null,holdout,clustering,9,0.0,,9,0.0,,0
102,distributional,null,holdout,competing_models,9,0.0,,9,0.0,,0
102,distributional,null,holdout,context_oracle,0,1.0,,9,0.0,,8
102,distributional,null,holdout,delta_only,9,0.0,,9,0.0,,0
102,distributional,null,holdout,frequency,9,0.0,,9,0.0,,0
102,distributional,null,holdout,mdi,9,0.0,,9,0.0,,0
102,distributional,null,holdout,mdi_decay0,9,0.0,,9,0.0,,0
102,distributional,null,holdout,mdi_decay020,9,0.0,,9,0.0,,0
102,distributional,null,holdout,mdi_no_novelty,9,0.0,,9,0.0,,0
102,distributional,null,holdout,mdi_original,9,0.0,,9,0.0,,0
102,distributional,null,holdout,mdi_reset,9,0.0,,9,0.0,,0
102,distributional,null,holdout,mdi_with_delta,9,0.0,,9,0.0,,0
102,distributional,null,holdout,predicate_match,9,0.0,,9,0.0,,0
102,distributional,null,holdout,random,9,0.0,,9,0.0,,0
102,distributional,null,holdout,recurrence,9,0.0,,9,0.0,,0
102,distributional,null,holdout,similarity,9,0.0,,9,0.0,,0
102,distributional,null,holdout,value_profile,9,0.0,,9,0.0,,0
102,distributional,switch,exposed,association_only,8,1.0,3.0,9,0.0,,0
102,distributional,switch,exposed,clustering,9,0.0,,9,0.0,,0
102,distributional,switch,exposed,competing_models,7,1.0,2.0,7,1.0,2.0,1
102,distributional,switch,exposed,context_oracle,0,1.0,-5.0,9,0.0,,8
102,distributional,switch,exposed,delta_only,9,0.0,,9,0.0,,0
102,distributional,switch,exposed,frequency,9,0.0,,9,0.0,,0
102,distributional,switch,exposed,mdi,8,1.0,3.0,8,1.0,3.0,0
102,distributional,switch,exposed,mdi_decay0,8,1.0,3.0,9,0.0,,0
102,distributional,switch,exposed,mdi_decay020,6,1.0,1.0,7,1.0,2.0,2
102,distributional,switch,exposed,mdi_no_novelty,8,1.0,3.0,8,1.0,3.0,0
102,distributional,switch,exposed,mdi_original,9,0.0,,9,0.0,,0
102,distributional,switch,exposed,mdi_reset,9,0.0,,9,0.0,,0
102,distributional,switch,exposed,mdi_with_delta,9,0.0,,9,0.0,,0
102,distributional,switch,exposed,predicate_match,8,1.0,3.0,8,1.0,3.0,0
102,distributional,switch,exposed,random,9,0.0,,9,0.0,,0
102,distributional,switch,exposed,recurrence,9,0.0,,9,0.0,,0
102,distributional,switch,exposed,similarity,9,0.0,,9,0.0,,0
102,distributional,switch,exposed,value_profile,8,1.0,3.0,8,1.0,3.0,0
102,distributional,switch,holdout,association_only,8,1.0,3.0,9,0.0,,0
102,distributional,switch,holdout,clustering,9,0.0,,9,0.0,,0
102,distributional,switch,holdout,competing_models,7,1.0,2.0,7,1.0,2.0,1
102,distributional,switch,holdout,context_oracle,0,1.0,-5.0,9,0.0,,8
102,distributional,switch,holdout,delta_only,9,0.0,,9,0.0,,0
102,distributional,switch,holdout,frequency,9,0.0,,9,0.0,,0
102,distributional,switch,holdout,mdi,8,1.0,3.0,8,1.0,3.0,0
102,distributional,switch,holdout,mdi_decay0,8,1.0,3.0,8,1.0,3.0,0
102,distributional,switch,holdout,mdi_decay020,6,1.0,1.0,7,1.0,2.0,2
102,distributional,switch,holdout,mdi_no_novelty,8,1.0,3.0,8,1.0,3.0,0
102,distributional,switch,holdout,mdi_original,9,0.0,,9,0.0,,0
102,distributional,switch,holdout,mdi_reset,9,0.0,,9,0.0,,0
102,distributional,switch,holdout,mdi_with_delta,9,0.0,,9,0.0,,0
102,distributional,switch,holdout,predicate_match,8,1.0,3.0,8,1.0,3.0,0
102,distributional,switch,holdout,random,9,0.0,,9,0.0,,0
102,distributional,switch,holdout,recurrence,9,0.0,,9,0.0,,0
102,distributional,switch,holdout,similarity,9,0.0,,9,0.0,,0
102,distributional,switch,holdout,value_profile,8,1.0,3.0,8,1.0,3.0,0
102,shared,ambiguous,exposed,association_only,9,0.0,,9,0.0,,0
102,shared,ambiguous,exposed,clustering,9,0.0,,9,0.0,,0
102,shared,ambiguous,exposed,competing_models,9,0.0,,9,0.0,,0
102,shared,ambiguous,exposed,context_oracle,9,0.0,,9,0.0,,0
102,shared,ambiguous,exposed,delta_only,7,1.0,0.0,9,0.0,,1
102,shared,ambiguous,exposed,frequency,9,0.0,,9,0.0,,0
102,shared,ambiguous,exposed,mdi,9,0.0,,9,0.0,,0
102,shared,ambiguous,exposed,mdi_decay0,9,0.0,,9,0.0,,0
102,shared,ambiguous,exposed,mdi_decay020,9,0.0,,9,0.0,,0
102,shared,ambiguous,exposed,mdi_no_novelty,9,0.0,,9,0.0,,0
102,shared,ambiguous,exposed,mdi_original,9,0.0,,9,0.0,,0
102,shared,ambiguous,exposed,mdi_reset,9,0.0,,9,0.0,,0
102,shared,ambiguous,exposed,mdi_with_delta,9,0.0,,9,0.0,,0
102,shared,ambiguous,exposed,predicate_match,9,0.0,,9,0.0,,0
102,shared,ambiguous,exposed,random,9,0.0,,9,0.0,,0
102,shared,ambiguous,exposed,recurrence,7,1.0,0.0,9,0.0,,1
102,shared,ambiguous,exposed,similarity,9,0.0,,9,0.0,,0
102,shared,ambiguous,exposed,value_profile,8,1.0,1.0,9,0.0,,0
102,shared,ambiguous,holdout,association_only,9,0.0,,9,0.0,,0
102,shared,ambiguous,holdout,clustering,9,0.0,,9,0.0,,0
102,shared,ambiguous,holdout,competing_models,9,0.0,,9,0.0,,0
102,shared,ambiguous,holdout,context_oracle,9,0.0,,9,0.0,,0
102,shared,ambiguous,holdout,delta_only,7,1.0,0.0,9,0.0,,1
102,shared,ambiguous,holdout,frequency,9,0.0,,9,0.0,,0
102,shared,ambiguous,holdout,mdi,9,0.0,,9,0.0,,0
102,shared,ambiguous,holdout,mdi_decay0,9,0.0,,9,0.0,,0
102,shared,ambiguous,holdout,mdi_decay020,9,0.0,,9,0.0,,0
102,shared,ambiguous,holdout,mdi_no_novelty,9,0.0,,9,0.0,,0
102,shared,ambiguous,holdout,mdi_original,9,0.0,,9,0.0,,0
102,shared,ambiguous,holdout,mdi_reset,9,0.0,,9,0.0,,0
102,shared,ambiguous,holdout,mdi_with_delta,8,1.0,1.0,9,0.0,,0
102,shared,ambiguous,holdout,predicate_match,9,0.0,,9,0.0,,0
102,shared,ambiguous,holdout,random,9,0.0,,9,0.0,,0
102,shared,ambiguous,holdout,recurrence,9,0.0,,9,0.0,,0
102,shared,ambiguous,holdout,similarity,9,0.0,,9,0.0,,0
102,shared,ambiguous,holdout,value_profile,8,1.0,1.0,9,0.0,,0
102,shared,clear,exposed,association_only,9,0.0,,9,0.0,,0
102,shared,clear,exposed,clustering,9,0.0,,9,0.0,,0
102,shared,clear,exposed,competing_models,9,0.0,,9,0.0,,0
102,shared,clear,exposed,context_oracle,9,0.0,,9,0.0,,0
102,shared,clear,exposed,delta_only,4,1.0,1.0,9,0.0,,4
102,shared,clear,exposed,frequency,9,0.0,,9,0.0,,0
102,shared,clear,exposed,mdi,9,0.0,,9,0.0,,0
102,shared,clear,exposed,mdi_decay0,9,0.0,,9,0.0,,0
102,shared,clear,exposed,mdi_decay020,9,0.0,,9,0.0,,0
102,shared,clear,exposed,mdi_no_novelty,9,0.0,,9,0.0,,0
102,shared,clear,exposed,mdi_original,9,0.0,,9,0.0,,0
102,shared,clear,exposed,mdi_reset,9,0.0,,9,0.0,,0
102,shared,clear,exposed,mdi_with_delta,9,0.0,,9,0.0,,0
102,shared,clear,exposed,predicate_match,5,1.0,2.0,5,1.0,2.0,3
102,shared,clear,exposed,random,9,0.0,,9,0.0,,0
102,shared,clear,exposed,recurrence,5,1.0,2.0,7,1.0,4.0,3
102,shared,clear,exposed,similarity,9,0.0,,9,0.0,,0
102,shared,clear,exposed,value_profile,9,0.0,,9,0.0,,0
102,shared,clear,holdout,association_only,9,0.0,,9,0.0,,0
102,shared,clear,holdout,clustering,9,0.0,,9,0.0,,0
102,shared,clear,holdout,competing_models,9,0.0,,9,0.0,,0
102,shared,clear,holdout,context_oracle,9,0.0,,9,0.0,,0
102,shared,clear,holdout,delta_only,4,1.0,1.0,9,0.0,,4
102,shared,clear,holdout,frequency,9,0.0,,9,0.0,,0
102,shared,clear,holdout,mdi,9,0.0,,9,0.0,,0
102,shared,clear,holdout,mdi_decay0,9,0.0,,9,0.0,,0
102,shared,clear,holdout,mdi_decay020,9,0.0,,9,0.0,,0
102,shared,clear,holdout,mdi_no_novelty,9,0.0,,9,0.0,,0
102,shared,clear,holdout,mdi_original,9,0.0,,9,0.0,,0
102,shared,clear,holdout,mdi_reset,9,0.0,,9,0.0,,0
102,shared,clear,holdout,mdi_with_delta,7,1.0,4.0,9,0.0,,1
102,shared,clear,holdout,predicate_match,5,1.0,2.0,5,1.0,2.0,3
102,shared,clear,holdout,random,9,0.0,,9,0.0,,0
102,shared,clear,holdout,recurrence,9,0.0,,9,0.0,,0
102,shared,clear,holdout,similarity,9,0.0,,9,0.0,,0
102,shared,clear,holdout,value_profile,9,0.0,,9,0.0,,0
102,shared,detour,exposed,association_only,9,0.0,,9,0.0,,0
102,shared,detour,exposed,clustering,9,0.0,,9,0.0,,0
102,shared,detour,exposed,competing_models,9,0.0,,9,0.0,,0
102,shared,detour,exposed,context_oracle,9,0.0,,9,0.0,,0
102,shared,detour,exposed,delta_only,9,0.0,,9,0.0,,0
102,shared,detour,exposed,frequency,9,0.0,,9,0.0,,0
102,shared,detour,exposed,mdi,9,0.0,,9,0.0,,0
102,shared,detour,exposed,mdi_decay0,9,0.0,,9,0.0,,0
102,shared,detour,exposed,mdi_decay020,9,0.0,,9,0.0,,0
102,shared,detour,exposed,mdi_no_novelty,9,0.0,,9,0.0,,0
102,shared,detour,exposed,mdi_original,9,0.0,,9,0.0,,0
102,shared,detour,exposed,mdi_reset,9,0.0,,9,0.0,,0
102,shared,detour,exposed,mdi_with_delta,9,0.0,,9,0.0,,0
102,shared,detour,exposed,predicate_match,9,0.0,,9,0.0,,0
102,shared,detour,exposed,random,9,0.0,,9,0.0,,0
102,shared,detour,exposed,recurrence,9,0.0,,9,0.0,,0
102,shared,detour,exposed,similarity,9,0.0,,9,0.0,,0
102,shared,detour,exposed,value_profile,9,0.0,,9,0.0,,0
102,shared,detour,holdout,association_only,9,0.0,,9,0.0,,0
102,shared,detour,holdout,clustering,9,0.0,,9,0.0,,0
102,shared,detour,holdout,competing_models,9,0.0,,9,0.0,,0
102,shared,detour,holdout,context_oracle,9,0.0,,9,0.0,,0
102,shared,detour,holdout,delta_only,9,0.0,,9,0.0,,0
102,shared,detour,holdout,frequency,9,0.0,,9,0.0,,0
102,shared,detour,holdout,mdi,9,0.0,,9,0.0,,0
102,shared,detour,holdout,mdi_decay0,9,0.0,,9,0.0,,0
102,shared,detour,holdout,mdi_decay020,9,0.0,,9,0.0,,0
102,shared,detour,holdout,mdi_no_novelty,9,0.0,,9,0.0,,0
102,shared,detour,holdout,mdi_original,9,0.0,,9,0.0,,0
102,shared,detour,holdout,mdi_reset,9,0.0,,9,0.0,,0
102,shared,detour,holdout,mdi_with_delta,9,0.0,,9,0.0,,0
102,shared,detour,holdout,predicate_match,9,0.0,,9,0.0,,0
102,shared,detour,holdout,random,9,0.0,,9,0.0,,0
102,shared,detour,holdout,recurrence,9,0.0,,9,0.0,,0
102,shared,detour,holdout,similarity,9,0.0,,9,0.0,,0
102,shared,detour,holdout,value_profile,9,0.0,,9,0.0,,0
102,shared,null,exposed,association_only,9,0.0,,9,0.0,,0
102,shared,null,exposed,clustering,9,0.0,,9,0.0,,0
102,shared,null,exposed,competing_models,9,0.0,,9,0.0,,0
102,shared,null,exposed,context_oracle,9,0.0,,9,0.0,,0
102,shared,null,exposed,delta_only,9,0.0,,9,0.0,,0
102,shared,null,exposed,frequency,9,0.0,,9,0.0,,0
102,shared,null,exposed,mdi,9,0.0,,9,0.0,,0
102,shared,null,exposed,mdi_decay0,9,0.0,,9,0.0,,0
102,shared,null,exposed,mdi_decay020,9,0.0,,9,0.0,,0
102,shared,null,exposed,mdi_no_novelty,9,0.0,,9,0.0,,0
102,shared,null,exposed,mdi_original,9,0.0,,9,0.0,,0
102,shared,null,exposed,mdi_reset,9,0.0,,9,0.0,,0
102,shared,null,exposed,mdi_with_delta,9,0.0,,9,0.0,,0
102,shared,null,exposed,predicate_match,9,0.0,,9,0.0,,0
102,shared,null,exposed,random,9,0.0,,9,0.0,,0
102,shared,null,exposed,recurrence,9,0.0,,9,0.0,,0
102,shared,null,exposed,similarity,9,0.0,,9,0.0,,0
102,shared,null,exposed,value_profile,9,0.0,,9,0.0,,0
102,shared,null,holdout,association_only,9,0.0,,9,0.0,,0
102,shared,null,holdout,clustering,9,0.0,,9,0.0,,0
102,shared,null,holdout,competing_models,9,0.0,,9,0.0,,0
102,shared,null,holdout,context_oracle,9,0.0,,9,0.0,,0
102,shared,null,holdout,delta_only,9,0.0,,9,0.0,,0
102,shared,null,holdout,frequency,9,0.0,,9,0.0,,0
102,shared,null,holdout,mdi,9,0.0,,9,0.0,,0
102,shared,null,holdout,mdi_decay0,9,0.0,,9,0.0,,0
102,shared,null,holdout,mdi_decay020,9,0.0,,9,0.0,,0
102,shared,null,holdout,mdi_no_novelty,9,0.0,,9,0.0,,0
102,shared,null,holdout,mdi_original,9,0.0,,9,0.0,,0
102,shared,null,holdout,mdi_reset,9,0.0,,9,0.0,,0
102,shared,null,holdout,mdi_with_delta,9,0.0,,9,0.0,,0
102,shared,null,holdout,predicate_match,9,0.0,,9,0.0,,0
102,shared,null,holdout,random,9,0.0,,9,0.0,,0
102,shared,null,holdout,recurrence,9,0.0,,9,0.0,,0
102,shared,null,holdout,similarity,9,0.0,,9,0.0,,0
102,shared,null,holdout,value_profile,9,0.0,,9,0.0,,0
102,shared,switch,exposed,association_only,9,0.0,,9,0.0,,0
102,shared,switch,exposed,clustering,9,0.0,,9,0.0,,0
102,shared,switch,exposed,competing_models,8,1.0,2.0,9,0.0,,0
102,shared,switch,exposed,context_oracle,9,0.0,,9,0.0,,0
102,shared,switch,exposed,delta_only,9,0.0,,9,0.0,,0
102,shared,switch,exposed,frequency,9,0.0,,9,0.0,,0
102,shared,switch,exposed,mdi,9,0.0,,9,0.0,,0
102,shared,switch,exposed,mdi_decay0,9,0.0,,9,0.0,,0
102,shared,switch,exposed,mdi_decay020,9,0.0,,9,0.0,,0
102,shared,switch,exposed,mdi_no_novelty,9,0.0,,9,0.0,,0
102,shared,switch,exposed,mdi_original,9,0.0,,9,0.0,,0
102,shared,switch,exposed,mdi_reset,9,0.0,,9,0.0,,0
102,shared,switch,exposed,mdi_with_delta,9,0.0,,9,0.0,,0
102,shared,switch,exposed,predicate_match,8,1.0,2.0,8,1.0,2.0,0
102,shared,switch,exposed,random,9,0.0,,9,0.0,,0
102,shared,switch,exposed,recurrence,9,0.0,,9,0.0,,0
102,shared,switch,exposed,similarity,9,0.0,,9,0.0,,0
102,shared,switch,exposed,value_profile,9,0.0,,9,0.0,,0
102,shared,switch,holdout,association_only,9,0.0,,9,0.0,,0
102,shared,switch,holdout,clustering,9,0.0,,9,0.0,,0
102,shared,switch,holdout,competing_models,8,1.0,2.0,9,0.0,,0
102,shared,switch,holdout,context_oracle,9,0.0,,9,0.0,,0
102,shared,switch,holdout,delta_only,9,0.0,,9,0.0,,0
102,shared,switch,holdout,frequency,9,0.0,,9,0.0,,0
102,shared,switch,holdout,mdi,9,0.0,,9,0.0,,0
102,shared,switch,holdout,mdi_decay0,9,0.0,,9,0.0,,0
102,shared,switch,holdout,mdi_decay020,9,0.0,,9,0.0,,0
102,shared,switch,holdout,mdi_no_novelty,9,0.0,,9,0.0,,0
102,shared,switch,holdout,mdi_original,9,0.0,,9,0.0,,0
102,shared,switch,holdout,mdi_reset,9,0.0,,9,0.0,,0
102,shared,switch,holdout,mdi_with_delta,8,1.0,2.0,9,0.0,,0
102,shared,switch,holdout,predicate_match,8,1.0,2.0,8,1.0,2.0,0
102,shared,switch,holdout,random,9,0.0,,9,0.0,,0
102,shared,switch,holdout,recurrence,9,0.0,,9,0.0,,0
102,shared,switch,holdout,similarity,9,0.0,,9,0.0,,0
102,shared,switch,holdout,value_profile,9,0.0,,9,0.0,,0
102,structural,ambiguous,exposed,association_only,6,1.0,0.0,6,1.0,0.0,2
102,structural,ambiguous,exposed,clustering,9,0.0,,9,0.0,,0
102,structural,ambiguous,exposed,competing_models,6,1.0,0.0,6,1.0,0.0,2
102,structural,ambiguous,exposed,context_oracle,0,1.0,-6.0,9,0.0,,8
102,structural,ambiguous,exposed,delta_only,6,1.0,0.0,9,0.0,,2
102,structural,ambiguous,exposed,frequency,9,0.0,,9,0.0,,0
102,structural,ambiguous,exposed,mdi,6,1.0,0.0,6,1.0,0.0,2
102,structural,ambiguous,exposed,mdi_decay0,6,1.0,0.0,6,1.0,0.0,2
102,structural,ambiguous,exposed,mdi_decay020,6,1.0,0.0,6,1.0,0.0,2
102,structural,ambiguous,exposed,mdi_no_novelty,6,1.0,0.0,6,1.0,0.0,2
102,structural,ambiguous,exposed,mdi_original,6,1.0,0.0,6,1.0,0.0,2
102,structural,ambiguous,exposed,mdi_reset,9,0.0,,9,0.0,,0
102,structural,ambiguous,exposed,mdi_with_delta,6,1.0,0.0,6,1.0,0.0,2
102,structural,ambiguous,exposed,predicate_match,6,1.0,0.0,9,0.0,,2
102,structural,ambiguous,exposed,random,9,0.0,,9,0.0,,0
102,structural,ambiguous,exposed,recurrence,6,1.0,0.0,9,0.0,,2
102,structural,ambiguous,exposed,similarity,9,0.0,,9,0.0,,0
102,structural,ambiguous,exposed,value_profile,6,1.0,0.0,6,1.0,0.0,2
102,structural,ambiguous,holdout,association_only,6,1.0,0.0,6,1.0,0.0,2
102,structural,ambiguous,holdout,clustering,9,0.0,,9,0.0,,0
102,structural,ambiguous,holdout,competing_models,6,1.0,0.0,6,1.0,0.0,2
102,structural,ambiguous,holdout,context_oracle,0,1.0,-6.0,9,0.0,,8
102,structural,ambiguous,holdout,delta_only,6,1.0,0.0,9,0.0,,2
102,structural,ambiguous,holdout,frequency,9,0.0,,9,0.0,,0
102,structural,ambiguous,holdout,mdi,6,1.0,0.0,6,1.0,0.0,2
102,structural,ambiguous,holdout,mdi_decay0,6,1.0,0.0,7,1.0,1.0,2
102,structural,ambiguous,holdout,mdi_decay020,6,1.0,0.0,6,1.0,0.0,2
102,structural,ambiguous,holdout,mdi_no_novelty,6,1.0,0.0,6,1.0,0.0,2
102,structural,ambiguous,holdout,mdi_original,7,1.0,1.0,7,1.0,1.0,1
102,structural,ambiguous,holdout,mdi_reset,9,0.0,,9,0.0,,0
102,structural,ambiguous,holdout,mdi_with_delta,6,1.0,0.0,6,1.0,0.0,2
102,structural,ambiguous,holdout,predicate_match,6,1.0,0.0,9,0.0,,2
102,structural,ambiguous,holdout,random,9,0.0,,9,0.0,,0
102,structural,ambiguous,holdout,recurrence,9,0.0,,9,0.0,,0
102,structural,ambiguous,holdout,similarity,9,0.0,,9,0.0,,0
102,structural,ambiguous,holdout,value_profile,6,1.0,0.0,6,1.0,0.0,2
102,structural,clear,exposed,association_only,2,1.0,0.0,2,1.0,0.0,6
102,structural,clear,exposed,clustering,9,0.0,,9,0.0,,0
102,structural,clear,exposed,competing_models,2,1.0,0.0,2,1.0,0.0,6
102,structural,clear,exposed,context_oracle,0,1.0,-2.0,9,0.0,,8
102,structural,clear,exposed,delta_only,2,1.0,0.0,9,0.0,,6
102,structural,clear,exposed,frequency,9,0.0,,9,0.0,,0
102,structural,clear,exposed,mdi,2,1.0,0.0,2,1.0,0.0,6
102,structural,clear,exposed,mdi_decay0,2,1.0,0.0,2,1.0,0.0,6
102,structural,clear,exposed,mdi_decay020,2,1.0,0.0,2,1.0,0.0,6
102,structural,clear,exposed,mdi_no_novelty,2,1.0,0.0,2,1.0,0.0,6
102,structural,clear,exposed,mdi_original,2,1.0,0.0,2,1.0,0.0,6
102,structural,clear,exposed,mdi_reset,9,0.0,,9,0.0,,0
102,structural,clear,exposed,mdi_with_delta,2,1.0,0.0,2,1.0,0.0,6
102,structural,clear,exposed,predicate_match,2,1.0,0.0,5,1.0,3.0,6
102,structural,clear,exposed,random,9,0.0,,9,0.0,,0
102,structural,clear,exposed,recurrence,3,1.0,1.0,8,1.0,6.0,5
102,structural,clear,exposed,similarity,9,0.0,,9,0.0,,0
102,structural,clear,exposed,value_profile,2,1.0,0.0,2,1.0,0.0,6
102,structural,clear,holdout,association_only,2,1.0,0.0,2,1.0,0.0,6
102,structural,clear,holdout,clustering,9,0.0,,9,0.0,,0
102,structural,clear,holdout,competing_models,2,1.0,0.0,2,1.0,0.0,6
102,structural,clear,holdout,context_oracle,0,1.0,-2.0,9,0.0,,8
102,structural,clear,holdout,delta_only,2,1.0,0.0,9,0.0,,6
102,structural,clear,holdout,frequency,9,0.0,,9,0.0,,0
102,structural,clear,holdout,mdi,2,1.0,0.0,2,1.0,0.0,6
102,structural,clear,holdout,mdi_decay0,2,1.0,0.0,2,1.0,0.0,6
102,structural,clear,holdout,mdi_decay020,2,1.0,0.0,2,1.0,0.0,6
102,structural,clear,holdout,mdi_no_novelty,2,1.0,0.0,2,1.0,0.0,6
102,structural,clear,holdout,mdi_original,2,1.0,0.0,2,1.0,0.0,6
102,structural,clear,holdout,mdi_reset,9,0.0,,9,0.0,,0
102,structural,clear,holdout,mdi_with_delta,2,1.0,0.0,2,1.0,0.0,6
102,structural,clear,holdout,predicate_match,2,1.0,0.0,5,1.0,3.0,6
102,structural,clear,holdout,random,9,0.0,,9,0.0,,0
102,structural,clear,holdout,recurrence,9,0.0,,9,0.0,,0
102,structural,clear,holdout,similarity,9,0.0,,9,0.0,,0
102,structural,clear,holdout,value_profile,2,1.0,0.0,2,1.0,0.0,6
102,structural,detour,exposed,association_only,2,1.0,0.0,2,1.0,0.0,6
102,structural,detour,exposed,clustering,9,0.0,,9,0.0,,0
102,structural,detour,exposed,competing_models,2,1.0,0.0,2,1.0,0.0,6
102,structural,detour,exposed,context_oracle,0,1.0,-2.0,9,0.0,,8
102,structural,detour,exposed,delta_only,2,1.0,0.0,9,0.0,,6
102,structural,detour,exposed,frequency,9,0.0,,9,0.0,,0
102,structural,detour,exposed,mdi,2,1.0,0.0,2,1.0,0.0,6
102,structural,detour,exposed,mdi_decay0,2,1.0,0.0,2,1.0,0.0,6
102,structural,detour,exposed,mdi_decay020,2,1.0,0.0,8,1.0,6.0,6
102,structural,detour,exposed,mdi_no_novelty,2,1.0,0.0,2,1.0,0.0,6
102,structural,detour,exposed,mdi_original,2,1.0,0.0,8,1.0,6.0,6
102,structural,detour,exposed,mdi_reset,9,0.0,,9,0.0,,0
102,structural,detour,exposed,mdi_with_delta,2,1.0,0.0,9,0.0,,6
102,structural,detour,exposed,predicate_match,2,1.0,0.0,3,1.0,1.0,6
102,structural,detour,exposed,random,9,0.0,,9,0.0,,0
102,structural,detour,exposed,recurrence,2,1.0,0.0,9,0.0,,6
102,structural,detour,exposed,similarity,9,0.0,,9,0.0,,0
102,structural,detour,exposed,value_profile,2,1.0,0.0,2,1.0,0.0,6
102,structural,detour,holdout,association_only,2,1.0,0.0,2,1.0,0.0,6
102,structural,detour,holdout,clustering,9,0.0,,9,0.0,,0
102,structural,detour,holdout,competing_models,2,1.0,0.0,2,1.0,0.0,6
102,structural,detour,holdout,context_oracle,0,1.0,-2.0,9,0.0,,8
102,structural,detour,holdout,delta_only,2,1.0,0.0,9,0.0,,6
102,structural,detour,holdout,frequency,9,0.0,,9,0.0,,0
102,structural,detour,holdout,mdi,2,1.0,0.0,2,1.0,0.0,6
102,structural,detour,holdout,mdi_decay0,2,1.0,0.0,2,1.0,0.0,6
102,structural,detour,holdout,mdi_decay020,2,1.0,0.0,8,1.0,6.0,6
102,structural,detour,holdout,mdi_no_novelty,2,1.0,0.0,2,1.0,0.0,6
102,structural,detour,holdout,mdi_original,2,1.0,0.0,9,0.0,,6
102,structural,detour,holdout,mdi_reset,9,0.0,,9,0.0,,0
102,structural,detour,holdout,mdi_with_delta,9,0.0,,9,0.0,,0
102,structural,detour,holdout,predicate_match,2,1.0,0.0,3,1.0,1.0,6
102,structural,detour,holdout,random,9,0.0,,9,0.0,,0
102,structural,detour,holdout,recurrence,9,0.0,,9,0.0,,0
102,structural,detour,holdout,similarity,9,0.0,,9,0.0,,0
102,structural,detour,holdout,value_profile,2,1.0,0.0,2,1.0,0.0,6
102,structural,null,exposed,association_only,9,0.0,,9,0.0,,0
102,structural,null,exposed,clustering,9,0.0,,9,0.0,,0
102,structural,null,exposed,competing_models,9,0.0,,9,0.0,,0
102,structural,null,exposed,context_oracle,0,1.0,,9,0.0,,8
102,structural,null,exposed,delta_only,9,0.0,,9,0.0,,0
102,structural,null,exposed,frequency,9,0.0,,9,0.0,,0
102,structural,null,exposed,mdi,9,0.0,,9,0.0,,0
102,structural,null,exposed,mdi_decay0,9,0.0,,9,0.0,,0
102,structural,null,exposed,mdi_decay020,9,0.0,,9,0.0,,0
102,structural,null,exposed,mdi_no_novelty,9,0.0,,9,0.0,,0
102,structural,null,exposed,mdi_original,9,0.0,,9,0.0,,0
102,structural,null,exposed,mdi_reset,9,0.0,,9,0.0,,0
102,structural,null,exposed,mdi_with_delta,9,0.0,,9,0.0,,0
102,structural,null,exposed,predicate_match,9,0.0,,9,0.0,,0
102,structural,null,exposed,random,9,0.0,,9,0.0,,0
102,structural,null,exposed,recurrence,9,0.0,,9,0.0,,0
102,structural,null,exposed,similarity,9,0.0,,9,0.0,,0
102,structural,null,exposed,value_profile,9,0.0,,9,0.0,,0
102,structural,null,holdout,association_only,9,0.0,,9,0.0,,0
102,structural,null,holdout,clustering,9,0.0,,9,0.0,,0
102,structural,null,holdout,competing_models,9,0.0,,9,0.0,,0
102,structural,null,holdout,context_oracle,0,1.0,,9,0.0,,8
102,structural,null,holdout,delta_only,9,0.0,,9,0.0,,0
102,structural,null,holdout,frequency,9,0.0,,9,0.0,,0
102,structural,null,holdout,mdi,9,0.0,,9,0.0,,0
102,structural,null,holdout,mdi_decay0,9,0.0,,9,0.0,,0
102,structural,null,holdout,mdi_decay020,9,0.0,,9,0.0,,0
102,structural,null,holdout,mdi_no_novelty,9,0.0,,9,0.0,,0
102,structural,null,holdout,mdi_original,9,0.0,,9,0.0,,0
102,structural,null,holdout,mdi_reset,9,0.0,,9,0.0,,0
102,structural,null,holdout,mdi_with_delta,9,0.0,,9,0.0,,0
102,structural,null,holdout,predicate_match,9,0.0,,9,0.0,,0
102,structural,null,holdout,random,9,0.0,,9,0.0,,0
102,structural,null,holdout,recurrence,9,0.0,,9,0.0,,0
102,structural,null,holdout,similarity,9,0.0,,9,0.0,,0
102,structural,null,holdout,value_profile,9,0.0,,9,0.0,,0
102,structural,switch,exposed,association_only,8,1.0,3.0,8,1.0,3.0,0
102,structural,switch,exposed,clustering,9,0.0,,9,0.0,,0
102,structural,switch,exposed,competing_models,7,1.0,2.0,7,1.0,2.0,1
102,structural,switch,exposed,context_oracle,0,1.0,-5.0,9,0.0,,8
102,structural,switch,exposed,delta_only,9,0.0,,9,0.0,,0
102,structural,switch,exposed,frequency,9,0.0,,9,0.0,,0
102,structural,switch,exposed,mdi,8,1.0,3.0,8,1.0,3.0,0
102,structural,switch,exposed,mdi_decay0,8,1.0,3.0,8,1.0,3.0,0
102,structural,switch,exposed,mdi_decay020,7,1.0,2.0,7,1.0,2.0,1
102,structural,switch,exposed,mdi_no_novelty,8,1.0,3.0,8,1.0,3.0,0
102,structural,switch,exposed,mdi_original,8,1.0,3.0,9,0.0,,0
102,structural,switch,exposed,mdi_reset,9,0.0,,9,0.0,,0
102,structural,switch,exposed,mdi_with_delta,9,0.0,,9,0.0,,0
102,structural,switch,exposed,predicate_match,8,1.0,3.0,8,1.0,3.0,0
102,structural,switch,exposed,random,9,0.0,,9,0.0,,0
102,structural,switch,exposed,recurrence,7,1.0,2.0,9,0.0,,1
102,structural,switch,exposed,similarity,9,0.0,,9,0.0,,0
102,structural,switch,exposed,value_profile,8,1.0,3.0,8,1.0,3.0,0
102,structural,switch,holdout,association_only,8,1.0,3.0,9,0.0,,0
102,structural,switch,holdout,clustering,9,0.0,,9,0.0,,0
102,structural,switch,holdout,competing_models,7,1.0,2.0,7,1.0,2.0,1
102,structural,switch,holdout,context_oracle,0,1.0,-5.0,9,0.0,,8
102,structural,switch,holdout,delta_only,9,0.0,,9,0.0,,0
102,structural,switch,holdout,frequency,9,0.0,,9,0.0,,0
102,structural,switch,holdout,mdi,7,1.0,2.0,8,1.0,3.0,1
102,structural,switch,holdout,mdi_decay0,8,1.0,3.0,8,1.0,3.0,0
102,structural,switch,holdout,mdi_decay020,7,1.0,2.0,7,1.0,2.0,1
102,structural,switch,holdout,mdi_no_novelty,8,1.0,3.0,8,1.0,3.0,0
102,structural,switch,holdout,mdi_original,7,1.0,2.0,9,0.0,,1
102,structural,switch,holdout,mdi_reset,9,0.0,,9,0.0,,0
102,structural,switch,holdout,mdi_with_delta,9,0.0,,9,0.0,,0
102,structural,switch,holdout,predicate_match,8,1.0,3.0,8,1.0,3.0,0
102,structural,switch,holdout,random,9,0.0,,9,0.0,,0
102,structural,switch,holdout,recurrence,9,0.0,,9,0.0,,0
102,structural,switch,holdout,similarity,9,0.0,,9,0.0,,0
102,structural,switch,holdout,value_profile,8,1.0,3.0,8,1.0,3.0,0
103,compositional,ambiguous,exposed,association_only,6,1.0,0.0,6,1.0,0.0,2
103,compositional,ambiguous,exposed,clustering,9,0.0,,9,0.0,,0
103,compositional,ambiguous,exposed,competing_models,6,1.0,0.0,9,0.0,,2
103,compositional,ambiguous,exposed,context_oracle,0,1.0,-6.0,9,0.0,,8
103,compositional,ambiguous,exposed,delta_only,7,1.0,1.0,9,0.0,,1
103,compositional,ambiguous,exposed,frequency,9,0.0,,9,0.0,,0
103,compositional,ambiguous,exposed,mdi,6,1.0,0.0,8,1.0,2.0,2
103,compositional,ambiguous,exposed,mdi_decay0,6,1.0,0.0,8,1.0,2.0,2
103,compositional,ambiguous,exposed,mdi_decay020,6,1.0,0.0,8,1.0,2.0,2
103,compositional,ambiguous,exposed,mdi_no_novelty,6,1.0,0.0,8,1.0,2.0,2
103,compositional,ambiguous,exposed,mdi_original,6,1.0,0.0,6,1.0,0.0,2
103,compositional,ambiguous,exposed,mdi_reset,9,0.0,,9,0.0,,0
103,compositional,ambiguous,exposed,mdi_with_delta,6,1.0,0.0,9,0.0,,2
103,compositional,ambiguous,exposed,predicate_match,6,1.0,0.0,8,1.0,2.0,2
103,compositional,ambiguous,exposed,random,9,0.0,,9,0.0,,0
103,compositional,ambiguous,exposed,recurrence,8,1.0,2.0,9,0.0,,0
103,compositional,ambiguous,exposed,similarity,9,0.0,,9,0.0,,0
103,compositional,ambiguous,exposed,value_profile,6,1.0,0.0,8,1.0,2.0,2
103,compositional,ambiguous,holdout,association_only,6,1.0,0.0,6,1.0,0.0,2
103,compositional,ambiguous,holdout,clustering,9,0.0,,9,0.0,,0
103,compositional,ambiguous,holdout,competing_models,6,1.0,0.0,8,1.0,2.0,2
103,compositional,ambiguous,holdout,context_oracle,0,1.0,-6.0,9,0.0,,8
103,compositional,ambiguous,holdout,delta_only,7,1.0,1.0,9,0.0,,1
103,compositional,ambiguous,holdout,frequency,9,0.0,,9,0.0,,0
103,compositional,ambiguous,holdout,mdi,6,1.0,0.0,8,1.0,2.0,2
103,compositional,ambiguous,holdout,mdi_decay0,6,1.0,0.0,8,1.0,2.0,2
103,compositional,ambiguous,holdout,mdi_decay020,6,1.0,0.0,8,1.0,2.0,2
103,compositional,ambiguous,holdout,mdi_no_novelty,6,1.0,0.0,6,1.0,0.0,2
103,compositional,ambiguous,holdout,mdi_original,6,1.0,0.0,9,0.0,,2
103,compositional,ambiguous,holdout,mdi_reset,9,0.0,,9,0.0,,0
103,compositional,ambiguous,holdout,mdi_with_delta,6,1.0,0.0,9,0.0,,2
103,compositional,ambiguous,holdout,predicate_match,6,1.0,0.0,8,1.0,2.0,2
103,compositional,ambiguous,holdout,random,9,0.0,,9,0.0,,0
103,compositional,ambiguous,holdout,recurrence,9,0.0,,9,0.0,,0
103,compositional,ambiguous,holdout,similarity,9,0.0,,9,0.0,,0
103,compositional,ambiguous,holdout,value_profile,6,1.0,0.0,8,1.0,2.0,2
103,compositional,clear,exposed,association_only,2,1.0,0.0,4,1.0,2.0,6
103,compositional,clear,exposed,clustering,9,0.0,,9,0.0,,0
103,compositional,clear,exposed,competing_models,2,1.0,0.0,6,1.0,4.0,6
103,compositional,clear,exposed,context_oracle,0,1.0,-2.0,9,0.0,,8
103,compositional,clear,exposed,delta_only,9,0.0,,9,0.0,,0
103,compositional,clear,exposed,frequency,9,0.0,,9,0.0,,0
103,compositional,clear,exposed,mdi,2,1.0,0.0,9,0.0,,6
103,compositional,clear,exposed,mdi_decay0,2,1.0,0.0,6,1.0,4.0,6
103,compositional,clear,exposed,mdi_decay020,2,1.0,0.0,9,0.0,,6
103,compositional,clear,exposed,mdi_no_novelty,2,1.0,0.0,9,0.0,,6
103,compositional,clear,exposed,mdi_original,2,1.0,0.0,7,1.0,5.0,6
103,compositional,clear,exposed,mdi_reset,9,0.0,,9,0.0,,0
103,compositional,clear,exposed,mdi_with_delta,8,1.0,6.0,9,0.0,,0
103,compositional,clear,exposed,predicate_match,2,1.0,0.0,9,0.0,,6
103,compositional,clear,exposed,random,9,0.0,,9,0.0,,0
103,compositional,clear,exposed,recurrence,2,1.0,0.0,9,0.0,,6
103,compositional,clear,exposed,similarity,9,0.0,,9,0.0,,0
103,compositional,clear,exposed,value_profile,2,1.0,0.0,9,0.0,,6
103,compositional,clear,holdout,association_only,2,1.0,0.0,2,1.0,0.0,6
103,compositional,clear,holdout,clustering,9,0.0,,9,0.0,,0
103,compositional,clear,holdout,competing_models,2,1.0,0.0,9,0.0,,6
103,compositional,clear,holdout,context_oracle,0,1.0,-2.0,9,0.0,,8
103,compositional,clear,holdout,delta_only,9,0.0,,9,0.0,,0
103,compositional,clear,holdout,frequency,9,0.0,,9,0.0,,0
103,compositional,clear,holdout,mdi,2,1.0,0.0,9,0.0,,6
103,compositional,clear,holdout,mdi_decay0,2,1.0,0.0,9,0.0,,6
103,compositional,clear,holdout,mdi_decay020,2,1.0,0.0,9,0.0,,6
103,compositional,clear,holdout,mdi_no_novelty,2,1.0,0.0,9,0.0,,6
103,compositional,clear,holdout,mdi_original,2,1.0,0.0,4,1.0,2.0,6
103,compositional,clear,holdout,mdi_reset,9,0.0,,9,0.0,,0
103,compositional,clear,holdout,mdi_with_delta,9,0.0,,9,0.0,,0
103,compositional,clear,holdout,predicate_match,2,1.0,0.0,9,0.0,,6
103,compositional,clear,holdout,random,9,0.0,,9,0.0,,0
103,compositional,clear,holdout,recurrence,9,0.0,,9,0.0,,0
103,compositional,clear,holdout,similarity,9,0.0,,9,0.0,,0
103,compositional,clear,holdout,value_profile,2,1.0,0.0,9,0.0,,6
103,compositional,detour,exposed,association_only,9,0.0,,9,0.0,,0
103,compositional,detour,exposed,clustering,9,0.0,,9,0.0,,0
103,compositional,detour,exposed,competing_models,5,1.0,3.0,9,0.0,,3
103,compositional,detour,exposed,context_oracle,0,1.0,-2.0,9,0.0,,8
103,compositional,detour,exposed,delta_only,2,1.0,0.0,9,0.0,,6
103,compositional,detour,exposed,frequency,9,0.0,,9,0.0,,0
103,compositional,detour,exposed,mdi,9,0.0,,9,0.0,,0
103,compositional,detour,exposed,mdi_decay0,9,0.0,,9,0.0,,0
103,compositional,detour,exposed,mdi_decay020,9,0.0,,9,0.0,,0
103,compositional,detour,exposed,mdi_no_novelty,9,0.0,,9,0.0,,0
103,compositional,detour,exposed,mdi_original,9,0.0,,9,0.0,,0
103,compositional,detour,exposed,mdi_reset,9,0.0,,9,0.0,,0
103,compositional,detour,exposed,mdi_with_delta,9,0.0,,9,0.0,,0
103,compositional,detour,exposed,predicate_match,8,1.0,6.0,9,0.0,,0
103,compositional,detour,exposed,random,9,0.0,,9,0.0,,0
103,compositional,detour,exposed,recurrence,5,1.0,3.0,9,0.0,,3
103,compositional,detour,exposed,similarity,9,0.0,,9,0.0,,0
103,compositional,detour,exposed,value_profile,9,0.0,,9,0.0,,0
103,compositional,detour,holdout,association_only,9,0.0,,9,0.0,,0
103,compositional,detour,holdout,clustering,9,0.0,,9,0.0,,0
103,compositional,detour,holdout,competing_models,5,1.0,3.0,9,0.0,,3
103,compositional,detour,holdout,context_oracle,0,1.0,-2.0,9,0.0,,8
103,compositional,detour,holdout,delta_only,9,0.0,,9,0.0,,0
103,compositional,detour,holdout,frequency,9,0.0,,9,0.0,,0
103,compositional,detour,holdout,mdi,9,0.0,,9,0.0,,0
103,compositional,detour,holdout,mdi_decay0,9,0.0,,9,0.0,,0
103,compositional,detour,holdout,mdi_decay020,9,0.0,,9,0.0,,0
103,compositional,detour,holdout,mdi_no_novelty,9,0.0,,9,0.0,,0
103,compositional,detour,holdout,mdi_original,9,0.0,,9,0.0,,0
103,compositional,detour,holdout,mdi_reset,9,0.0,,9,0.0,,0
103,compositional,detour,holdout,mdi_with_delta,9,0.0,,9,0.0,,0
103,compositional,detour,holdout,predicate_match,8,1.0,6.0,9,0.0,,0
103,compositional,detour,holdout,random,9,0.0,,9,0.0,,0
103,compositional,detour,holdout,recurrence,9,0.0,,9,0.0,,0
103,compositional,detour,holdout,similarity,9,0.0,,9,0.0,,0
103,compositional,detour,holdout,value_profile,9,0.0,,9,0.0,,0
103,compositional,null,exposed,association_only,9,0.0,,9,0.0,,0
103,compositional,null,exposed,clustering,9,0.0,,9,0.0,,0
103,compositional,null,exposed,competing_models,9,0.0,,9,0.0,,0
103,compositional,null,exposed,context_oracle,0,1.0,,9,0.0,,8
103,compositional,null,exposed,delta_only,9,0.0,,9,0.0,,0
103,compositional,null,exposed,frequency,9,0.0,,9,0.0,,0
103,compositional,null,exposed,mdi,9,0.0,,9,0.0,,0
103,compositional,null,exposed,mdi_decay0,9,0.0,,9,0.0,,0
103,compositional,null,exposed,mdi_decay020,9,0.0,,9,0.0,,0
103,compositional,null,exposed,mdi_no_novelty,9,0.0,,9,0.0,,0
103,compositional,null,exposed,mdi_original,9,0.0,,9,0.0,,0
103,compositional,null,exposed,mdi_reset,9,0.0,,9,0.0,,0
103,compositional,null,exposed,mdi_with_delta,9,0.0,,9,0.0,,0
103,compositional,null,exposed,predicate_match,9,0.0,,9,0.0,,0
103,compositional,null,exposed,random,9,0.0,,9,0.0,,0
103,compositional,null,exposed,recurrence,9,0.0,,9,0.0,,0
103,compositional,null,exposed,similarity,9,0.0,,9,0.0,,0
103,compositional,null,exposed,value_profile,9,0.0,,9,0.0,,0
103,compositional,null,holdout,association_only,9,0.0,,9,0.0,,0
103,compositional,null,holdout,clustering,9,0.0,,9,0.0,,0
103,compositional,null,holdout,competing_models,9,0.0,,9,0.0,,0
103,compositional,null,holdout,context_oracle,0,1.0,,9,0.0,,8
103,compositional,null,holdout,delta_only,9,0.0,,9,0.0,,0
103,compositional,null,holdout,frequency,9,0.0,,9,0.0,,0
103,compositional,null,holdout,mdi,9,0.0,,9,0.0,,0
103,compositional,null,holdout,mdi_decay0,9,0.0,,9,0.0,,0
103,compositional,null,holdout,mdi_decay020,9,0.0,,9,0.0,,0
103,compositional,null,holdout,mdi_no_novelty,9,0.0,,9,0.0,,0
103,compositional,null,holdout,mdi_original,9,0.0,,9,0.0,,0
103,compositional,null,holdout,mdi_reset,9,0.0,,9,0.0,,0
103,compositional,null,holdout,mdi_with_delta,9,0.0,,9,0.0,,0
103,compositional,null,holdout,predicate_match,9,0.0,,9,0.0,,0
103,compositional,null,holdout,random,9,0.0,,9,0.0,,0
103,compositional,null,holdout,recurrence,9,0.0,,9,0.0,,0
103,compositional,null,holdout,similarity,9,0.0,,9,0.0,,0
103,compositional,null,holdout,value_profile,9,0.0,,9,0.0,,0
103,compositional,switch,exposed,association_only,9,0.0,,9,0.0,,0
103,compositional,switch,exposed,clustering,9,0.0,,9,0.0,,0
103,compositional,switch,exposed,competing_models,7,1.0,2.0,9,0.0,,1
103,compositional,switch,exposed,context_oracle,0,1.0,-5.0,9,0.0,,8
103,compositional,switch,exposed,delta_only,9,0.0,,9,0.0,,0
103,compositional,switch,exposed,frequency,9,0.0,,9,0.0,,0
103,compositional,switch,exposed,mdi,7,1.0,2.0,7,1.0,2.0,1
103,compositional,switch,exposed,mdi_decay0,8,1.0,3.0,9,0.0,,0
103,compositional,switch,exposed,mdi_decay020,7,1.0,2.0,7,1.0,2.0,1
103,compositional,switch,exposed,mdi_no_novelty,7,1.0,2.0,8,1.0,3.0,1
103,compositional,switch,exposed,mdi_original,9,0.0,,9,0.0,,0
103,compositional,switch,exposed,mdi_reset,9,0.0,,9,0.0,,0
103,compositional,switch,exposed,mdi_with_delta,8,1.0,3.0,9,0.0,,0
103,compositional,switch,exposed,predicate_match,7,1.0,2.0,7,1.0,2.0,1
103,compositional,switch,exposed,random,9,0.0,,9,0.0,,0
103,compositional,switch,exposed,recurrence,9,0.0,,9,0.0,,0
103,compositional,switch,exposed,similarity,9,0.0,,9,0.0,,0
103,compositional,switch,exposed,value_profile,7,1.0,2.0,7,1.0,2.0,1
103,compositional,switch,holdout,association_only,7,1.0,2.0,8,1.0,3.0,1
103,compositional,switch,holdout,clustering,9,0.0,,9,0.0,,0
103,compositional,switch,holdout,competing_models,7,1.0,2.0,7,1.0,2.0,1
103,compositional,switch,holdout,context_oracle,0,1.0,-5.0,9,0.0,,8
103,compositional,switch,holdout,delta_only,9,0.0,,9,0.0,,0
103,compositional,switch,holdout,frequency,9,0.0,,9,0.0,,0
103,compositional,switch,holdout,mdi,7,1.0,2.0,8,1.0,3.0,1
103,compositional,switch,holdout,mdi_decay0,8,1.0,3.0,8,1.0,3.0,0
103,compositional,switch,holdout,mdi_decay020,7,1.0,2.0,9,0.0,,1
103,compositional,switch,holdout,mdi_no_novelty,7,1.0,2.0,8,1.0,3.0,1
103,compositional,switch,holdout,mdi_original,8,1.0,3.0,9,0.0,,0
103,compositional,switch,holdout,mdi_reset,9,0.0,,9,0.0,,0
103,compositional,switch,holdout,mdi_with_delta,8,1.0,3.0,9,0.0,,0
103,compositional,switch,holdout,predicate_match,7,1.0,2.0,7,1.0,2.0,1
103,compositional,switch,holdout,random,9,0.0,,9,0.0,,0
103,compositional,switch,holdout,recurrence,9,0.0,,9,0.0,,0
103,compositional,switch,holdout,similarity,9,0.0,,9,0.0,,0
103,compositional,switch,holdout,value_profile,7,1.0,2.0,7,1.0,2.0,1
103,distributional,ambiguous,exposed,association_only,6,1.0,0.0,9,0.0,,2
103,distributional,ambiguous,exposed,clustering,9,0.0,,9,0.0,,0
103,distributional,ambiguous,exposed,competing_models,6,1.0,0.0,7,1.0,1.0,2
103,distributional,ambiguous,exposed,context_oracle,0,1.0,-6.0,9,0.0,,8
103,distributional,ambiguous,exposed,delta_only,6,1.0,0.0,9,0.0,,2
103,distributional,ambiguous,exposed,frequency,9,0.0,,9,0.0,,0
103,distributional,ambiguous,exposed,mdi,6,1.0,0.0,9,0.0,,2
103,distributional,ambiguous,exposed,mdi_decay0,7,1.0,1.0,9,0.0,,1
103,distributional,ambiguous,exposed,mdi_decay020,6,1.0,0.0,9,0.0,,2
103,distributional,ambiguous,exposed,mdi_no_novelty,6,1.0,0.0,9,0.0,,2
103,distributional,ambiguous,exposed,mdi_original,9,0.0,,9,0.0,,0
103,distributional,ambiguous,exposed,mdi_reset,9,0.0,,9,0.0,,0
103,distributional,ambiguous,exposed,mdi_with_delta,6,1.0,0.0,9,0.0,,2
103,distributional,ambiguous,exposed,predicate_match,6,1.0,0.0,9,0.0,,2
103,distributional,ambiguous,exposed,random,9,0.0,,9,0.0,,0
103,distributional,ambiguous,exposed,recurrence,6,1.0,0.0,8,1.0,2.0,2
103,distributional,ambiguous,exposed,similarity,9,0.0,,9,0.0,,0
103,distributional,ambiguous,exposed,value_profile,6,1.0,0.0,9,0.0,,2
103,distributional,ambiguous,holdout,association_only,6,1.0,0.0,7,1.0,1.0,2
103,distributional,ambiguous,holdout,clustering,9,0.0,,9,0.0,,0
103,distributional,ambiguous,holdout,competing_models,6,1.0,0.0,7,1.0,1.0,2
103,distributional,ambiguous,holdout,context_oracle,0,1.0,-6.0,9,0.0,,8
103,distributional,ambiguous,holdout,delta_only,6,1.0,0.0,9,0.0,,2
103,distributional,ambiguous,holdout,frequency,9,0.0,,9,0.0,,0
103,distributional,ambiguous,holdout,mdi,6,1.0,0.0,7,1.0,1.0,2
103,distributional,ambiguous,holdout,mdi_decay0,7,1.0,1.0,7,1.0,1.0,1
103,distributional,ambiguous,holdout,mdi_decay020,6,1.0,0.0,7,1.0,1.0,2
103,distributional,ambiguous,holdout,mdi_no_novelty,6,1.0,0.0,9,0.0,,2
103,distributional,ambiguous,holdout,mdi_original,9,0.0,,9,0.0,,0
103,distributional,ambiguous,holdout,mdi_reset,9,0.0,,9,0.0,,0
103,distributional,ambiguous,holdout,mdi_with_delta,6,1.0,0.0,9,0.0,,2
103,distributional,ambiguous,holdout,predicate_match,6,1.0,0.0,9,0.0,,2
103,distributional,ambiguous,holdout,random,9,0.0,,9,0.0,,0
103,distributional,ambiguous,holdout,recurrence,9,0.0,,9,0.0,,0
103,distributional,ambiguous,holdout,similarity,9,0.0,,9,0.0,,0
103,distributional,ambiguous,holdout,value_profile,6,1.0,0.0,9,0.0,,2
103,distributional,clear,exposed,association_only,2,1.0,0.0,2,1.0,0.0,6
103,distributional,clear,exposed,clustering,9,0.0,,9,0.0,,0
103,distributional,clear,exposed,competing_models,2,1.0,0.0,2,1.0,0.0,6
103,distributional,clear,exposed,context_oracle,0,1.0,-2.0,9,0.0,,8
103,distributional,clear,exposed,delta_only,2,1.0,0.0,3,1.0,1.0,6
103,distributional,clear,exposed,frequency,9,0.0,,9,0.0,,0
103,distributional,clear,exposed,mdi,2,1.0,0.0,2,1.0,0.0,6
103,distributional,clear,exposed,mdi_decay0,2,1.0,0.0,2,1.0,0.0,6
103,distributional,clear,exposed,mdi_decay020,2,1.0,0.0,2,1.0,0.0,6
103,distributional,clear,exposed,mdi_no_novelty,2,1.0,0.0,2,1.0,0.0,6
103,distributional,clear,exposed,mdi_original,9,0.0,,9,0.0,,0
103,distributional,clear,exposed,mdi_reset,9,0.0,,9,0.0,,0
103,distributional,clear,exposed,mdi_with_delta,2,1.0,0.0,2,1.0,0.0,6
103,distributional,clear,exposed,predicate_match,2,1.0,0.0,5,1.0,3.0,6
103,distributional,clear,exposed,random,9,0.0,,9,0.0,,0
103,distributional,clear,exposed,recurrence,2,1.0,0.0,3,1.0,1.0,6
103,distributional,clear,exposed,similarity,9,0.0,,9,0.0,,0
103,distributional,clear,exposed,value_profile,2,1.0,0.0,2,1.0,0.0,6
103,distributional,clear,holdout,association_only,2,1.0,0.0,2,1.0,0.0,6
103,distributional,clear,holdout,clustering,9,0.0,,9,0.0,,0
103,distributional,clear,holdout,competing_models,2,1.0,0.0,2,1.0,0.0,6
103,distributional,clear,holdout,context_oracle,0,1.0,-2.0,9,0.0,,8
103,distributional,clear,holdout,delta_only,2,1.0,0.0,3,1.0,1.0,6
103,distributional,clear,holdout,frequency,9,0.0,,9,0.0,,0
103,distributional,clear,holdout,mdi,2,1.0,0.0,2,1.0,0.0,6
103,distributional,clear,holdout,mdi_decay0,2,1.0,0.0,2,1.0,0.0,6
103,distributional,clear,holdout,mdi_decay020,2,1.0,0.0,2,1.0,0.0,6
103,distributional,clear,holdout,mdi_no_novelty,2,1.0,0.0,2,1.0,0.0,6
103,distributional,clear,holdout,mdi_original,9,0.0,,9,0.0,,0
103,distributional,clear,holdout,mdi_reset,9,0.0,,9,0.0,,0
103,distributional,clear,holdout,mdi_with_delta,2,1.0,0.0,2,1.0,0.0,6
103,distributional,clear,holdout,predicate_match,2,1.0,0.0,5,1.0,3.0,6
103,distributional,clear,holdout,random,9,0.0,,9,0.0,,0
103,distributional,clear,holdout,recurrence,9,0.0,,9,0.0,,0
103,distributional,clear,holdout,similarity,9,0.0,,9,0.0,,0
103,distributional,clear,holdout,value_profile,2,1.0,0.0,2,1.0,0.0,6
103,distributional,detour,exposed,association_only,2,1.0,0.0,9,0.0,,6
103,distributional,detour,exposed,clustering,9,0.0,,9,0.0,,0
103,distributional,detour,exposed,competing_models,2,1.0,0.0,2,1.0,0.0,6
103,distributional,detour,exposed,context_oracle,0,1.0,-2.0,9,0.0,,8
103,distributional,detour,exposed,delta_only,9,0.0,,9,0.0,,0
103,distributional,detour,exposed,frequency,9,0.0,,9,0.0,,0
103,distributional,detour,exposed,mdi,2,1.0,0.0,2,1.0,0.0,6
103,distributional,detour,exposed,mdi_decay0,2,1.0,0.0,2,1.0,0.0,6
103,distributional,detour,exposed,mdi_decay020,2,1.0,0.0,8,1.0,6.0,6
103,distributional,detour,exposed,mdi_no_novelty,2,1.0,0.0,2,1.0,0.0,6
103,distributional,detour,exposed,mdi_original,9,0.0,,9,0.0,,0
103,distributional,detour,exposed,mdi_reset,9,0.0,,9,0.0,,0
103,distributional,detour,exposed,mdi_with_delta,2,1.0,0.0,9,0.0,,6
103,distributional,detour,exposed,predicate_match,2,1.0,0.0,3,1.0,1.0,6
103,distributional,detour,exposed,random,9,0.0,,9,0.0,,0
103,distributional,detour,exposed,recurrence,2,1.0,0.0,8,1.0,6.0,6
103,distributional,detour,exposed,similarity,9,0.0,,9,0.0,,0
103,distributional,detour,exposed,value_profile,2,1.0,0.0,2,1.0,0.0,6
103,distributional,detour,holdout,association_only,2,1.0,0.0,3,1.0,1.0,6
103,distributional,detour,holdout,clustering,9,0.0,,9,0.0,,0
103,distributional,detour,holdout,competing_models,2,1.0,0.0,2,1.0,0.0,6
103,distributional,detour,holdout,context_oracle,0,1.0,-2.0,9,0.0,,8
103,distributional,detour,holdout,delta_only,9,0.0,,9,0.0,,0
103,distributional,detour,holdout,frequency,9,0.0,,9,0.0,,0
103,distributional,detour,holdout,mdi,2,1.0,0.0,2,1.0,0.0,6
103,distributional,detour,holdout,mdi_decay0,2,1.0,0.0,2,1.0,0.0,6
103,distributional,detour,holdout,mdi_decay020,2,1.0,0.0,8,1.0,6.0,6
103,distributional,detour,holdout,mdi_no_novelty,2,1.0,0.0,2,1.0,0.0,6
103,distributional,detour,holdout,mdi_original,9,0.0,,9,0.0,,0
103,distributional,detour,holdout,mdi_reset,9,0.0,,9,0.0,,0
103,distributional,detour,holdout,mdi_with_delta,2,1.0,0.0,2,1.0,0.0,6
103,distributional,detour,holdout,predicate_match,2,1.0,0.0,3,1.0,1.0,6
103,distributional,detour,holdout,random,9,0.0,,9,0.0,,0
103,distributional,detour,holdout,recurrence,9,0.0,,9,0.0,,0
103,distributional,detour,holdout,similarity,9,0.0,,9,0.0,,0
103,distributional,detour,holdout,value_profile,2,1.0,0.0,3,1.0,1.0,6
103,distributional,null,exposed,association_only,9,0.0,,9,0.0,,0
103,distributional,null,exposed,clustering,9,0.0,,9,0.0,,0
103,distributional,null,exposed,competing_models,9,0.0,,9,0.0,,0
103,distributional,null,exposed,context_oracle,0,1.0,,9,0.0,,8
103,distributional,null,exposed,delta_only,9,0.0,,9,0.0,,0
103,distributional,null,exposed,frequency,9,0.0,,9,0.0,,0
103,distributional,null,exposed,mdi,9,0.0,,9,0.0,,0
103,distributional,null,exposed,mdi_decay0,9,0.0,,9,0.0,,0
103,distributional,null,exposed,mdi_decay020,9,0.0,,9,0.0,,0
103,distributional,null,exposed,mdi_no_novelty,9,0.0,,9,0.0,,0
103,distributional,null,exposed,mdi_original,9,0.0,,9,0.0,,0
103,distributional,null,exposed,mdi_reset,9,0.0,,9,0.0,,0
103,distributional,null,exposed,mdi_with_delta,9,0.0,,9,0.0,,0
103,distributional,null,exposed,predicate_match,9,0.0,,9,0.0,,0
103,distributional,null,exposed,random,9,0.0,,9,0.0,,0
103,distributional,null,exposed,recurrence,9,0.0,,9,0.0,,0
103,distributional,null,exposed,similarity,9,0.0,,9,0.0,,0
103,distributional,null,exposed,value_profile,9,0.0,,9,0.0,,0
103,distributional,null,holdout,association_only,9,0.0,,9,0.0,,0
103,distributional,null,holdout,clustering,9,0.0,,9,0.0,,0
103,distributional,null,holdout,competing_models,9,0.0,,9,0.0,,0
103,distributional,null,holdout,context_oracle,0,1.0,,9,0.0,,8
103,distributional,null,holdout,delta_only,9,0.0,,9,0.0,,0
103,distributional,null,holdout,frequency,9,0.0,,9,0.0,,0
103,distributional,null,holdout,mdi,9,0.0,,9,0.0,,0
103,distributional,null,holdout,mdi_decay0,9,0.0,,9,0.0,,0
103,distributional,null,holdout,mdi_decay020,9,0.0,,9,0.0,,0
103,distributional,null,holdout,mdi_no_novelty,9,0.0,,9,0.0,,0
103,distributional,null,holdout,mdi_original,9,0.0,,9,0.0,,0
103,distributional,null,holdout,mdi_reset,9,0.0,,9,0.0,,0
103,distributional,null,holdout,mdi_with_delta,9,0.0,,9,0.0,,0
103,distributional,null,holdout,predicate_match,9,0.0,,9,0.0,,0
103,distributional,null,holdout,random,9,0.0,,9,0.0,,0
103,distributional,null,holdout,recurrence,9,0.0,,9,0.0,,0
103,distributional,null,holdout,similarity,9,0.0,,9,0.0,,0
103,distributional,null,holdout,value_profile,9,0.0,,9,0.0,,0
103,distributional,switch,exposed,association_only,8,1.0,3.0,9,0.0,,0
103,distributional,switch,exposed,clustering,9,0.0,,9,0.0,,0
103,distributional,switch,exposed,competing_models,7,1.0,2.0,7,1.0,2.0,1
103,distributional,switch,exposed,context_oracle,0,1.0,-5.0,9,0.0,,8
103,distributional,switch,exposed,delta_only,9,0.0,,9,0.0,,0
103,distributional,switch,exposed,frequency,9,0.0,,9,0.0,,0
103,distributional,switch,exposed,mdi,7,1.0,2.0,8,1.0,3.0,1
103,distributional,switch,exposed,mdi_decay0,8,1.0,3.0,9,0.0,,0
103,distributional,switch,exposed,mdi_decay020,7,1.0,2.0,7,1.0,2.0,1
103,distributional,switch,exposed,mdi_no_novelty,8,1.0,3.0,8,1.0,3.0,0
103,distributional,switch,exposed,mdi_original,9,0.0,,9,0.0,,0
103,distributional,switch,exposed,mdi_reset,9,0.0,,9,0.0,,0
103,distributional,switch,exposed,mdi_with_delta,9,0.0,,9,0.0,,0
103,distributional,switch,exposed,predicate_match,8,1.0,3.0,8,1.0,3.0,0
103,distributional,switch,exposed,random,9,0.0,,9,0.0,,0
103,distributional,switch,exposed,recurrence,9,0.0,,9,0.0,,0
103,distributional,switch,exposed,similarity,9,0.0,,9,0.0,,0
103,distributional,switch,exposed,value_profile,8,1.0,3.0,8,1.0,3.0,0
103,distributional,switch,holdout,association_only,8,1.0,3.0,9,0.0,,0
103,distributional,switch,holdout,clustering,9,0.0,,9,0.0,,0
103,distributional,switch,holdout,competing_models,7,1.0,2.0,7,1.0,2.0,1
103,distributional,switch,holdout,context_oracle,0,1.0,-5.0,9,0.0,,8
103,distributional,switch,holdout,delta_only,9,0.0,,9,0.0,,0
103,distributional,switch,holdout,frequency,9,0.0,,9,0.0,,0
103,distributional,switch,holdout,mdi,8,1.0,3.0,8,1.0,3.0,0
103,distributional,switch,holdout,mdi_decay0,8,1.0,3.0,8,1.0,3.0,0
103,distributional,switch,holdout,mdi_decay020,7,1.0,2.0,7,1.0,2.0,1
103,distributional,switch,holdout,mdi_no_novelty,8,1.0,3.0,8,1.0,3.0,0
103,distributional,switch,holdout,mdi_original,9,0.0,,9,0.0,,0
103,distributional,switch,holdout,mdi_reset,9,0.0,,9,0.0,,0
103,distributional,switch,holdout,mdi_with_delta,9,0.0,,9,0.0,,0
103,distributional,switch,holdout,predicate_match,8,1.0,3.0,8,1.0,3.0,0
103,distributional,switch,holdout,random,9,0.0,,9,0.0,,0
103,distributional,switch,holdout,recurrence,9,0.0,,9,0.0,,0
103,distributional,switch,holdout,similarity,9,0.0,,9,0.0,,0
103,distributional,switch,holdout,value_profile,8,1.0,3.0,8,1.0,3.0,0
103,shared,ambiguous,exposed,association_only,9,0.0,,9,0.0,,0
103,shared,ambiguous,exposed,clustering,9,0.0,,9,0.0,,0
103,shared,ambiguous,exposed,competing_models,7,1.0,0.0,7,1.0,0.0,1
103,shared,ambiguous,exposed,context_oracle,9,0.0,,9,0.0,,0
103,shared,ambiguous,exposed,delta_only,7,1.0,0.0,9,0.0,,1
103,shared,ambiguous,exposed,frequency,9,0.0,,9,0.0,,0
103,shared,ambiguous,exposed,mdi,9,0.0,,9,0.0,,0
103,shared,ambiguous,exposed,mdi_decay0,9,0.0,,9,0.0,,0
103,shared,ambiguous,exposed,mdi_decay020,9,0.0,,9,0.0,,0
103,shared,ambiguous,exposed,mdi_no_novelty,9,0.0,,9,0.0,,0
103,shared,ambiguous,exposed,mdi_original,9,0.0,,9,0.0,,0
103,shared,ambiguous,exposed,mdi_reset,9,0.0,,9,0.0,,0
103,shared,ambiguous,exposed,mdi_with_delta,9,0.0,,9,0.0,,0
103,shared,ambiguous,exposed,predicate_match,7,1.0,0.0,9,0.0,,1
103,shared,ambiguous,exposed,random,9,0.0,,9,0.0,,0
103,shared,ambiguous,exposed,recurrence,7,1.0,0.0,9,0.0,,1
103,shared,ambiguous,exposed,similarity,9,0.0,,9,0.0,,0
103,shared,ambiguous,exposed,value_profile,9,0.0,,9,0.0,,0
103,shared,ambiguous,holdout,association_only,9,0.0,,9,0.0,,0
103,shared,ambiguous,holdout,clustering,9,0.0,,9,0.0,,0
103,shared,ambiguous,holdout,competing_models,9,0.0,,9,0.0,,0
103,shared,ambiguous,holdout,context_oracle,9,0.0,,9,0.0,,0
103,shared,ambiguous,holdout,delta_only,7,1.0,0.0,9,0.0,,1
103,shared,ambiguous,holdout,frequency,9,0.0,,9,0.0,,0
103,shared,ambiguous,holdout,mdi,9,0.0,,9,0.0,,0
103,shared,ambiguous,holdout,mdi_decay0,9,0.0,,9,0.0,,0
103,shared,ambiguous,holdout,mdi_decay020,9,0.0,,9,0.0,,0
103,shared,ambiguous,holdout,mdi_no_novelty,9,0.0,,9,0.0,,0
103,shared,ambiguous,holdout,mdi_original,9,0.0,,9,0.0,,0
103,shared,ambiguous,holdout,mdi_reset,9,0.0,,9,0.0,,0
103,shared,ambiguous,holdout,mdi_with_delta,9,0.0,,9,0.0,,0
103,shared,ambiguous,holdout,predicate_match,7,1.0,0.0,9,0.0,,1
103,shared,ambiguous,holdout,random,9,0.0,,9,0.0,,0
103,shared,ambiguous,holdout,recurrence,9,0.0,,9,0.0,,0
103,shared,ambiguous,holdout,similarity,9,0.0,,9,0.0,,0
103,shared,ambiguous,holdout,value_profile,9,0.0,,9,0.0,,0
103,shared,clear,exposed,association_only,5,1.0,2.0,9,0.0,,3
103,shared,clear,exposed,clustering,9,0.0,,9,0.0,,0
103,shared,clear,exposed,competing_models,3,1.0,0.0,3,1.0,0.0,5
103,shared,clear,exposed,context_oracle,9,0.0,,9,0.0,,0
103,shared,clear,exposed,delta_only,3,1.0,0.0,5,1.0,2.0,5
103,shared,clear,exposed,frequency,9,0.0,,9,0.0,,0
103,shared,clear,exposed,mdi,3,1.0,0.0,9,0.0,,5
103,shared,clear,exposed,mdi_decay0,3,1.0,0.0,9,0.0,,5
103,shared,clear,exposed,mdi_decay020,3,1.0,0.0,9,0.0,,5
103,shared,clear,exposed,mdi_no_novelty,3,1.0,0.0,9,0.0,,5
103,shared,clear,exposed,mdi_original,9,0.0,,9,0.0,,0
103,shared,clear,exposed,mdi_reset,9,0.0,,9,0.0,,0
103,shared,clear,exposed,mdi_with_delta,3,1.0,0.0,9,0.0,,5
103,shared,clear,exposed,predicate_match,3,1.0,0.0,5,1.0,2.0,5
103,shared,clear,exposed,random,9,0.0,,9,0.0,,0
103,shared,clear,exposed,recurrence,3,1.0,0.0,5,1.0,2.0,5
103,shared,clear,exposed,similarity,9,0.0,,9,0.0,,0
103,shared,clear,exposed,value_profile,3,1.0,0.0,5,1.0,2.0,5
103,shared,clear,holdout,association_only,9,0.0,,9,0.0,,0
103,shared,clear,holdout,clustering,9,0.0,,9,0.0,,0
103,shared,clear,holdout,competing_models,3,1.0,0.0,3,1.0,0.0,5
103,shared,clear,holdout,context_oracle,9,0.0,,9,0.0,,0
103,shared,clear,holdout,delta_only,3,1.0,0.0,5,1.0,2.0,5
103,shared,clear,holdout,frequency,9,0.0,,9,0.0,,0
103,shared,clear,holdout,mdi,9,0.0,,9,0.0,,0
103,shared,clear,holdout,mdi_decay0,9,0.0,,9,0.0,,0
103,shared,clear,holdout,mdi_decay020,9,0.0,,9,0.0,,0
103,shared,clear,holdout,mdi_no_novelty,9,0.0,,9,0.0,,0
103,shared,clear,holdout,mdi_original,9,0.0,,9,0.0,,0
103,shared,clear,holdout,mdi_reset,9,0.0,,9,0.0,,0
103,shared,clear,holdout,mdi_with_delta,7,1.0,4.0,9,0.0,,1
103,shared,clear,holdout,predicate_match,3,1.0,0.0,5,1.0,2.0,5
103,shared,clear,holdout,random,9,0.0,,9,0.0,,0
103,shared,clear,holdout,recurrence,9,0.0,,9,0.0,,0
103,shared,clear,holdout,similarity,9,0.0,,9,0.0,,0
103,shared,clear,holdout,value_profile,7,1.0,4.0,9,0.0,,1
103,shared,detour,exposed,association_only,9,0.0,,9,0.0,,0
103,shared,detour,exposed,clustering,9,0.0,,9,0.0,,0
103,shared,detour,exposed,competing_models,9,0.0,,9,0.0,,0
103,shared,detour,exposed,context_oracle,9,0.0,,9,0.0,,0
103,shared,detour,exposed,delta_only,9,0.0,,9,0.0,,0
103,shared,detour,exposed,frequency,9,0.0,,9,0.0,,0
103,shared,detour,exposed,mdi,9,0.0,,9,0.0,,0
103,shared,detour,exposed,mdi_decay0,9,0.0,,9,0.0,,0
103,shared,detour,exposed,mdi_decay020,9,0.0,,9,0.0,,0
103,shared,detour,exposed,mdi_no_novelty,9,0.0,,9,0.0,,0
103,shared,detour,exposed,mdi_original,9,0.0,,9,0.0,,0
103,shared,detour,exposed,mdi_reset,9,0.0,,9,0.0,,0
103,shared,detour,exposed,mdi_with_delta,9,0.0,,9,0.0,,0
103,shared,detour,exposed,predicate_match,9,0.0,,9,0.0,,0
103,shared,detour,exposed,random,9,0.0,,9,0.0,,0
103,shared,detour,exposed,recurrence,8,1.0,5.0,9,0.0,,0
103,shared,detour,exposed,similarity,9,0.0,,9,0.0,,0
103,shared,detour,exposed,value_profile,9,0.0,,9,0.0,,0
103,shared,detour,holdout,association_only,9,0.0,,9,0.0,,0
103,shared,detour,holdout,clustering,9,0.0,,9,0.0,,0
103,shared,detour,holdout,competing_models,9,0.0,,9,0.0,,0
103,shared,detour,holdout,context_oracle,9,0.0,,9,0.0,,0
103,shared,detour,holdout,delta_only,9,0.0,,9,0.0,,0
103,shared,detour,holdout,frequency,9,0.0,,9,0.0,,0
103,shared,detour,holdout,mdi,9,0.0,,9,0.0,,0
103,shared,detour,holdout,mdi_decay0,9,0.0,,9,0.0,,0
103,shared,detour,holdout,mdi_decay020,9,0.0,,9,0.0,,0
103,shared,detour,holdout,mdi_no_novelty,9,0.0,,9,0.0,,0
103,shared,detour,holdout,mdi_original,9,0.0,,9,0.0,,0
103,shared,detour,holdout,mdi_reset,9,0.0,,9,0.0,,0
103,shared,detour,holdout,mdi_with_delta,9,0.0,,9,0.0,,0
103,shared,detour,holdout,predicate_match,9,0.0,,9,0.0,,0
103,shared,detour,holdout,random,9,0.0,,9,0.0,,0
103,shared,detour,holdout,recurrence,9,0.0,,9,0.0,,0
103,shared,detour,holdout,similarity,9,0.0,,9,0.0,,0
103,shared,detour,holdout,value_profile,9,0.0,,9,0.0,,0
103,shared,null,exposed,association_only,9,0.0,,9,0.0,,0
103,shared,null,exposed,clustering,9,0.0,,9,0.0,,0
103,shared,null,exposed,competing_models,9,0.0,,9,0.0,,0
103,shared,null,exposed,context_oracle,9,0.0,,9,0.0,,0
103,shared,null,exposed,delta_only,9,0.0,,9,0.0,,0
103,shared,null,exposed,frequency,9,0.0,,9,0.0,,0
103,shared,null,exposed,mdi,9,0.0,,9,0.0,,0
103,shared,null,exposed,mdi_decay0,9,0.0,,9,0.0,,0
103,shared,null,exposed,mdi_decay020,9,0.0,,9,0.0,,0
103,shared,null,exposed,mdi_no_novelty,9,0.0,,9,0.0,,0
103,shared,null,exposed,mdi_original,9,0.0,,9,0.0,,0
103,shared,null,exposed,mdi_reset,9,0.0,,9,0.0,,0
103,shared,null,exposed,mdi_with_delta,9,0.0,,9,0.0,,0
103,shared,null,exposed,predicate_match,9,0.0,,9,0.0,,0
103,shared,null,exposed,random,9,0.0,,9,0.0,,0
103,shared,null,exposed,recurrence,9,0.0,,9,0.0,,0
103,shared,null,exposed,similarity,9,0.0,,9,0.0,,0
103,shared,null,exposed,value_profile,9,0.0,,9,0.0,,0
103,shared,null,holdout,association_only,9,0.0,,9,0.0,,0
103,shared,null,holdout,clustering,9,0.0,,9,0.0,,0
103,shared,null,holdout,competing_models,9,0.0,,9,0.0,,0
103,shared,null,holdout,context_oracle,9,0.0,,9,0.0,,0
103,shared,null,holdout,delta_only,9,0.0,,9,0.0,,0
103,shared,null,holdout,frequency,9,0.0,,9,0.0,,0
103,shared,null,holdout,mdi,9,0.0,,9,0.0,,0
103,shared,null,holdout,mdi_decay0,9,0.0,,9,0.0,,0
103,shared,null,holdout,mdi_decay020,9,0.0,,9,0.0,,0
103,shared,null,holdout,mdi_no_novelty,9,0.0,,9,0.0,,0
103,shared,null,holdout,mdi_original,9,0.0,,9,0.0,,0
103,shared,null,holdout,mdi_reset,9,0.0,,9,0.0,,0
103,shared,null,holdout,mdi_with_delta,9,0.0,,9,0.0,,0
103,shared,null,holdout,predicate_match,9,0.0,,9,0.0,,0
103,shared,null,holdout,random,9,0.0,,9,0.0,,0
103,shared,null,holdout,recurrence,9,0.0,,9,0.0,,0
103,shared,null,holdout,similarity,9,0.0,,9,0.0,,0
103,shared,null,holdout,value_profile,9,0.0,,9,0.0,,0
103,shared,switch,exposed,association_only,9,0.0,,9,0.0,,0
103,shared,switch,exposed,clustering,9,0.0,,9,0.0,,0
103,shared,switch,exposed,competing_models,9,0.0,,9,0.0,,0
103,shared,switch,exposed,context_oracle,9,0.0,,9,0.0,,0
103,shared,switch,exposed,delta_only,6,1.0,0.0,9,0.0,,2
103,shared,switch,exposed,frequency,9,0.0,,9,0.0,,0
103,shared,switch,exposed,mdi,9,0.0,,9,0.0,,0
103,shared,switch,exposed,mdi_decay0,9,0.0,,9,0.0,,0
103,shared,switch,exposed,mdi_decay020,8,1.0,2.0,9,0.0,,0
103,shared,switch,exposed,mdi_no_novelty,9,0.0,,9,0.0,,0
103,shared,switch,exposed,mdi_original,9,0.0,,9,0.0,,0
103,shared,switch,exposed,mdi_reset,9,0.0,,9,0.0,,0
103,shared,switch,exposed,mdi_with_delta,9,0.0,,9,0.0,,0
103,shared,switch,exposed,predicate_match,6,1.0,0.0,8,1.0,2.0,2
103,shared,switch,exposed,random,9,0.0,,9,0.0,,0
103,shared,switch,exposed,recurrence,9,0.0,,9,0.0,,0
103,shared,switch,exposed,similarity,9,0.0,,9,0.0,,0
103,shared,switch,exposed,value_profile,9,0.0,,9,0.0,,0
103,shared,switch,holdout,association_only,9,0.0,,9,0.0,,0
103,shared,switch,holdout,clustering,9,0.0,,9,0.0,,0
103,shared,switch,holdout,competing_models,9,0.0,,9,0.0,,0
103,shared,switch,holdout,context_oracle,9,0.0,,9,0.0,,0
103,shared,switch,holdout,delta_only,8,1.0,2.0,9,0.0,,0
103,shared,switch,holdout,frequency,9,0.0,,9,0.0,,0
103,shared,switch,holdout,mdi,9,0.0,,9,0.0,,0
103,shared,switch,holdout,mdi_decay0,9,0.0,,9,0.0,,0
103,shared,switch,holdout,mdi_decay020,9,0.0,,9,0.0,,0
103,shared,switch,holdout,mdi_no_novelty,9,0.0,,9,0.0,,0
103,shared,switch,holdout,mdi_original,9,0.0,,9,0.0,,0
103,shared,switch,holdout,mdi_reset,9,0.0,,9,0.0,,0
103,shared,switch,holdout,mdi_with_delta,9,0.0,,9,0.0,,0
103,shared,switch,holdout,predicate_match,6,1.0,0.0,8,1.0,2.0,2
103,shared,switch,holdout,random,9,0.0,,9,0.0,,0
103,shared,switch,holdout,recurrence,9,0.0,,9,0.0,,0
103,shared,switch,holdout,similarity,9,0.0,,9,0.0,,0
103,shared,switch,holdout,value_profile,9,0.0,,9,0.0,,0
103,structural,ambiguous,exposed,association_only,6,1.0,0.0,6,1.0,0.0,2
103,structural,ambiguous,exposed,clustering,9,0.0,,9,0.0,,0
103,structural,ambiguous,exposed,competing_models,6,1.0,0.0,6,1.0,0.0,2
103,structural,ambiguous,exposed,context_oracle,0,1.0,-6.0,9,0.0,,8
103,structural,ambiguous,exposed,delta_only,6,1.0,0.0,9,0.0,,2
103,structural,ambiguous,exposed,frequency,9,0.0,,9,0.0,,0
103,structural,ambiguous,exposed,mdi,6,1.0,0.0,6,1.0,0.0,2
103,structural,ambiguous,exposed,mdi_decay0,6,1.0,0.0,6,1.0,0.0,2
103,structural,ambiguous,exposed,mdi_decay020,6,1.0,0.0,6,1.0,0.0,2
103,structural,ambiguous,exposed,mdi_no_novelty,6,1.0,0.0,6,1.0,0.0,2
103,structural,ambiguous,exposed,mdi_original,6,1.0,0.0,6,1.0,0.0,2
103,structural,ambiguous,exposed,mdi_reset,9,0.0,,9,0.0,,0
103,structural,ambiguous,exposed,mdi_with_delta,6,1.0,0.0,6,1.0,0.0,2
103,structural,ambiguous,exposed,predicate_match,6,1.0,0.0,9,0.0,,2
103,structural,ambiguous,exposed,random,9,0.0,,9,0.0,,0
103,structural,ambiguous,exposed,recurrence,6,1.0,0.0,9,0.0,,2
103,structural,ambiguous,exposed,similarity,9,0.0,,9,0.0,,0
103,structural,ambiguous,exposed,value_profile,6,1.0,0.0,6,1.0,0.0,2
103,structural,ambiguous,holdout,association_only,6,1.0,0.0,6,1.0,0.0,2
103,structural,ambiguous,holdout,clustering,9,0.0,,9,0.0,,0
103,structural,ambiguous,holdout,competing_models,6,1.0,0.0,6,1.0,0.0,2
103,structural,ambiguous,holdout,context_oracle,0,1.0,-6.0,9,0.0,,8
103,structural,ambiguous,holdout,delta_only,6,1.0,0.0,9,0.0,,2
103,structural,ambiguous,holdout,frequency,9,0.0,,9,0.0,,0
103,structural,ambiguous,holdout,mdi,6,1.0,0.0,6,1.0,0.0,2
103,structural,ambiguous,holdout,mdi_decay0,6,1.0,0.0,6,1.0,0.0,2
103,structural,ambiguous,holdout,mdi_decay020,6,1.0,0.0,6,1.0,0.0,2
103,structural,ambiguous,holdout,mdi_no_novelty,6,1.0,0.0,6,1.0,0.0,2
103,structural,ambiguous,holdout,mdi_original,6,1.0,0.0,6,1.0,0.0,2
103,structural,ambiguous,holdout,mdi_reset,9,0.0,,9,0.0,,0
103,structural,ambiguous,holdout,mdi_with_delta,6,1.0,0.0,6,1.0,0.0,2
103,structural,ambiguous,holdout,predicate_match,6,1.0,0.0,9,0.0,,2
103,structural,ambiguous,holdout,random,9,0.0,,9,0.0,,0
103,structural,ambiguous,holdout,recurrence,9,0.0,,9,0.0,,0
103,structural,ambiguous,holdout,similarity,9,0.0,,9,0.0,,0
103,structural,ambiguous,holdout,value_profile,6,1.0,0.0,6,1.0,0.0,2
103,structural,clear,exposed,association_only,2,1.0,0.0,2,1.0,0.0,6
103,structural,clear,exposed,clustering,9,0.0,,9,0.0,,0
103,structural,clear,exposed,competing_models,2,1.0,0.0,2,1.0,0.0,6
103,structural,clear,exposed,context_oracle,0,1.0,-2.0,9,0.0,,8
103,structural,clear,exposed,delta_only,2,1.0,0.0,9,0.0,,6
103,structural,clear,exposed,frequency,9,0.0,,9,0.0,,0
103,structural,clear,exposed,mdi,2,1.0,0.0,2,1.0,0.0,6
103,structural,clear,exposed,mdi_decay0,2,1.0,0.0,2,1.0,0.0,6
103,structural,clear,exposed,mdi_decay020,2,1.0,0.0,2,1.0,0.0,6
103,structural,clear,exposed,mdi_no_novelty,2,1.0,0.0,2,1.0,0.0,6
103,structural,clear,exposed,mdi_original,2,1.0,0.0,3,1.0,1.0,6
103,structural,clear,exposed,mdi_reset,9,0.0,,9,0.0,,0
103,structural,clear,exposed,mdi_with_delta,2,1.0,0.0,2,1.0,0.0,6
103,structural,clear,exposed,predicate_match,2,1.0,0.0,5,1.0,3.0,6
103,structural,clear,exposed,random,9,0.0,,9,0.0,,0
103,structural,clear,exposed,recurrence,2,1.0,0.0,5,1.0,3.0,6
103,structural,clear,exposed,similarity,9,0.0,,9,0.0,,0
103,structural,clear,exposed,value_profile,2,1.0,0.0,2,1.0,0.0,6
103,structural,clear,holdout,association_only,2,1.0,0.0,2,1.0,0.0,6
103,structural,clear,holdout,clustering,9,0.0,,9,0.0,,0
103,structural,clear,holdout,competing_models,2,1.0,0.0,2,1.0,0.0,6
103,structural,clear,holdout,context_oracle,0,1.0,-2.0,9,0.0,,8
103,structural,clear,holdout,delta_only,2,1.0,0.0,9,0.0,,6
103,structural,clear,holdout,frequency,9,0.0,,9,0.0,,0
103,structural,clear,holdout,mdi,2,1.0,0.0,2,1.0,0.0,6
103,structural,clear,holdout,mdi_decay0,2,1.0,0.0,2,1.0,0.0,6
103,structural,clear,holdout,mdi_decay020,2,1.0,0.0,2,1.0,0.0,6
103,structural,clear,holdout,mdi_no_novelty,2,1.0,0.0,2,1.0,0.0,6
103,structural,clear,holdout,mdi_original,3,1.0,1.0,3,1.0,1.0,5
103,structural,clear,holdout,mdi_reset,9,0.0,,9,0.0,,0
103,structural,clear,holdout,mdi_with_delta,2,1.0,0.0,2,1.0,0.0,6
103,structural,clear,holdout,predicate_match,2,1.0,0.0,5,1.0,3.0,6
103,structural,clear,holdout,random,9,0.0,,9,0.0,,0
103,structural,clear,holdout,recurrence,9,0.0,,9,0.0,,0
103,structural,clear,holdout,similarity,9,0.0,,9,0.0,,0
103,structural,clear,holdout,value_profile,2,1.0,0.0,2,1.0,0.0,6
103,structural,detour,exposed,association_only,2,1.0,0.0,2,1.0,0.0,6
103,structural,detour,exposed,clustering,9,0.0,,9,0.0,,0
103,structural,detour,exposed,competing_models,2,1.0,0.0,2,1.0,0.0,6
103,structural,detour,exposed,context_oracle,0,1.0,-2.0,9,0.0,,8
103,structural,detour,exposed,delta_only,2,1.0,0.0,9,0.0,,6
103,structural,detour,exposed,frequency,9,0.0,,9,0.0,,0
103,structural,detour,exposed,mdi,2,1.0,0.0,2,1.0,0.0,6
103,structural,detour,exposed,mdi_decay0,2,1.0,0.0,2,1.0,0.0,6
103,structural,detour,exposed,mdi_decay020,2,1.0,0.0,8,1.0,6.0,6
103,structural,detour,exposed,mdi_no_novelty,2,1.0,0.0,2,1.0,0.0,6
103,structural,detour,exposed,mdi_original,2,1.0,0.0,8,1.0,6.0,6
103,structural,detour,exposed,mdi_reset,9,0.0,,9,0.0,,0
103,structural,detour,exposed,mdi_with_delta,2,1.0,0.0,9,0.0,,6
103,structural,detour,exposed,predicate_match,2,1.0,0.0,3,1.0,1.0,6
103,structural,detour,exposed,random,9,0.0,,9,0.0,,0
103,structural,detour,exposed,recurrence,2,1.0,0.0,8,1.0,6.0,6
103,structural,detour,exposed,similarity,9,0.0,,9,0.0,,0
103,structural,detour,exposed,value_profile,2,1.0,0.0,2,1.0,0.0,6
103,structural,detour,holdout,association_only,2,1.0,0.0,2,1.0,0.0,6
103,structural,detour,holdout,clustering,9,0.0,,9,0.0,,0
103,structural,detour,holdout,competing_models,2,1.0,0.0,2,1.0,0.0,6
103,structural,detour,holdout,context_oracle,0,1.0,-2.0,9,0.0,,8
103,structural,detour,holdout,delta_only,7,1.0,5.0,9,0.0,,1
103,structural,detour,holdout,frequency,9,0.0,,9,0.0,,0
103,structural,detour,holdout,mdi,2,1.0,0.0,2,1.0,0.0,6
103,structural,detour,holdout,mdi_decay0,2,1.0,0.0,2,1.0,0.0,6
103,structural,detour,holdout,mdi_decay020,2,1.0,0.0,2,1.0,0.0,6
103,structural,detour,holdout,mdi_no_novelty,2,1.0,0.0,2,1.0,0.0,6
103,structural,detour,holdout,mdi_original,2,1.0,0.0,2,1.0,0.0,6
103,structural,detour,holdout,mdi_reset,9,0.0,,9,0.0,,0
103,structural,detour,holdout,mdi_with_delta,9,0.0,,9,0.0,,0
103,structural,detour,holdout,predicate_match,2,1.0,0.0,3,1.0,1.0,6
103,structural,detour,holdout,random,9,0.0,,9,0.0,,0
103,structural,detour,holdout,recurrence,9,0.0,,9,0.0,,0
103,structural,detour,holdout,similarity,9,0.0,,9,0.0,,0
103,structural,detour,holdout,value_profile,2,1.0,0.0,2,1.0,0.0,6
103,structural,null,exposed,association_only,9,0.0,,9,0.0,,0
103,structural,null,exposed,clustering,9,0.0,,9,0.0,,0
103,structural,null,exposed,competing_models,9,0.0,,9,0.0,,0
103,structural,null,exposed,context_oracle,0,1.0,,9,0.0,,8
103,structural,null,exposed,delta_only,9,0.0,,9,0.0,,0
103,structural,null,exposed,frequency,9,0.0,,9,0.0,,0
103,structural,null,exposed,mdi,9,0.0,,9,0.0,,0
103,structural,null,exposed,mdi_decay0,9,0.0,,9,0.0,,0
103,structural,null,exposed,mdi_decay020,9,0.0,,9,0.0,,0
103,structural,null,exposed,mdi_no_novelty,9,0.0,,9,0.0,,0
103,structural,null,exposed,mdi_original,9,0.0,,9,0.0,,0
103,structural,null,exposed,mdi_reset,9,0.0,,9,0.0,,0
103,structural,null,exposed,mdi_with_delta,9,0.0,,9,0.0,,0
103,structural,null,exposed,predicate_match,9,0.0,,9,0.0,,0
103,structural,null,exposed,random,9,0.0,,9,0.0,,0
103,structural,null,exposed,recurrence,9,0.0,,9,0.0,,0
103,structural,null,exposed,similarity,9,0.0,,9,0.0,,0
103,structural,null,exposed,value_profile,9,0.0,,9,0.0,,0
103,structural,null,holdout,association_only,9,0.0,,9,0.0,,0
103,structural,null,holdout,clustering,9,0.0,,9,0.0,,0
103,structural,null,holdout,competing_models,9,0.0,,9,0.0,,0
103,structural,null,holdout,context_oracle,0,1.0,,9,0.0,,8
103,structural,null,holdout,delta_only,9,0.0,,9,0.0,,0
103,structural,null,holdout,frequency,9,0.0,,9,0.0,,0
103,structural,null,holdout,mdi,9,0.0,,9,0.0,,0
103,structural,null,holdout,mdi_decay0,9,0.0,,9,0.0,,0
103,structural,null,holdout,mdi_decay020,9,0.0,,9,0.0,,0
103,structural,null,holdout,mdi_no_novelty,9,0.0,,9,0.0,,0
103,structural,null,holdout,mdi_original,9,0.0,,9,0.0,,0
103,structural,null,holdout,mdi_reset,9,0.0,,9,0.0,,0
103,structural,null,holdout,mdi_with_delta,9,0.0,,9,0.0,,0
103,structural,null,holdout,predicate_match,9,0.0,,9,0.0,,0
103,structural,null,holdout,random,9,0.0,,9,0.0,,0
103,structural,null,holdout,recurrence,9,0.0,,9,0.0,,0
103,structural,null,holdout,similarity,9,0.0,,9,0.0,,0
103,structural,null,holdout,value_profile,9,0.0,,9,0.0,,0
103,structural,switch,exposed,association_only,8,1.0,3.0,8,1.0,3.0,0
103,structural,switch,exposed,clustering,9,0.0,,9,0.0,,0
103,structural,switch,exposed,competing_models,7,1.0,2.0,7,1.0,2.0,1
103,structural,switch,exposed,context_oracle,0,1.0,-5.0,9,0.0,,8
103,structural,switch,exposed,delta_only,9,0.0,,9,0.0,,0
103,structural,switch,exposed,frequency,9,0.0,,9,0.0,,0
103,structural,switch,exposed,mdi,7,1.0,2.0,8,1.0,3.0,1
103,structural,switch,exposed,mdi_decay0,8,1.0,3.0,8,1.0,3.0,0
103,structural,switch,exposed,mdi_decay020,6,1.0,1.0,7,1.0,2.0,2
103,structural,switch,exposed,mdi_no_novelty,8,1.0,3.0,8,1.0,3.0,0
103,structural,switch,exposed,mdi_original,8,1.0,3.0,8,1.0,3.0,0
103,structural,switch,exposed,mdi_reset,9,0.0,,9,0.0,,0
103,structural,switch,exposed,mdi_with_delta,9,0.0,,9,0.0,,0
103,structural,switch,exposed,predicate_match,8,1.0,3.0,8,1.0,3.0,0
103,structural,switch,exposed,random,9,0.0,,9,0.0,,0
103,structural,switch,exposed,recurrence,9,0.0,,9,0.0,,0
103,structural,switch,exposed,similarity,9,0.0,,9,0.0,,0
103,structural,switch,exposed,value_profile,8,1.0,3.0,8,1.0,3.0,0
103,structural,switch,holdout,association_only,8,1.0,3.0,9,0.0,,0
103,structural,switch,holdout,clustering,9,0.0,,9,0.0,,0
103,structural,switch,holdout,competing_models,7,1.0,2.0,7,1.0,2.0,1
103,structural,switch,holdout,context_oracle,0,1.0,-5.0,9,0.0,,8
103,structural,switch,holdout,delta_only,9,0.0,,9,0.0,,0
103,structural,switch,holdout,frequency,9,0.0,,9,0.0,,0
103,structural,switch,holdout,mdi,7,1.0,2.0,8,1.0,3.0,1
103,structural,switch,holdout,mdi_decay0,8,1.0,3.0,8,1.0,3.0,0
103,structural,switch,holdout,mdi_decay020,6,1.0,1.0,6,1.0,1.0,2
103,structural,switch,holdout,mdi_no_novelty,8,1.0,3.0,8,1.0,3.0,0
103,structural,switch,holdout,mdi_original,9,0.0,,9,0.0,,0
103,structural,switch,holdout,mdi_reset,9,0.0,,9,0.0,,0
103,structural,switch,holdout,mdi_with_delta,9,0.0,,9,0.0,,0
103,structural,switch,holdout,predicate_match,8,1.0,3.0,8,1.0,3.0,0
103,structural,switch,holdout,random,9,0.0,,9,0.0,,0
103,structural,switch,holdout,recurrence,9,0.0,,9,0.0,,0
103,structural,switch,holdout,similarity,9,0.0,,9,0.0,,0
103,structural,switch,holdout,value_profile,8,1.0,3.0,8,1.0,3.0,0
104,compositional,ambiguous,exposed,association_only,6,1.0,0.0,6,1.0,0.0,2
104,compositional,ambiguous,exposed,clustering,9,0.0,,9,0.0,,0
104,compositional,ambiguous,exposed,competing_models,6,1.0,0.0,6,1.0,0.0,2
104,compositional,ambiguous,exposed,context_oracle,0,1.0,-6.0,9,0.0,,8
104,compositional,ambiguous,exposed,delta_only,6,1.0,0.0,9,0.0,,2
104,compositional,ambiguous,exposed,frequency,9,0.0,,9,0.0,,0
104,compositional,ambiguous,exposed,mdi,6,1.0,0.0,6,1.0,0.0,2
104,compositional,ambiguous,exposed,mdi_decay0,6,1.0,0.0,6,1.0,0.0,2
104,compositional,ambiguous,exposed,mdi_decay020,6,1.0,0.0,6,1.0,0.0,2
104,compositional,ambiguous,exposed,mdi_no_novelty,6,1.0,0.0,6,1.0,0.0,2
104,compositional,ambiguous,exposed,mdi_original,6,1.0,0.0,7,1.0,1.0,2
104,compositional,ambiguous,exposed,mdi_reset,9,0.0,,9,0.0,,0
104,compositional,ambiguous,exposed,mdi_with_delta,6,1.0,0.0,9,0.0,,2
104,compositional,ambiguous,exposed,predicate_match,6,1.0,0.0,8,1.0,2.0,2
104,compositional,ambiguous,exposed,random,9,0.0,,9,0.0,,0
104,compositional,ambiguous,exposed,recurrence,7,1.0,1.0,9,0.0,,1
104,compositional,ambiguous,exposed,similarity,9,0.0,,9,0.0,,0
104,compositional,ambiguous,exposed,value_profile,6,1.0,0.0,7,1.0,1.0,2
104,compositional,ambiguous,holdout,association_only,6,1.0,0.0,6,1.0,0.0,2
104,compositional,ambiguous,holdout,clustering,9,0.0,,9,0.0,,0
104,compositional,ambiguous,holdout,competing_models,6,1.0,0.0,8,1.0,2.0,2
104,compositional,ambiguous,holdout,context_oracle,0,1.0,-6.0,9,0.0,,8
104,compositional,ambiguous,holdout,delta_only,6,1.0,0.0,9,0.0,,2
104,compositional,ambiguous,holdout,frequency,9,0.0,,9,0.0,,0
104,compositional,ambiguous,holdout,mdi,6,1.0,0.0,6,1.0,0.0,2
104,compositional,ambiguous,holdout,mdi_decay0,6,1.0,0.0,6,1.0,0.0,2
104,compositional,ambiguous,holdout,mdi_decay020,6,1.0,0.0,6,1.0,0.0,2
104,compositional,ambiguous,holdout,mdi_no_novelty,6,1.0,0.0,6,1.0,0.0,2
104,compositional,ambiguous,holdout,mdi_original,6,1.0,0.0,6,1.0,0.0,2
104,compositional,ambiguous,holdout,mdi_reset,9,0.0,,9,0.0,,0
104,compositional,ambiguous,holdout,mdi_with_delta,6,1.0,0.0,8,1.0,2.0,2
104,compositional,ambiguous,holdout,predicate_match,6,1.0,0.0,8,1.0,2.0,2
104,compositional,ambiguous,holdout,random,9,0.0,,9,0.0,,0
104,compositional,ambiguous,holdout,recurrence,9,0.0,,9,0.0,,0
104,compositional,ambiguous,holdout,similarity,9,0.0,,9,0.0,,0
104,compositional,ambiguous,holdout,value_profile,6,1.0,0.0,8,1.0,2.0,2
104,compositional,clear,exposed,association_only,2,1.0,0.0,2,1.0,0.0,6
104,compositional,clear,exposed,clustering,9,0.0,,9,0.0,,0
104,compositional,clear,exposed,competing_models,2,1.0,0.0,6,1.0,4.0,6
104,compositional,clear,exposed,context_oracle,0,1.0,-2.0,9,0.0,,8
104,compositional,clear,exposed,delta_only,2,1.0,0.0,9,0.0,,6
104,compositional,clear,exposed,frequency,9,0.0,,9,0.0,,0
104,compositional,clear,exposed,mdi,2,1.0,0.0,3,1.0,1.0,6
104,compositional,clear,exposed,mdi_decay0,2,1.0,0.0,3,1.0,1.0,6
104,compositional,clear,exposed,mdi_decay020,2,1.0,0.0,6,1.0,4.0,6
104,compositional,clear,exposed,mdi_no_novelty,2,1.0,0.0,6,1.0,4.0,6
104,compositional,clear,exposed,mdi_original,2,1.0,0.0,2,1.0,0.0,6
104,compositional,clear,exposed,mdi_reset,9,0.0,,9,0.0,,0
104,compositional,clear,exposed,mdi_with_delta,2,1.0,0.0,9,0.0,,6
104,compositional,clear,exposed,predicate_match,2,1.0,0.0,9,0.0,,6
104,compositional,clear,exposed,random,9,0.0,,9,0.0,,0
104,compositional,clear,exposed,recurrence,2,1.0,0.0,9,0.0,,6
104,compositional,clear,exposed,similarity,9,0.0,,9,0.0,,0
104,compositional,clear,exposed,value_profile,2,1.0,0.0,9,0.0,,6
104,compositional,clear,holdout,association_only,2,1.0,0.0,2,1.0,0.0,6
104,compositional,clear,holdout,clustering,9,0.0,,9,0.0,,0
104,compositional,clear,holdout,competing_models,2,1.0,0.0,6,1.0,4.0,6
104,compositional,clear,holdout,context_oracle,0,1.0,-2.0,9,0.0,,8
104,compositional,clear,holdout,delta_only,2,1.0,0.0,9,0.0,,6
104,compositional,clear,holdout,frequency,9,0.0,,9,0.0,,0
104,compositional,clear,holdout,mdi,2,1.0,0.0,2,1.0,0.0,6
104,compositional,clear,holdout,mdi_decay0,2,1.0,0.0,2,1.0,0.0,6
104,compositional,clear,holdout,mdi_decay020,2,1.0,0.0,6,1.0,4.0,6
104,compositional,clear,holdout,mdi_no_novelty,2,1.0,0.0,2,1.0,0.0,6
104,compositional,clear,holdout,mdi_original,2,1.0,0.0,2,1.0,0.0,6
104,compositional,clear,holdout,mdi_reset,9,0.0,,9,0.0,,0
104,compositional,clear,holdout,mdi_with_delta,2,1.0,0.0,9,0.0,,6
104,compositional,clear,holdout,predicate_match,2,1.0,0.0,9,0.0,,6
104,compositional,clear,holdout,random,9,0.0,,9,0.0,,0
104,compositional,clear,holdout,recurrence,9,0.0,,9,0.0,,0
104,compositional,clear,holdout,similarity,9,0.0,,9,0.0,,0
104,compositional,clear,holdout,value_profile,2,1.0,0.0,9,0.0,,6
104,compositional,detour,exposed,association_only,2,1.0,0.0,9,0.0,,6
104,compositional,detour,exposed,clustering,9,0.0,,9,0.0,,0
104,compositional,detour,exposed,competing_models,2,1.0,0.0,7,1.0,5.0,6
104,compositional,detour,exposed,context_oracle,0,1.0,-2.0,9,0.0,,8
104,compositional,detour,exposed,delta_only,2,1.0,0.0,9,0.0,,6
104,compositional,detour,exposed,frequency,9,0.0,,9,0.0,,0
104,compositional,detour,exposed,mdi,2,1.0,0.0,9,0.0,,6
104,compositional,detour,exposed,mdi_decay0,2,1.0,0.0,9,0.0,,6
104,compositional,detour,exposed,mdi_decay020,2,1.0,0.0,9,0.0,,6
104,compositional,detour,exposed,mdi_no_novelty,2,1.0,0.0,9,0.0,,6
104,compositional,detour,exposed,mdi_original,9,0.0,,9,0.0,,0
104,compositional,detour,exposed,mdi_reset,9,0.0,,9,0.0,,0
104,compositional,detour,exposed,mdi_with_delta,2,1.0,0.0,9,0.0,,6
104,compositional,detour,exposed,predicate_match,2,1.0,0.0,9,0.0,,6
104,compositional,detour,exposed,random,9,0.0,,9,0.0,,0
104,compositional,detour,exposed,recurrence,2,1.0,0.0,9,0.0,,6
104,compositional,detour,exposed,similarity,9,0.0,,9,0.0,,0
104,compositional,detour,exposed,value_profile,2,1.0,0.0,9,0.0,,6
104,compositional,detour,holdout,association_only,2,1.0,0.0,9,0.0,,6
104,compositional,detour,holdout,clustering,9,0.0,,9,0.0,,0
104,compositional,detour,holdout,competing_models,2,1.0,0.0,7,1.0,5.0,6
104,compositional,detour,holdout,context_oracle,0,1.0,-2.0,9,0.0,,8
104,compositional,detour,holdout,delta_only,2,1.0,0.0,9,0.0,,6
104,compositional,detour,holdout,frequency,9,0.0,,9,0.0,,0
104,compositional,detour,holdout,mdi,2,1.0,0.0,9,0.0,,6
104,compositional,detour,holdout,mdi_decay0,2,1.0,0.0,9,0.0,,6
104,compositional,detour,holdout,mdi_decay020,2,1.0,0.0,9,0.0,,6
104,compositional,detour,holdout,mdi_no_novelty,2,1.0,0.0,9,0.0,,6
104,compositional,detour,holdout,mdi_original,2,1.0,0.0,9,0.0,,6
104,compositional,detour,holdout,mdi_reset,9,0.0,,9,0.0,,0
104,compositional,detour,holdout,mdi_with_delta,2,1.0,0.0,9,0.0,,6
104,compositional,detour,holdout,predicate_match,2,1.0,0.0,9,0.0,,6
104,compositional,detour,holdout,random,9,0.0,,9,0.0,,0
104,compositional,detour,holdout,recurrence,9,0.0,,9,0.0,,0
104,compositional,detour,holdout,similarity,9,0.0,,9,0.0,,0
104,compositional,detour,holdout,value_profile,2,1.0,0.0,9,0.0,,6
104,compositional,null,exposed,association_only,9,0.0,,9,0.0,,0
104,compositional,null,exposed,clustering,9,0.0,,9,0.0,,0
104,compositional,null,exposed,competing_models,9,0.0,,9,0.0,,0
104,compositional,null,exposed,context_oracle,0,1.0,,9,0.0,,8
104,compositional,null,exposed,delta_only,9,0.0,,9,0.0,,0
104,compositional,null,exposed,frequency,9,0.0,,9,0.0,,0
104,compositional,null,exposed,mdi,9,0.0,,9,0.0,,0
104,compositional,null,exposed,mdi_decay0,9,0.0,,9,0.0,,0
104,compositional,null,exposed,mdi_decay020,9,0.0,,9,0.0,,0
104,compositional,null,exposed,mdi_no_novelty,9,0.0,,9,0.0,,0
104,compositional,null,exposed,mdi_original,9,0.0,,9,0.0,,0
104,compositional,null,exposed,mdi_reset,9,0.0,,9,0.0,,0
104,compositional,null,exposed,mdi_with_delta,9,0.0,,9,0.0,,0
104,compositional,null,exposed,predicate_match,9,0.0,,9,0.0,,0
104,compositional,null,exposed,random,9,0.0,,9,0.0,,0
104,compositional,null,exposed,recurrence,9,0.0,,9,0.0,,0
104,compositional,null,exposed,similarity,9,0.0,,9,0.0,,0
104,compositional,null,exposed,value_profile,9,0.0,,9,0.0,,0
104,compositional,null,holdout,association_only,9,0.0,,9,0.0,,0
104,compositional,null,holdout,clustering,9,0.0,,9,0.0,,0
104,compositional,null,holdout,competing_models,9,0.0,,9,0.0,,0
104,compositional,null,holdout,context_oracle,0,1.0,,9,0.0,,8
104,compositional,null,holdout,delta_only,9,0.0,,9,0.0,,0
104,compositional,null,holdout,frequency,9,0.0,,9,0.0,,0
104,compositional,null,holdout,mdi,9,0.0,,9,0.0,,0
104,compositional,null,holdout,mdi_decay0,9,0.0,,9,0.0,,0
104,compositional,null,holdout,mdi_decay020,9,0.0,,9,0.0,,0
104,compositional,null,holdout,mdi_no_novelty,9,0.0,,9,0.0,,0
104,compositional,null,holdout,mdi_original,9,0.0,,9,0.0,,0
104,compositional,null,holdout,mdi_reset,9,0.0,,9,0.0,,0
104,compositional,null,holdout,mdi_with_delta,9,0.0,,9,0.0,,0
104,compositional,null,holdout,predicate_match,9,0.0,,9,0.0,,0
104,compositional,null,holdout,random,9,0.0,,9,0.0,,0
104,compositional,null,holdout,recurrence,9,0.0,,9,0.0,,0
104,compositional,null,holdout,similarity,9,0.0,,9,0.0,,0
104,compositional,null,holdout,value_profile,9,0.0,,9,0.0,,0
104,compositional,switch,exposed,association_only,7,1.0,2.0,8,1.0,3.0,1
104,compositional,switch,exposed,clustering,9,0.0,,9,0.0,,0
104,compositional,switch,exposed,competing_models,7,1.0,2.0,7,1.0,2.0,1
104,compositional,switch,exposed,context_oracle,0,1.0,-5.0,9,0.0,,8
104,compositional,switch,exposed,delta_only,9,0.0,,9,0.0,,0
104,compositional,switch,exposed,frequency,9,0.0,,9,0.0,,0
104,compositional,switch,exposed,mdi,7,1.0,2.0,8,1.0,3.0,1
104,compositional,switch,exposed,mdi_decay0,8,1.0,3.0,8,1.0,3.0,0
104,compositional,switch,exposed,mdi_decay020,6,1.0,1.0,7,1.0,2.0,2
104,compositional,switch,exposed,mdi_no_novelty,7,1.0,2.0,7,1.0,2.0,1
104,compositional,switch,exposed,mdi_original,7,1.0,2.0,9,0.0,,1
104,compositional,switch,exposed,mdi_reset,9,0.0,,9,0.0,,0
104,compositional,switch,exposed,mdi_with_delta,8,1.0,3.0,9,0.0,,0
104,compositional,switch,exposed,predicate_match,7,1.0,2.0,7,1.0,2.0,1
104,compositional,switch,exposed,random,9,0.0,,9,0.0,,0
104,compositional,switch,exposed,recurrence,8,1.0,3.0,9,0.0,,0
104,compositional,switch,exposed,similarity,9,0.0,,9,0.0,,0
104,compositional,switch,exposed,value_profile,7,1.0,2.0,7,1.0,2.0,1
104,compositional,switch,holdout,association_only,8,1.0,3.0,8,1.0,3.0,0
104,compositional,switch,holdout,clustering,9,0.0,,9,0.0,,0
104,compositional,switch,holdout,competing_models,7,1.0,2.0,7,1.0,2.0,1
104,compositional,switch,holdout,context_oracle,0,1.0,-5.0,9,0.0,,8
104,compositional,switch,holdout,delta_only,9,0.0,,9,0.0,,0
104,compositional,switch,holdout,frequency,9,0.0,,9,0.0,,0
104,compositional,switch,holdout,mdi,7,1.0,2.0,8,1.0,3.0,1
104,compositional,switch,holdout,mdi_decay0,8,1.0,3.0,8,1.0,3.0,0
104,compositional,switch,holdout,mdi_decay020,6,1.0,1.0,7,1.0,2.0,2
104,compositional,switch,holdout,mdi_no_novelty,7,1.0,2.0,7,1.0,2.0,1
104,compositional,switch,holdout,mdi_original,9,0.0,,9,0.0,,0
104,compositional,switch,holdout,mdi_reset,9,0.0,,9,0.0,,0
104,compositional,switch,holdout,mdi_with_delta,8,1.0,3.0,9,0.0,,0
104,compositional,switch,holdout,predicate_match,7,1.0,2.0,7,1.0,2.0,1
104,compositional,switch,holdout,random,9,0.0,,9,0.0,,0
104,compositional,switch,holdout,recurrence,9,0.0,,9,0.0,,0
104,compositional,switch,holdout,similarity,9,0.0,,9,0.0,,0
104,compositional,switch,holdout,value_profile,7,1.0,2.0,7,1.0,2.0,1
104,distributional,ambiguous,exposed,association_only,6,1.0,0.0,6,1.0,0.0,2
104,distributional,ambiguous,exposed,clustering,9,0.0,,9,0.0,,0
104,distributional,ambiguous,exposed,competing_models,6,1.0,0.0,7,1.0,1.0,2
104,distributional,ambiguous,exposed,context_oracle,0,1.0,-6.0,9,0.0,,8
104,distributional,ambiguous,exposed,delta_only,6,1.0,0.0,9,0.0,,2
104,distributional,ambiguous,exposed,frequency,9,0.0,,9,0.0,,0
104,distributional,ambiguous,exposed,mdi,6,1.0,0.0,6,1.0,0.0,2
104,distributional,ambiguous,exposed,mdi_decay0,6,1.0,0.0,6,1.0,0.0,2
104,distributional,ambiguous,exposed,mdi_decay020,6,1.0,0.0,6,1.0,0.0,2
104,distributional,ambiguous,exposed,mdi_no_novelty,6,1.0,0.0,6,1.0,0.0,2
104,distributional,ambiguous,exposed,mdi_original,9,0.0,,9,0.0,,0
104,distributional,ambiguous,exposed,mdi_reset,9,0.0,,9,0.0,,0
104,distributional,ambiguous,exposed,mdi_with_delta,6,1.0,0.0,9,0.0,,2
104,distributional,ambiguous,exposed,predicate_match,6,1.0,0.0,9,0.0,,2
104,distributional,ambiguous,exposed,random,9,0.0,,9,0.0,,0
104,distributional,ambiguous,exposed,recurrence,7,1.0,1.0,9,0.0,,1
104,distributional,ambiguous,exposed,similarity,9,0.0,,9,0.0,,0
104,distributional,ambiguous,exposed,value_profile,6,1.0,0.0,9,0.0,,2
104,distributional,ambiguous,holdout,association_only,6,1.0,0.0,6,1.0,0.0,2
104,distributional,ambiguous,holdout,clustering,9,0.0,,9,0.0,,0
104,distributional,ambiguous,holdout,competing_models,6,1.0,0.0,6,1.0,0.0,2
104,distributional,ambiguous,holdout,context_oracle,0,1.0,-6.0,9,0.0,,8
104,distributional,ambiguous,holdout,delta_only,6,1.0,0.0,9,0.0,,2
104,distributional,ambiguous,holdout,frequency,9,0.0,,9,0.0,,0
104,distributional,ambiguous,holdout,mdi,6,1.0,0.0,6,1.0,0.0,2
104,distributional,ambiguous,holdout,mdi_decay0,6,1.0,0.0,7,1.0,1.0,2
104,distributional,ambiguous,holdout,mdi_decay020,6,1.0,0.0,6,1.0,0.0,2
104,distributional,ambiguous,holdout,mdi_no_novelty,6,1.0,0.0,6,1.0,0.0,2
104,distributional,ambiguous,holdout,mdi_original,9,0.0,,9,0.0,,0
104,distributional,ambiguous,holdout,mdi_reset,9,0.0,,9,0.0,,0
104,distributional,ambiguous,holdout,mdi_with_delta,6,1.0,0.0,6,1.0,0.0,2
104,distributional,ambiguous,holdout,predicate_match,6,1.0,0.0,9,0.0,,2
104,distributional,ambiguous,holdout,random,9,0.0,,9,0.0,,0
104,distributional,ambiguous,holdout,recurrence,9,0.0,,9,0.0,,0
104,distributional,ambiguous,holdout,similarity,9,0.0,,9,0.0,,0
104,distributional,ambiguous,holdout,value_profile,6,1.0,0.0,9,0.0,,2
104,distributional,clear,exposed,association_only,2,1.0,0.0,2,1.0,0.0,6
104,distributional,clear,exposed,clustering,9,0.0,,9,0.0,,0
104,distributional,clear,exposed,competing_models,2,1.0,0.0,2,1.0,0.0,6
104,distributional,clear,exposed,context_oracle,0,1.0,-2.0,9,0.0,,8
104,distributional,clear,exposed,delta_only,2,1.0,0.0,9,0.0,,6
104,distributional,clear,exposed,frequency,9,0.0,,9,0.0,,0
104,distributional,clear,exposed,mdi,2,1.0,0.0,2,1.0,0.0,6
104,distributional,clear,exposed,mdi_decay0,2,1.0,0.0,2,1.0,0.0,6
104,distributional,clear,exposed,mdi_decay020,2,1.0,0.0,7,1.0,5.0,6
104,distributional,clear,exposed,mdi_no_novelty,2,1.0,0.0,2,1.0,0.0,6
104,distributional,clear,exposed,mdi_original,9,0.0,,9,0.0,,0
104,distributional,clear,exposed,mdi_reset,9,0.0,,9,0.0,,0
104,distributional,clear,exposed,mdi_with_delta,2,1.0,0.0,2,1.0,0.0,6
104,distributional,clear,exposed,predicate_match,2,1.0,0.0,5,1.0,3.0,6
104,distributional,clear,exposed,random,9,0.0,,9,0.0,,0
104,distributional,clear,exposed,recurrence,2,1.0,0.0,3,1.0,1.0,6
104,distributional,clear,exposed,similarity,9,0.0,,9,0.0,,0
104,distributional,clear,exposed,value_profile,2,1.0,0.0,2,1.0,0.0,6
104,distributional,clear,holdout,association_only,2,1.0,0.0,7,1.0,5.0,6
104,distributional,clear,holdout,clustering,9,0.0,,9,0.0,,0
104,distributional,clear,holdout,competing_models,2,1.0,0.0,2,1.0,0.0,6
104,distributional,clear,holdout,context_oracle,0,1.0,-2.0,9,0.0,,8
104,distributional,clear,holdout,delta_only,2,1.0,0.0,7,1.0,5.0,6
104,distributional,clear,holdout,frequency,9,0.0,,9,0.0,,0
104,distributional,clear,holdout,mdi,2,1.0,0.0,7,1.0,5.0,6
104,distributional,clear,holdout,mdi_decay0,2,1.0,0.0,7,1.0,5.0,6
104,distributional,clear,holdout,mdi_decay020,2,1.0,0.0,7,1.0,5.0,6
104,distributional,clear,holdout,mdi_no_novelty,2,1.0,0.0,2,1.0,0.0,6
104,distributional,clear,holdout,mdi_original,9,0.0,,9,0.0,,0
104,distributional,clear,holdout,mdi_reset,9,0.0,,9,0.0,,0
104,distributional,clear,holdout,mdi_with_delta,2,1.0,0.0,5,1.0,3.0,6
104,distributional,clear,holdout,predicate_match,2,1.0,0.0,5,1.0,3.0,6
104,distributional,clear,holdout,random,9,0.0,,9,0.0,,0
104,distributional,clear,holdout,recurrence,9,0.0,,9,0.0,,0
104,distributional,clear,holdout,similarity,9,0.0,,9,0.0,,0
104,distributional,clear,holdout,value_profile,2,1.0,0.0,2,1.0,0.0,6
104,distributional,detour,exposed,association_only,2,1.0,0.0,2,1.0,0.0,6
104,distributional,detour,exposed,clustering,9,0.0,,9,0.0,,0
104,distributional,detour,exposed,competing_models,2,1.0,0.0,2,1.0,0.0,6
104,distributional,detour,exposed,context_oracle,0,1.0,-2.0,9,0.0,,8
104,distributional,detour,exposed,delta_only,9,0.0,,9,0.0,,0
104,distributional,detour,exposed,frequency,9,0.0,,9,0.0,,0
104,distributional,detour,exposed,mdi,2,1.0,0.0,9,0.0,,6
104,distributional,detour,exposed,mdi_decay0,2,1.0,0.0,9,0.0,,6
104,distributional,detour,exposed,mdi_decay020,2,1.0,0.0,9,0.0,,6
104,distributional,detour,exposed,mdi_no_novelty,2,1.0,0.0,2,1.0,0.0,6
104,distributional,detour,exposed,mdi_original,9,0.0,,9,0.0,,0
104,distributional,detour,exposed,mdi_reset,9,0.0,,9,0.0,,0
104,distributional,detour,exposed,mdi_with_delta,2,1.0,0.0,9,0.0,,6
104,distributional,detour,exposed,predicate_match,2,1.0,0.0,3,1.0,1.0,6
104,distributional,detour,exposed,random,9,0.0,,9,0.0,,0
104,distributional,detour,exposed,recurrence,2,1.0,0.0,9,0.0,,6
104,distributional,detour,exposed,similarity,9,0.0,,9,0.0,,0
104,distributional,detour,exposed,value_profile,2,1.0,0.0,2,1.0,0.0,6
104,distributional,detour,holdout,association_only,2,1.0,0.0,8,1.0,6.0,6
104,distributional,detour,holdout,clustering,9,0.0,,9,0.0,,0
104,distributional,detour,holdout,competing_models,2,1.0,0.0,2,1.0,0.0,6
104,distributional,detour,holdout,context_oracle,0,1.0,-2.0,9,0.0,,8
104,distributional,detour,holdout,delta_only,9,0.0,,9,0.0,,0
104,distributional,detour,holdout,frequency,9,0.0,,9,0.0,,0
104,distributional,detour,holdout,mdi,2,1.0,0.0,8,1.0,6.0,6
104,distributional,detour,holdout,mdi_decay0,2,1.0,0.0,8,1.0,6.0,6
104,distributional,detour,holdout,mdi_decay020,2,1.0,0.0,8,1.0,6.0,6
104,distributional,detour,holdout,mdi_no_novelty,2,1.0,0.0,8,1.0,6.0,6
104,distributional,detour,holdout,mdi_original,9,0.0,,9,0.0,,0
104,distributional,detour,holdout,mdi_reset,9,0.0,,9,0.0,,0
104,distributional,detour,holdout,mdi_with_delta,2,1.0,0.0,9,0.0,,6
104,distributional,detour,holdout,predicate_match,2,1.0,0.0,3,1.0,1.0,6
104,distributional,detour,holdout,random,9,0.0,,9,0.0,,0
104,distributional,detour,holdout,recurrence,9,0.0,,9,0.0,,0
104,distributional,detour,holdout,similarity,9,0.0,,9,0.0,,0
104,distributional,detour,holdout,value_profile,2,1.0,0.0,2,1.0,0.0,6
104,distributional,null,exposed,association_only,9,0.0,,9,0.0,,0
104,distributional,null,exposed,clustering,9,0.0,,9,0.0,,0
104,distributional,null,exposed,competing_models,9,0.0,,9,0.0,,0
104,distributional,null,exposed,context_oracle,0,1.0,,9,0.0,,8
104,distributional,null,exposed,delta_only,9,0.0,,9,0.0,,0
104,distributional,null,exposed,frequency,9,0.0,,9,0.0,,0
104,distributional,null,exposed,mdi,9,0.0,,9,0.0,,0
104,distributional,null,exposed,mdi_decay0,9,0.0,,9,0.0,,0
104,distributional,null,exposed,mdi_decay020,9,0.0,,9,0.0,,0
104,distributional,null,exposed,mdi_no_novelty,9,0.0,,9,0.0,,0
104,distributional,null,exposed,mdi_original,9,0.0,,9,0.0,,0
104,distributional,null,exposed,mdi_reset,9,0.0,,9,0.0,,0
104,distributional,null,exposed,mdi_with_delta,9,0.0,,9,0.0,,0
104,distributional,null,exposed,predicate_match,9,0.0,,9,0.0,,0
104,distributional,null,exposed,random,9,0.0,,9,0.0,,0
104,distributional,null,exposed,recurrence,9,0.0,,9,0.0,,0
104,distributional,null,exposed,similarity,9,0.0,,9,0.0,,0
104,distributional,null,exposed,value_profile,9,0.0,,9,0.0,,0
104,distributional,null,holdout,association_only,9,0.0,,9,0.0,,0
104,distributional,null,holdout,clustering,9,0.0,,9,0.0,,0
104,distributional,null,holdout,competing_models,9,0.0,,9,0.0,,0
104,distributional,null,holdout,context_oracle,0,1.0,,9,0.0,,8
104,distributional,null,holdout,delta_only,9,0.0,,9,0.0,,0
104,distributional,null,holdout,frequency,9,0.0,,9,0.0,,0
104,distributional,null,holdout,mdi,9,0.0,,9,0.0,,0
104,distributional,null,holdout,mdi_decay0,9,0.0,,9,0.0,,0
104,distributional,null,holdout,mdi_decay020,9,0.0,,9,0.0,,0
104,distributional,null,holdout,mdi_no_novelty,9,0.0,,9,0.0,,0
104,distributional,null,holdout,mdi_original,9,0.0,,9,0.0,,0
104,distributional,null,holdout,mdi_reset,9,0.0,,9,0.0,,0
104,distributional,null,holdout,mdi_with_delta,9,0.0,,9,0.0,,0
104,distributional,null,holdout,predicate_match,9,0.0,,9,0.0,,0
104,distributional,null,holdout,random,9,0.0,,9,0.0,,0
104,distributional,null,holdout,recurrence,9,0.0,,9,0.0,,0
104,distributional,null,holdout,similarity,9,0.0,,9,0.0,,0
104,distributional,null,holdout,value_profile,9,0.0,,9,0.0,,0
104,distributional,switch,exposed,association_only,8,1.0,3.0,9,0.0,,0
104,distributional,switch,exposed,clustering,9,0.0,,9,0.0,,0
104,distributional,switch,exposed,competing_models,7,1.0,2.0,7,1.0,2.0,1
104,distributional,switch,exposed,context_oracle,0,1.0,-5.0,9,0.0,,8
104,distributional,switch,exposed,delta_only,9,0.0,,9,0.0,,0
104,distributional,switch,exposed,frequency,9,0.0,,9,0.0,,0
104,distributional,switch,exposed,mdi,7,1.0,2.0,8,1.0,3.0,1
104,distributional,switch,exposed,mdi_decay0,8,1.0,3.0,8,1.0,3.0,0
104,distributional,switch,exposed,mdi_decay020,6,1.0,1.0,7,1.0,2.0,2
104,distributional,switch,exposed,mdi_no_novelty,7,1.0,2.0,9,0.0,,1
104,distributional,switch,exposed,mdi_original,9,0.0,,9,0.0,,0
104,distributional,switch,exposed,mdi_reset,9,0.0,,9,0.0,,0
104,distributional,switch,exposed,mdi_with_delta,8,1.0,3.0,9,0.0,,0
104,distributional,switch,exposed,predicate_match,8,1.0,3.0,8,1.0,3.0,0
104,distributional,switch,exposed,random,9,0.0,,9,0.0,,0
104,distributional,switch,exposed,recurrence,9,0.0,,9,0.0,,0
104,distributional,switch,exposed,similarity,9,0.0,,9,0.0,,0
104,distributional,switch,exposed,value_profile,8,1.0,3.0,9,0.0,,0
104,distributional,switch,holdout,association_only,9,0.0,,9,0.0,,0
104,distributional,switch,holdout,clustering,9,0.0,,9,0.0,,0
104,distributional,switch,holdout,competing_models,7,1.0,2.0,7,1.0,2.0,1
104,distributional,switch,holdout,context_oracle,0,1.0,-5.0,9,0.0,,8
104,distributional,switch,holdout,delta_only,9,0.0,,9,0.0,,0
104,distributional,switch,holdout,frequency,9,0.0,,9,0.0,,0
104,distributional,switch,holdout,mdi,8,1.0,3.0,8,1.0,3.0,0
104,distributional,switch,holdout,mdi_decay0,8,1.0,3.0,8,1.0,3.0,0
104,distributional,switch,holdout,mdi_decay020,6,1.0,1.0,7,1.0,2.0,2
104,distributional,switch,holdout,mdi_no_novelty,8,1.0,3.0,9,0.0,,0
104,distributional,switch,holdout,mdi_original,9,0.0,,9,0.0,,0
104,distributional,switch,holdout,mdi_reset,9,0.0,,9,0.0,,0
104,distributional,switch,holdout,mdi_with_delta,9,0.0,,9,0.0,,0
104,distributional,switch,holdout,predicate_match,8,1.0,3.0,8,1.0,3.0,0
104,distributional,switch,holdout,random,9,0.0,,9,0.0,,0
104,distributional,switch,holdout,recurrence,9,0.0,,9,0.0,,0
104,distributional,switch,holdout,similarity,9,0.0,,9,0.0,,0
104,distributional,switch,holdout,value_profile,8,1.0,3.0,8,1.0,3.0,0
104,shared,ambiguous,exposed,association_only,9,0.0,,9,0.0,,0
104,shared,ambiguous,exposed,clustering,9,0.0,,9,0.0,,0
104,shared,ambiguous,exposed,competing_models,7,1.0,0.0,7,1.0,0.0,1
104,shared,ambiguous,exposed,context_oracle,9,0.0,,9,0.0,,0
104,shared,ambiguous,exposed,delta_only,9,0.0,,9,0.0,,0
104,shared,ambiguous,exposed,frequency,9,0.0,,9,0.0,,0
104,shared,ambiguous,exposed,mdi,9,0.0,,9,0.0,,0
104,shared,ambiguous,exposed,mdi_decay0,9,0.0,,9,0.0,,0
104,shared,ambiguous,exposed,mdi_decay020,9,0.0,,9,0.0,,0
104,shared,ambiguous,exposed,mdi_no_novelty,9,0.0,,9,0.0,,0
104,shared,ambiguous,exposed,mdi_original,9,0.0,,9,0.0,,0
104,shared,ambiguous,exposed,mdi_reset,9,0.0,,9,0.0,,0
104,shared,ambiguous,exposed,mdi_with_delta,9,0.0,,9,0.0,,0
104,shared,ambiguous,exposed,predicate_match,9,0.0,,9,0.0,,0
104,shared,ambiguous,exposed,random,9,0.0,,9,0.0,,0
104,shared,ambiguous,exposed,recurrence,9,0.0,,9,0.0,,0
104,shared,ambiguous,exposed,similarity,9,0.0,,9,0.0,,0
104,shared,ambiguous,exposed,value_profile,9,0.0,,9,0.0,,0
104,shared,ambiguous,holdout,association_only,9,0.0,,9,0.0,,0
104,shared,ambiguous,holdout,clustering,9,0.0,,9,0.0,,0
104,shared,ambiguous,holdout,competing_models,9,0.0,,9,0.0,,0
104,shared,ambiguous,holdout,context_oracle,9,0.0,,9,0.0,,0
104,shared,ambiguous,holdout,delta_only,9,0.0,,9,0.0,,0
104,shared,ambiguous,holdout,frequency,9,0.0,,9,0.0,,0
104,shared,ambiguous,holdout,mdi,9,0.0,,9,0.0,,0
104,shared,ambiguous,holdout,mdi_decay0,9,0.0,,9,0.0,,0
104,shared,ambiguous,holdout,mdi_decay020,9,0.0,,9,0.0,,0
104,shared,ambiguous,holdout,mdi_no_novelty,9,0.0,,9,0.0,,0
104,shared,ambiguous,holdout,mdi_original,9,0.0,,9,0.0,,0
104,shared,ambiguous,holdout,mdi_reset,9,0.0,,9,0.0,,0
104,shared,ambiguous,holdout,mdi_with_delta,9,0.0,,9,0.0,,0
104,shared,ambiguous,holdout,predicate_match,9,0.0,,9,0.0,,0
104,shared,ambiguous,holdout,random,9,0.0,,9,0.0,,0
104,shared,ambiguous,holdout,recurrence,9,0.0,,9,0.0,,0
104,shared,ambiguous,holdout,similarity,9,0.0,,9,0.0,,0
104,shared,ambiguous,holdout,value_profile,9,0.0,,9,0.0,,0
104,shared,clear,exposed,association_only,5,1.0,2.0,5,1.0,2.0,3
104,shared,clear,exposed,clustering,9,0.0,,9,0.0,,0
104,shared,clear,exposed,competing_models,3,1.0,0.0,3,1.0,0.0,5
104,shared,clear,exposed,context_oracle,9,0.0,,9,0.0,,0
104,shared,clear,exposed,delta_only,5,1.0,2.0,9,0.0,,3
104,shared,clear,exposed,frequency,9,0.0,,9,0.0,,0
104,shared,clear,exposed,mdi,3,1.0,0.0,6,1.0,3.0,5
104,shared,clear,exposed,mdi_decay0,3,1.0,0.0,6,1.0,3.0,5
104,shared,clear,exposed,mdi_decay020,5,1.0,2.0,9,0.0,,3
104,shared,clear,exposed,mdi_no_novelty,3,1.0,0.0,5,1.0,2.0,5
104,shared,clear,exposed,mdi_original,9,0.0,,9,0.0,,0
104,shared,clear,exposed,mdi_reset,9,0.0,,9,0.0,,0
104,shared,clear,exposed,mdi_with_delta,5,1.0,2.0,5,1.0,2.0,3
104,shared,clear,exposed,predicate_match,5,1.0,2.0,5,1.0,2.0,3
104,shared,clear,exposed,random,9,0.0,,9,0.0,,0
104,shared,clear,exposed,recurrence,5,1.0,2.0,7,1.0,4.0,3
104,shared,clear,exposed,similarity,9,0.0,,9,0.0,,0
104,shared,clear,exposed,value_profile,5,1.0,2.0,5,1.0,2.0,3
104,shared,clear,holdout,association_only,5,1.0,2.0,9,0.0,,3
104,shared,clear,holdout,clustering,9,0.0,,9,0.0,,0
104,shared,clear,holdout,competing_models,3,1.0,0.0,9,0.0,,5
104,shared,clear,holdout,context_oracle,9,0.0,,9,0.0,,0
104,shared,clear,holdout,delta_only,3,1.0,0.0,9,0.0,,5
104,shared,clear,holdout,frequency,9,0.0,,9,0.0,,0
104,shared,clear,holdout,mdi,3,1.0,0.0,9,0.0,,5
104,shared,clear,holdout,mdi_decay0,3,1.0,0.0,9,0.0,,5
104,shared,clear,holdout,mdi_decay020,3,1.0,0.0,9,0.0,,5
104,shared,clear,holdout,mdi_no_novelty,3,1.0,0.0,9,0.0,,5
104,shared,clear,holdout,mdi_original,9,0.0,,9,0.0,,0
104,shared,clear,holdout,mdi_reset,9,0.0,,9,0.0,,0
104,shared,clear,holdout,mdi_with_delta,5,1.0,2.0,9,0.0,,3
104,shared,clear,holdout,predicate_match,5,1.0,2.0,5,1.0,2.0,3
104,shared,clear,holdout,random,9,0.0,,9,0.0,,0
104,shared,clear,holdout,recurrence,9,0.0,,9,0.0,,0
104,shared,clear,holdout,similarity,9,0.0,,9,0.0,,0
104,shared,clear,holdout,value_profile,3,1.0,0.0,9,0.0,,5
104,shared,detour,exposed,association_only,9,0.0,,9,0.0,,0
104,shared,detour,exposed,clustering,9,0.0,,9,0.0,,0
104,shared,detour,exposed,competing_models,9,0.0,,9,0.0,,0
104,shared,detour,exposed,context_oracle,9,0.0,,9,0.0,,0
104,shared,detour,exposed,delta_only,9,0.0,,9,0.0,,0
104,shared,detour,exposed,frequency,9,0.0,,9,0.0,,0
104,shared,detour,exposed,mdi,9,0.0,,9,0.0,,0
104,shared,detour,exposed,mdi_decay0,9,0.0,,9,0.0,,0
104,shared,detour,exposed,mdi_decay020,9,0.0,,9,0.0,,0
104,shared,detour,exposed,mdi_no_novelty,9,0.0,,9,0.0,,0
104,shared,detour,exposed,mdi_original,9,0.0,,9,0.0,,0
104,shared,detour,exposed,mdi_reset,9,0.0,,9,0.0,,0
104,shared,detour,exposed,mdi_with_delta,9,0.0,,9,0.0,,0
104,shared,detour,exposed,predicate_match,9,0.0,,9,0.0,,0
104,shared,detour,exposed,random,9,0.0,,9,0.0,,0
104,shared,detour,exposed,recurrence,8,1.0,5.0,9,0.0,,0
104,shared,detour,exposed,similarity,9,0.0,,9,0.0,,0
104,shared,detour,exposed,value_profile,9,0.0,,9,0.0,,0
104,shared,detour,holdout,association_only,9,0.0,,9,0.0,,0
104,shared,detour,holdout,clustering,9,0.0,,9,0.0,,0
104,shared,detour,holdout,competing_models,9,0.0,,9,0.0,,0
104,shared,detour,holdout,context_oracle,9,0.0,,9,0.0,,0
104,shared,detour,holdout,delta_only,9,0.0,,9,0.0,,0
104,shared,detour,holdout,frequency,9,0.0,,9,0.0,,0
104,shared,detour,holdout,mdi,9,0.0,,9,0.0,,0
104,shared,detour,holdout,mdi_decay0,9,0.0,,9,0.0,,0
104,shared,detour,holdout,mdi_decay020,9,0.0,,9,0.0,,0
104,shared,detour,holdout,mdi_no_novelty,9,0.0,,9,0.0,,0
104,shared,detour,holdout,mdi_original,9,0.0,,9,0.0,,0
104,shared,detour,holdout,mdi_reset,9,0.0,,9,0.0,,0
104,shared,detour,holdout,mdi_with_delta,9,0.0,,9,0.0,,0
104,shared,detour,holdout,predicate_match,9,0.0,,9,0.0,,0
104,shared,detour,holdout,random,9,0.0,,9,0.0,,0
104,shared,detour,holdout,recurrence,9,0.0,,9,0.0,,0
104,shared,detour,holdout,similarity,9,0.0,,9,0.0,,0
104,shared,detour,holdout,value_profile,9,0.0,,9,0.0,,0
104,shared,null,exposed,association_only,9,0.0,,9,0.0,,0
104,shared,null,exposed,clustering,9,0.0,,9,0.0,,0
104,shared,null,exposed,competing_models,9,0.0,,9,0.0,,0
104,shared,null,exposed,context_oracle,9,0.0,,9,0.0,,0
104,shared,null,exposed,delta_only,9,0.0,,9,0.0,,0
104,shared,null,exposed,frequency,9,0.0,,9,0.0,,0
104,shared,null,exposed,mdi,9,0.0,,9,0.0,,0
104,shared,null,exposed,mdi_decay0,9,0.0,,9,0.0,,0
104,shared,null,exposed,mdi_decay020,9,0.0,,9,0.0,,0
104,shared,null,exposed,mdi_no_novelty,9,0.0,,9,0.0,,0
104,shared,null,exposed,mdi_original,9,0.0,,9,0.0,,0
104,shared,null,exposed,mdi_reset,9,0.0,,9,0.0,,0
104,shared,null,exposed,mdi_with_delta,9,0.0,,9,0.0,,0
104,shared,null,exposed,predicate_match,9,0.0,,9,0.0,,0
104,shared,null,exposed,random,9,0.0,,9,0.0,,0
104,shared,null,exposed,recurrence,9,0.0,,9,0.0,,0
104,shared,null,exposed,similarity,9,0.0,,9,0.0,,0
104,shared,null,exposed,value_profile,9,0.0,,9,0.0,,0
104,shared,null,holdout,association_only,9,0.0,,9,0.0,,0
104,shared,null,holdout,clustering,9,0.0,,9,0.0,,0
104,shared,null,holdout,competing_models,9,0.0,,9,0.0,,0
104,shared,null,holdout,context_oracle,9,0.0,,9,0.0,,0
104,shared,null,holdout,delta_only,9,0.0,,9,0.0,,0
104,shared,null,holdout,frequency,9,0.0,,9,0.0,,0
104,shared,null,holdout,mdi,9,0.0,,9,0.0,,0
104,shared,null,holdout,mdi_decay0,9,0.0,,9,0.0,,0
104,shared,null,holdout,mdi_decay020,9,0.0,,9,0.0,,0
104,shared,null,holdout,mdi_no_novelty,9,0.0,,9,0.0,,0
104,shared,null,holdout,mdi_original,9,0.0,,9,0.0,,0
104,shared,null,holdout,mdi_reset,9,0.0,,9,0.0,,0
104,shared,null,holdout,mdi_with_delta,9,0.0,,9,0.0,,0
104,shared,null,holdout,predicate_match,9,0.0,,9,0.0,,0
104,shared,null,holdout,random,9,0.0,,9,0.0,,0
104,shared,null,holdout,recurrence,9,0.0,,9,0.0,,0
104,shared,null,holdout,similarity,9,0.0,,9,0.0,,0
104,shared,null,holdout,value_profile,9,0.0,,9,0.0,,0
104,shared,switch,exposed,association_only,9,0.0,,9,0.0,,0
104,shared,switch,exposed,clustering,9,0.0,,9,0.0,,0
104,shared,switch,exposed,competing_models,8,1.0,2.0,8,1.0,2.0,0
104,shared,switch,exposed,context_oracle,9,0.0,,9,0.0,,0
104,shared,switch,exposed,delta_only,9,0.0,,9,0.0,,0
104,shared,switch,exposed,frequency,9,0.0,,9,0.0,,0
104,shared,switch,exposed,mdi,8,1.0,2.0,8,1.0,2.0,0
104,shared,switch,exposed,mdi_decay0,8,1.0,2.0,8,1.0,2.0,0
104,shared,switch,exposed,mdi_decay020,8,1.0,2.0,8,1.0,2.0,0
104,shared,switch,exposed,mdi_no_novelty,8,1.0,2.0,8,1.0,2.0,0
104,shared,switch,exposed,mdi_original,9,0.0,,9,0.0,,0
104,shared,switch,exposed,mdi_reset,9,0.0,,9,0.0,,0
104,shared,switch,exposed,mdi_with_delta,9,0.0,,9,0.0,,0
104,shared,switch,exposed,predicate_match,8,1.0,2.0,8,1.0,2.0,0
104,shared,switch,exposed,random,9,0.0,,9,0.0,,0
104,shared,switch,exposed,recurrence,9,0.0,,9,0.0,,0
104,shared,switch,exposed,similarity,9,0.0,,9,0.0,,0
104,shared,switch,exposed,value_profile,8,1.0,2.0,8,1.0,2.0,0
104,shared,switch,holdout,association_only,9,0.0,,9,0.0,,0
104,shared,switch,holdout,clustering,9,0.0,,9,0.0,,0
104,shared,switch,holdout,competing_models,8,1.0,2.0,8,1.0,2.0,0
104,shared,switch,holdout,context_oracle,9,0.0,,9,0.0,,0
104,shared,switch,holdout,delta_only,9,0.0,,9,0.0,,0
104,shared,switch,holdout,frequency,9,0.0,,9,0.0,,0
104,shared,switch,holdout,mdi,9,0.0,,9,0.0,,0
104,shared,switch,holdout,mdi_decay0,9,0.0,,9,0.0,,0
104,shared,switch,holdout,mdi_decay020,8,1.0,2.0,9,0.0,,0
104,shared,switch,holdout,mdi_no_novelty,9,0.0,,9,0.0,,0
104,shared,switch,holdout,mdi_original,9,0.0,,9,0.0,,0
104,shared,switch,holdout,mdi_reset,9,0.0,,9,0.0,,0
104,shared,switch,holdout,mdi_with_delta,8,1.0,2.0,9,0.0,,0
104,shared,switch,holdout,predicate_match,8,1.0,2.0,8,1.0,2.0,0
104,shared,switch,holdout,random,9,0.0,,9,0.0,,0
104,shared,switch,holdout,recurrence,9,0.0,,9,0.0,,0
104,shared,switch,holdout,similarity,9,0.0,,9,0.0,,0
104,shared,switch,holdout,value_profile,9,0.0,,9,0.0,,0
104,structural,ambiguous,exposed,association_only,6,1.0,0.0,6,1.0,0.0,2
104,structural,ambiguous,exposed,clustering,9,0.0,,9,0.0,,0
104,structural,ambiguous,exposed,competing_models,6,1.0,0.0,6,1.0,0.0,2
104,structural,ambiguous,exposed,context_oracle,0,1.0,-6.0,9,0.0,,8
104,structural,ambiguous,exposed,delta_only,6,1.0,0.0,9,0.0,,2
104,structural,ambiguous,exposed,frequency,9,0.0,,9,0.0,,0
104,structural,ambiguous,exposed,mdi,6,1.0,0.0,6,1.0,0.0,2
104,structural,ambiguous,exposed,mdi_decay0,6,1.0,0.0,7,1.0,1.0,2
104,structural,ambiguous,exposed,mdi_decay020,6,1.0,0.0,6,1.0,0.0,2
104,structural,ambiguous,exposed,mdi_no_novelty,6,1.0,0.0,6,1.0,0.0,2
104,structural,ambiguous,exposed,mdi_original,6,1.0,0.0,6,1.0,0.0,2
104,structural,ambiguous,exposed,mdi_reset,9,0.0,,9,0.0,,0
104,structural,ambiguous,exposed,mdi_with_delta,6,1.0,0.0,9,0.0,,2
104,structural,ambiguous,exposed,predicate_match,6,1.0,0.0,9,0.0,,2
104,structural,ambiguous,exposed,random,9,0.0,,9,0.0,,0
104,structural,ambiguous,exposed,recurrence,7,1.0,1.0,9,0.0,,1
104,structural,ambiguous,exposed,similarity,9,0.0,,9,0.0,,0
104,structural,ambiguous,exposed,value_profile,6,1.0,0.0,6,1.0,0.0,2
104,structural,ambiguous,holdout,association_only,6,1.0,0.0,6,1.0,0.0,2
104,structural,ambiguous,holdout,clustering,9,0.0,,9,0.0,,0
104,structural,ambiguous,holdout,competing_models,6,1.0,0.0,6,1.0,0.0,2
104,structural,ambiguous,holdout,context_oracle,0,1.0,-6.0,9,0.0,,8
104,structural,ambiguous,holdout,delta_only,6,1.0,0.0,9,0.0,,2
104,structural,ambiguous,holdout,frequency,9,0.0,,9,0.0,,0
104,structural,ambiguous,holdout,mdi,6,1.0,0.0,6,1.0,0.0,2
104,structural,ambiguous,holdout,mdi_decay0,6,1.0,0.0,7,1.0,1.0,2
104,structural,ambiguous,holdout,mdi_decay020,6,1.0,0.0,6,1.0,0.0,2
104,structural,ambiguous,holdout,mdi_no_novelty,6,1.0,0.0,6,1.0,0.0,2
104,structural,ambiguous,holdout,mdi_original,6,1.0,0.0,7,1.0,1.0,2
104,structural,ambiguous,holdout,mdi_reset,9,0.0,,9,0.0,,0
104,structural,ambiguous,holdout,mdi_with_delta,6,1.0,0.0,6,1.0,0.0,2
104,structural,ambiguous,holdout,predicate_match,6,1.0,0.0,9,0.0,,2
104,structural,ambiguous,holdout,random,9,0.0,,9,0.0,,0
104,structural,ambiguous,holdout,recurrence,9,0.0,,9,0.0,,0
104,structural,ambiguous,holdout,similarity,9,0.0,,9,0.0,,0
104,structural,ambiguous,holdout,value_profile,6,1.0,0.0,6,1.0,0.0,2
104,structural,clear,exposed,association_only,2,1.0,0.0,2,1.0,0.0,6
104,structural,clear,exposed,clustering,9,0.0,,9,0.0,,0
104,structural,clear,exposed,competing_models,2,1.0,0.0,2,1.0,0.0,6
104,structural,clear,exposed,context_oracle,0,1.0,-2.0,9,0.0,,8
104,structural,clear,exposed,delta_only,2,1.0,0.0,9,0.0,,6
104,structural,clear,exposed,frequency,9,0.0,,9,0.0,,0
104,structural,clear,exposed,mdi,2,1.0,0.0,2,1.0,0.0,6
104,structural,clear,exposed,mdi_decay0,2,1.0,0.0,2,1.0,0.0,6
104,structural,clear,exposed,mdi_decay020,2,1.0,0.0,2,1.0,0.0,6
104,structural,clear,exposed,mdi_no_novelty,2,1.0,0.0,2,1.0,0.0,6
104,structural,clear,exposed,mdi_original,2,1.0,0.0,2,1.0,0.0,6
104,structural,clear,exposed,mdi_reset,9,0.0,,9,0.0,,0
104,structural,clear,exposed,mdi_with_delta,2,1.0,0.0,2,1.0,0.0,6
104,structural,clear,exposed,predicate_match,2,1.0,0.0,5,1.0,3.0,6
104,structural,clear,exposed,random,9,0.0,,9,0.0,,0
104,structural,clear,exposed,recurrence,2,1.0,0.0,7,1.0,5.0,6
104,structural,clear,exposed,similarity,9,0.0,,9,0.0,,0
104,structural,clear,exposed,value_profile,2,1.0,0.0,2,1.0,0.0,6
104,structural,clear,holdout,association_only,2,1.0,0.0,2,1.0,0.0,6
104,structural,clear,holdout,clustering,9,0.0,,9,0.0,,0
104,structural,clear,holdout,competing_models,2,1.0,0.0,2,1.0,0.0,6
104,structural,clear,holdout,context_oracle,0,1.0,-2.0,9,0.0,,8
104,structural,clear,holdout,delta_only,2,1.0,0.0,9,0.0,,6
104,structural,clear,holdout,frequency,9,0.0,,9,0.0,,0
104,structural,clear,holdout,mdi,2,1.0,0.0,2,1.0,0.0,6
104,structural,clear,holdout,mdi_decay0,2,1.0,0.0,2,1.0,0.0,6
104,structural,clear,holdout,mdi_decay020,2,1.0,0.0,2,1.0,0.0,6
104,structural,clear,holdout,mdi_no_novelty,2,1.0,0.0,2,1.0,0.0,6
104,structural,clear,holdout,mdi_original,2,1.0,0.0,2,1.0,0.0,6
104,structural,clear,holdout,mdi_reset,9,0.0,,9,0.0,,0
104,structural,clear,holdout,mdi_with_delta,2,1.0,0.0,2,1.0,0.0,6
104,structural,clear,holdout,predicate_match,2,1.0,0.0,5,1.0,3.0,6
104,structural,clear,holdout,random,9,0.0,,9,0.0,,0
104,structural,clear,holdout,recurrence,9,0.0,,9,0.0,,0
104,structural,clear,holdout,similarity,9,0.0,,9,0.0,,0
104,structural,clear,holdout,value_profile,2,1.0,0.0,2,1.0,0.0,6
104,structural,detour,exposed,association_only,2,1.0,0.0,2,1.0,0.0,6
104,structural,detour,exposed,clustering,9,0.0,,9,0.0,,0
104,structural,detour,exposed,competing_models,2,1.0,0.0,2,1.0,0.0,6
104,structural,detour,exposed,context_oracle,0,1.0,-2.0,9,0.0,,8
104,structural,detour,exposed,delta_only,2,1.0,0.0,9,0.0,,6
104,structural,detour,exposed,frequency,9,0.0,,9,0.0,,0
104,structural,detour,exposed,mdi,2,1.0,0.0,2,1.0,0.0,6
104,structural,detour,exposed,mdi_decay0,2,1.0,0.0,2,1.0,0.0,6
104,structural,detour,exposed,mdi_decay020,2,1.0,0.0,2,1.0,0.0,6
104,structural,detour,exposed,mdi_no_novelty,2,1.0,0.0,2,1.0,0.0,6
104,structural,detour,exposed,mdi_original,2,1.0,0.0,9,0.0,,6
104,structural,detour,exposed,mdi_reset,9,0.0,,9,0.0,,0
104,structural,detour,exposed,mdi_with_delta,2,1.0,0.0,9,0.0,,6
104,structural,detour,exposed,predicate_match,2,1.0,0.0,3,1.0,1.0,6
104,structural,detour,exposed,random,9,0.0,,9,0.0,,0
104,structural,detour,exposed,recurrence,5,1.0,3.0,9,0.0,,3
104,structural,detour,exposed,similarity,9,0.0,,9,0.0,,0
104,structural,detour,exposed,value_profile,2,1.0,0.0,2,1.0,0.0,6
104,structural,detour,holdout,association_only,2,1.0,0.0,2,1.0,0.0,6
104,structural,detour,holdout,clustering,9,0.0,,9,0.0,,0
104,structural,detour,holdout,competing_models,2,1.0,0.0,2,1.0,0.0,6
104,structural,detour,holdout,context_oracle,0,1.0,-2.0,9,0.0,,8
104,structural,detour,holdout,delta_only,2,1.0,0.0,9,0.0,,6
104,structural,detour,holdout,frequency,9,0.0,,9,0.0,,0
104,structural,detour,holdout,mdi,2,1.0,0.0,2,1.0,0.0,6
104,structural,detour,holdout,mdi_decay0,2,1.0,0.0,2,1.0,0.0,6
104,structural,detour,holdout,mdi_decay020,2,1.0,0.0,8,1.0,6.0,6
104,structural,detour,holdout,mdi_no_novelty,2,1.0,0.0,2,1.0,0.0,6
104,structural,detour,holdout,mdi_original,5,1.0,3.0,9,0.0,,3
104,structural,detour,holdout,mdi_reset,9,0.0,,9,0.0,,0
104,structural,detour,holdout,mdi_with_delta,2,1.0,0.0,9,0.0,,6
104,structural,detour,holdout,predicate_match,2,1.0,0.0,3,1.0,1.0,6
104,structural,detour,holdout,random,9,0.0,,9,0.0,,0
104,structural,detour,holdout,recurrence,9,0.0,,9,0.0,,0
104,structural,detour,holdout,similarity,9,0.0,,9,0.0,,0
104,structural,detour,holdout,value_profile,2,1.0,0.0,2,1.0,0.0,6
104,structural,null,exposed,association_only,9,0.0,,9,0.0,,0
104,structural,null,exposed,clustering,9,0.0,,9,0.0,,0
104,structural,null,exposed,competing_models,9,0.0,,9,0.0,,0
104,structural,null,exposed,context_oracle,0,1.0,,9,0.0,,8
104,structural,null,exposed,delta_only,9,0.0,,9,0.0,,0
104,structural,null,exposed,frequency,9,0.0,,9,0.0,,0
104,structural,null,exposed,mdi,9,0.0,,9,0.0,,0
104,structural,null,exposed,mdi_decay0,9,0.0,,9,0.0,,0
104,structural,null,exposed,mdi_decay020,9,0.0,,9,0.0,,0
104,structural,null,exposed,mdi_no_novelty,9,0.0,,9,0.0,,0
104,structural,null,exposed,mdi_original,9,0.0,,9,0.0,,0
104,structural,null,exposed,mdi_reset,9,0.0,,9,0.0,,0
104,structural,null,exposed,mdi_with_delta,9,0.0,,9,0.0,,0
104,structural,null,exposed,predicate_match,9,0.0,,9,0.0,,0
104,structural,null,exposed,random,9,0.0,,9,0.0,,0
104,structural,null,exposed,recurrence,9,0.0,,9,0.0,,0
104,structural,null,exposed,similarity,9,0.0,,9,0.0,,0
104,structural,null,exposed,value_profile,9,0.0,,9,0.0,,0
104,structural,null,holdout,association_only,9,0.0,,9,0.0,,0
104,structural,null,holdout,clustering,9,0.0,,9,0.0,,0
104,structural,null,holdout,competing_models,9,0.0,,9,0.0,,0
104,structural,null,holdout,context_oracle,0,1.0,,9,0.0,,8
104,structural,null,holdout,delta_only,9,0.0,,9,0.0,,0
104,structural,null,holdout,frequency,9,0.0,,9,0.0,,0
104,structural,null,holdout,mdi,9,0.0,,9,0.0,,0
104,structural,null,holdout,mdi_decay0,9,0.0,,9,0.0,,0
104,structural,null,holdout,mdi_decay020,9,0.0,,9,0.0,,0
104,structural,null,holdout,mdi_no_novelty,9,0.0,,9,0.0,,0
104,structural,null,holdout,mdi_original,9,0.0,,9,0.0,,0
104,structural,null,holdout,mdi_reset,9,0.0,,9,0.0,,0
104,structural,null,holdout,mdi_with_delta,9,0.0,,9,0.0,,0
104,structural,null,holdout,predicate_match,9,0.0,,9,0.0,,0
104,structural,null,holdout,random,9,0.0,,9,0.0,,0
104,structural,null,holdout,recurrence,9,0.0,,9,0.0,,0
104,structural,null,holdout,similarity,9,0.0,,9,0.0,,0
104,structural,null,holdout,value_profile,9,0.0,,9,0.0,,0
104,structural,switch,exposed,association_only,8,1.0,3.0,9,0.0,,0
104,structural,switch,exposed,clustering,9,0.0,,9,0.0,,0
104,structural,switch,exposed,competing_models,7,1.0,2.0,7,1.0,2.0,1
104,structural,switch,exposed,context_oracle,0,1.0,-5.0,9,0.0,,8
104,structural,switch,exposed,delta_only,9,0.0,,9,0.0,,0
104,structural,switch,exposed,frequency,9,0.0,,9,0.0,,0
104,structural,switch,exposed,mdi,7,1.0,2.0,8,1.0,3.0,1
104,structural,switch,exposed,mdi_decay0,8,1.0,3.0,8,1.0,3.0,0
104,structural,switch,exposed,mdi_decay020,7,1.0,2.0,7,1.0,2.0,1
104,structural,switch,exposed,mdi_no_novelty,8,1.0,3.0,8,1.0,3.0,0
104,structural,switch,exposed,mdi_original,8,1.0,3.0,8,1.0,3.0,0
104,structural,switch,exposed,mdi_reset,9,0.0,,9,0.0,,0
104,structural,switch,exposed,mdi_with_delta,9,0.0,,9,0.0,,0
104,structural,switch,exposed,predicate_match,8,1.0,3.0,8,1.0,3.0,0
104,structural,switch,exposed,random,9,0.0,,9,0.0,,0
104,structural,switch,exposed,recurrence,9,0.0,,9,0.0,,0
104,structural,switch,exposed,similarity,9,0.0,,9,0.0,,0
104,structural,switch,exposed,value_profile,8,1.0,3.0,8,1.0,3.0,0
104,structural,switch,holdout,association_only,8,1.0,3.0,8,1.0,3.0,0
104,structural,switch,holdout,clustering,9,0.0,,9,0.0,,0
104,structural,switch,holdout,competing_models,7,1.0,2.0,7,1.0,2.0,1
104,structural,switch,holdout,context_oracle,0,1.0,-5.0,9,0.0,,8
104,structural,switch,holdout,delta_only,9,0.0,,9,0.0,,0
104,structural,switch,holdout,frequency,9,0.0,,9,0.0,,0
104,structural,switch,holdout,mdi,7,1.0,2.0,8,1.0,3.0,1
104,structural,switch,holdout,mdi_decay0,8,1.0,3.0,8,1.0,3.0,0
104,structural,switch,holdout,mdi_decay020,6,1.0,1.0,7,1.0,2.0,2
104,structural,switch,holdout,mdi_no_novelty,7,1.0,2.0,8,1.0,3.0,1
104,structural,switch,holdout,mdi_original,8,1.0,3.0,9,0.0,,0
104,structural,switch,holdout,mdi_reset,9,0.0,,9,0.0,,0
104,structural,switch,holdout,mdi_with_delta,9,0.0,,9,0.0,,0
104,structural,switch,holdout,predicate_match,8,1.0,3.0,8,1.0,3.0,0
104,structural,switch,holdout,random,9,0.0,,9,0.0,,0
104,structural,switch,holdout,recurrence,9,0.0,,9,0.0,,0
104,structural,switch,holdout,similarity,9,0.0,,9,0.0,,0
104,structural,switch,holdout,value_profile,8,1.0,3.0,8,1.0,3.0,0
105,compositional,ambiguous,exposed,association_only,6,1.0,0.0,6,1.0,0.0,2
105,compositional,ambiguous,exposed,clustering,9,0.0,,9,0.0,,0
105,compositional,ambiguous,exposed,competing_models,6,1.0,0.0,8,1.0,2.0,2
105,compositional,ambiguous,exposed,context_oracle,0,1.0,-6.0,9,0.0,,8
105,compositional,ambiguous,exposed,delta_only,6,1.0,0.0,9,0.0,,2
105,compositional,ambiguous,exposed,frequency,9,0.0,,9,0.0,,0
105,compositional,ambiguous,exposed,mdi,6,1.0,0.0,6,1.0,0.0,2
105,compositional,ambiguous,exposed,mdi_decay0,6,1.0,0.0,7,1.0,1.0,2
105,compositional,ambiguous,exposed,mdi_decay020,6,1.0,0.0,6,1.0,0.0,2
105,compositional,ambiguous,exposed,mdi_no_novelty,6,1.0,0.0,6,1.0,0.0,2
105,compositional,ambiguous,exposed,mdi_original,6,1.0,0.0,6,1.0,0.0,2
105,compositional,ambiguous,exposed,mdi_reset,9,0.0,,9,0.0,,0
105,compositional,ambiguous,exposed,mdi_with_delta,6,1.0,0.0,9,0.0,,2
105,compositional,ambiguous,exposed,predicate_match,6,1.0,0.0,9,0.0,,2
105,compositional,ambiguous,exposed,random,9,0.0,,9,0.0,,0
105,compositional,ambiguous,exposed,recurrence,6,1.0,0.0,9,0.0,,2
105,compositional,ambiguous,exposed,similarity,9,0.0,,9,0.0,,0
105,compositional,ambiguous,exposed,value_profile,6,1.0,0.0,9,0.0,,2
105,compositional,ambiguous,holdout,association_only,6,1.0,0.0,6,1.0,0.0,2
105,compositional,ambiguous,holdout,clustering,9,0.0,,9,0.0,,0
105,compositional,ambiguous,holdout,competing_models,6,1.0,0.0,9,0.0,,2
105,compositional,ambiguous,holdout,context_oracle,0,1.0,-6.0,9,0.0,,8
105,compositional,ambiguous,holdout,delta_only,6,1.0,0.0,9,0.0,,2
105,compositional,ambiguous,holdout,frequency,9,0.0,,9,0.0,,0
105,compositional,ambiguous,holdout,mdi,6,1.0,0.0,8,1.0,2.0,2
105,compositional,ambiguous,holdout,mdi_decay0,6,1.0,0.0,8,1.0,2.0,2
105,compositional,ambiguous,holdout,mdi_decay020,6,1.0,0.0,7,1.0,1.0,2
105,compositional,ambiguous,holdout,mdi_no_novelty,6,1.0,0.0,6,1.0,0.0,2
105,compositional,ambiguous,holdout,mdi_original,6,1.0,0.0,7,1.0,1.0,2
105,compositional,ambiguous,holdout,mdi_reset,9,0.0,,9,0.0,,0
105,compositional,ambiguous,holdout,mdi_with_delta,6,1.0,0.0,8,1.0,2.0,2
105,compositional,ambiguous,holdout,predicate_match,6,1.0,0.0,9,0.0,,2
105,compositional,ambiguous,holdout,random,9,0.0,,9,0.0,,0
105,compositional,ambiguous,holdout,recurrence,9,0.0,,9,0.0,,0
105,compositional,ambiguous,holdout,similarity,9,0.0,,9,0.0,,0
105,compositional,ambiguous,holdout,value_profile,6,1.0,0.0,9,0.0,,2
105,compositional,clear,exposed,association_only,2,1.0,0.0,2,1.0,0.0,6
105,compositional,clear,exposed,clustering,9,0.0,,9,0.0,,0
105,compositional,clear,exposed,competing_models,2,1.0,0.0,7,1.0,5.0,6
105,compositional,clear,exposed,context_oracle,0,1.0,-2.0,9,0.0,,8
105,compositional,clear,exposed,delta_only,9,0.0,,9,0.0,,0
105,compositional,clear,exposed,frequency,9,0.0,,9,0.0,,0
105,compositional,clear,exposed,mdi,2,1.0,0.0,6,1.0,4.0,6
105,compositional,clear,exposed,mdi_decay0,2,1.0,0.0,4,1.0,2.0,6
105,compositional,clear,exposed,mdi_decay020,2,1.0,0.0,6,1.0,4.0,6
105,compositional,clear,exposed,mdi_no_novelty,2,1.0,0.0,4,1.0,2.0,6
105,compositional,clear,exposed,mdi_original,2,1.0,0.0,2,1.0,0.0,6
105,compositional,clear,exposed,mdi_reset,9,0.0,,9,0.0,,0
105,compositional,clear,exposed,mdi_with_delta,9,0.0,,9,0.0,,0
105,compositional,clear,exposed,predicate_match,2,1.0,0.0,9,0.0,,6
105,compositional,clear,exposed,random,9,0.0,,9,0.0,,0
105,compositional,clear,exposed,recurrence,2,1.0,0.0,9,0.0,,6
105,compositional,clear,exposed,similarity,9,0.0,,9,0.0,,0
105,compositional,clear,exposed,value_profile,2,1.0,0.0,9,0.0,,6
105,compositional,clear,holdout,association_only,2,1.0,0.0,2,1.0,0.0,6
105,compositional,clear,holdout,clustering,9,0.0,,9,0.0,,0
105,compositional,clear,holdout,competing_models,2,1.0,0.0,9,0.0,,6
105,compositional,clear,holdout,context_oracle,0,1.0,-2.0,9,0.0,,8
105,compositional,clear,holdout,delta_only,9,0.0,,9,0.0,,0
105,compositional,clear,holdout,frequency,9,0.0,,9,0.0,,0
105,compositional,clear,holdout,mdi,2,1.0,0.0,3,1.0,1.0,6
105,compositional,clear,holdout,mdi_decay0,2,1.0,0.0,2,1.0,0.0,6
105,compositional,clear,holdout,mdi_decay020,2,1.0,0.0,9,0.0,,6
105,compositional,clear,holdout,mdi_no_novelty,2,1.0,0.0,4,1.0,2.0,6
105,compositional,clear,holdout,mdi_original,2,1.0,0.0,2,1.0,0.0,6
105,compositional,clear,holdout,mdi_reset,9,0.0,,9,0.0,,0
105,compositional,clear,holdout,mdi_with_delta,2,1.0,0.0,9,0.0,,6
105,compositional,clear,holdout,predicate_match,2,1.0,0.0,9,0.0,,6
105,compositional,clear,holdout,random,9,0.0,,9,0.0,,0
105,compositional,clear,holdout,recurrence,9,0.0,,9,0.0,,0
105,compositional,clear,holdout,similarity,9,0.0,,9,0.0,,0
105,compositional,clear,holdout,value_profile,4,1.0,2.0,9,0.0,,4
105,compositional,detour,exposed,association_only,9,0.0,,9,0.0,,0
105,compositional,detour,exposed,clustering,9,0.0,,9,0.0,,0
105,compositional,detour,exposed,competing_models,5,1.0,3.0,9,0.0,,3
105,compositional,detour,exposed,context_oracle,0,1.0,-2.0,9,0.0,,8
105,compositional,detour,exposed,delta_only,8,1.0,6.0,9,0.0,,0
105,compositional,detour,exposed,frequency,9,0.0,,9,0.0,,0
105,compositional,detour,exposed,mdi,9,0.0,,9,0.0,,0
105,compositional,detour,exposed,mdi_decay0,9,0.0,,9,0.0,,0
105,compositional,detour,exposed,mdi_decay020,9,0.0,,9,0.0,,0
105,compositional,detour,exposed,mdi_no_novelty,9,0.0,,9,0.0,,0
105,compositional,detour,exposed,mdi_original,9,0.0,,9,0.0,,0
105,compositional,detour,exposed,mdi_reset,9,0.0,,9,0.0,,0
105,compositional,detour,exposed,mdi_with_delta,9,0.0,,9,0.0,,0
105,compositional,detour,exposed,predicate_match,9,0.0,,9,0.0,,0
105,compositional,detour,exposed,random,9,0.0,,9,0.0,,0
105,compositional,detour,exposed,recurrence,5,1.0,3.0,9,0.0,,3
105,compositional,detour,exposed,similarity,9,0.0,,9,0.0,,0
105,compositional,detour,exposed,value_profile,9,0.0,,9,0.0,,0
105,compositional,detour,holdout,association_only,9,0.0,,9,0.0,,0
105,compositional,detour,holdout,clustering,9,0.0,,9,0.0,,0
105,compositional,detour,holdout,competing_models,5,1.0,3.0,9,0.0,,3
105,compositional,detour,holdout,context_oracle,0,1.0,-2.0,9,0.0,,8
105,compositional,detour,holdout,delta_only,8,1.0,6.0,9,0.0,,0
105,compositional,detour,holdout,frequency,9,0.0,,9,0.0,,0
105,compositional,detour,holdout,mdi,9,0.0,,9,0.0,,0
105,compositional,detour,holdout,mdi_decay0,9,0.0,,9,0.0,,0
105,compositional,detour,holdout,mdi_decay020,9,0.0,,9,0.0,,0
105,compositional,detour,holdout,mdi_no_novelty,9,0.0,,9,0.0,,0
105,compositional,detour,holdout,mdi_original,9,0.0,,9,0.0,,0
105,compositional,detour,holdout,mdi_reset,9,0.0,,9,0.0,,0
105,compositional,detour,holdout,mdi_with_delta,9,0.0,,9,0.0,,0
105,compositional,detour,holdout,predicate_match,9,0.0,,9,0.0,,0
105,compositional,detour,holdout,random,9,0.0,,9,0.0,,0
105,compositional,detour,holdout,recurrence,9,0.0,,9,0.0,,0
105,compositional,detour,holdout,similarity,9,0.0,,9,0.0,,0
105,compositional,detour,holdout,value_profile,9,0.0,,9,0.0,,0
105,compositional,null,exposed,association_only,9,0.0,,9,0.0,,0
105,compositional,null,exposed,clustering,9,0.0,,9,0.0,,0
105,compositional,null,exposed,competing_models,9,0.0,,9,0.0,,0
105,compositional,null,exposed,context_oracle,0,1.0,,9,0.0,,8
105,compositional,null,exposed,delta_only,9,0.0,,9,0.0,,0
105,compositional,null,exposed,frequency,9,0.0,,9,0.0,,0
105,compositional,null,exposed,mdi,9,0.0,,9,0.0,,0
105,compositional,null,exposed,mdi_decay0,9,0.0,,9,0.0,,0
105,compositional,null,exposed,mdi_decay020,9,0.0,,9,0.0,,0
105,compositional,null,exposed,mdi_no_novelty,9,0.0,,9,0.0,,0
105,compositional,null,exposed,mdi_original,9,0.0,,9,0.0,,0
105,compositional,null,exposed,mdi_reset,9,0.0,,9,0.0,,0
105,compositional,null,exposed,mdi_with_delta,9,0.0,,9,0.0,,0
105,compositional,null,exposed,predicate_match,9,0.0,,9,0.0,,0
105,compositional,null,exposed,random,9,0.0,,9,0.0,,0
105,compositional,null,exposed,recurrence,9,0.0,,9,0.0,,0
105,compositional,null,exposed,similarity,9,0.0,,9,0.0,,0
105,compositional,null,exposed,value_profile,9,0.0,,9,0.0,,0
105,compositional,null,holdout,association_only,9,0.0,,9,0.0,,0
105,compositional,null,holdout,clustering,9,0.0,,9,0.0,,0
105,compositional,null,holdout,competing_models,9,0.0,,9,0.0,,0
105,compositional,null,holdout,context_oracle,0,1.0,,9,0.0,,8
105,compositional,null,holdout,delta_only,9,0.0,,9,0.0,,0
105,compositional,null,holdout,frequency,9,0.0,,9,0.0,,0
105,compositional,null,holdout,mdi,9,0.0,,9,0.0,,0
105,compositional,null,holdout,mdi_decay0,9,0.0,,9,0.0,,0
105,compositional,null,holdout,mdi_decay020,9,0.0,,9,0.0,,0
105,compositional,null,holdout,mdi_no_novelty,9,0.0,,9,0.0,,0
105,compositional,null,holdout,mdi_original,9,0.0,,9,0.0,,0
105,compositional,null,holdout,mdi_reset,9,0.0,,9,0.0,,0
105,compositional,null,holdout,mdi_with_delta,9,0.0,,9,0.0,,0
105,compositional,null,holdout,predicate_match,9,0.0,,9,0.0,,0
105,compositional,null,holdout,random,9,0.0,,9,0.0,,0
105,compositional,null,holdout,recurrence,9,0.0,,9,0.0,,0
105,compositional,null,holdout,similarity,9,0.0,,9,0.0,,0
105,compositional,null,holdout,value_profile,9,0.0,,9,0.0,,0
105,compositional,switch,exposed,association_only,8,1.0,3.0,9,0.0,,0
105,compositional,switch,exposed,clustering,9,0.0,,9,0.0,,0
105,compositional,switch,exposed,competing_models,7,1.0,2.0,8,1.0,3.0,1
105,compositional,switch,exposed,context_oracle,0,1.0,-5.0,9,0.0,,8
105,compositional,switch,exposed,delta_only,9,0.0,,9,0.0,,0
105,compositional,switch,exposed,frequency,9,0.0,,9,0.0,,0
105,compositional,switch,exposed,mdi,7,1.0,2.0,8,1.0,3.0,1
105,compositional,switch,exposed,mdi_decay0,8,1.0,3.0,9,0.0,,0
105,compositional,switch,exposed,mdi_decay020,7,1.0,2.0,8,1.0,3.0,1
105,compositional,switch,exposed,mdi_no_novelty,7,1.0,2.0,8,1.0,3.0,1
105,compositional,switch,exposed,mdi_original,9,0.0,,9,0.0,,0
105,compositional,switch,exposed,mdi_reset,9,0.0,,9,0.0,,0
105,compositional,switch,exposed,mdi_with_delta,9,0.0,,9,0.0,,0
105,compositional,switch,exposed,predicate_match,7,1.0,2.0,9,0.0,,1
105,compositional,switch,exposed,random,9,0.0,,9,0.0,,0
105,compositional,switch,exposed,recurrence,8,1.0,3.0,9,0.0,,0
105,compositional,switch,exposed,similarity,9,0.0,,9,0.0,,0
105,compositional,switch,exposed,value_profile,7,1.0,2.0,9,0.0,,1
105,compositional,switch,holdout,association_only,9,0.0,,9,0.0,,0
105,compositional,switch,holdout,clustering,9,0.0,,9,0.0,,0
105,compositional,switch,holdout,competing_models,7,1.0,2.0,8,1.0,3.0,1
105,compositional,switch,holdout,context_oracle,0,1.0,-5.0,9,0.0,,8
105,compositional,switch,holdout,delta_only,9,0.0,,9,0.0,,0
105,compositional,switch,holdout,frequency,9,0.0,,9,0.0,,0
105,compositional,switch,holdout,mdi,7,1.0,2.0,8,1.0,3.0,1
105,compositional,switch,holdout,mdi_decay0,9,0.0,,9,0.0,,0
105,compositional,switch,holdout,mdi_decay020,7,1.0,2.0,8,1.0,3.0,1
105,compositional,switch,holdout,mdi_no_novelty,7,1.0,2.0,8,1.0,3.0,1
105,compositional,switch,holdout,mdi_original,8,1.0,3.0,9,0.0,,0
105,compositional,switch,holdout,mdi_reset,9,0.0,,9,0.0,,0
105,compositional,switch,holdout,mdi_with_delta,9,0.0,,9,0.0,,0
105,compositional,switch,holdout,predicate_match,7,1.0,2.0,9,0.0,,1
105,compositional,switch,holdout,random,9,0.0,,9,0.0,,0
105,compositional,switch,holdout,recurrence,9,0.0,,9,0.0,,0
105,compositional,switch,holdout,similarity,9,0.0,,9,0.0,,0
105,compositional,switch,holdout,value_profile,7,1.0,2.0,9,0.0,,1
105,distributional,ambiguous,exposed,association_only,6,1.0,0.0,9,0.0,,2
105,distributional,ambiguous,exposed,clustering,9,0.0,,9,0.0,,0
105,distributional,ambiguous,exposed,competing_models,7,1.0,1.0,7,1.0,1.0,1
105,distributional,ambiguous,exposed,context_oracle,0,1.0,-6.0,9,0.0,,8
105,distributional,ambiguous,exposed,delta_only,9,0.0,,9,0.0,,0
105,distributional,ambiguous,exposed,frequency,9,0.0,,9,0.0,,0
105,distributional,ambiguous,exposed,mdi,6,1.0,0.0,9,0.0,,2
105,distributional,ambiguous,exposed,mdi_decay0,7,1.0,1.0,9,0.0,,1
105,distributional,ambiguous,exposed,mdi_decay020,6,1.0,0.0,9,0.0,,2
105,distributional,ambiguous,exposed,mdi_no_novelty,6,1.0,0.0,9,0.0,,2
105,distributional,ambiguous,exposed,mdi_original,9,0.0,,9,0.0,,0
105,distributional,ambiguous,exposed,mdi_reset,9,0.0,,9,0.0,,0
105,distributional,ambiguous,exposed,mdi_with_delta,6,1.0,0.0,9,0.0,,2
105,distributional,ambiguous,exposed,predicate_match,6,1.0,0.0,9,0.0,,2
105,distributional,ambiguous,exposed,random,9,0.0,,9,0.0,,0
105,distributional,ambiguous,exposed,recurrence,6,1.0,0.0,9,0.0,,2
105,distributional,ambiguous,exposed,similarity,9,0.0,,9,0.0,,0
105,distributional,ambiguous,exposed,value_profile,7,1.0,1.0,9,0.0,,1
105,distributional,ambiguous,holdout,association_only,6,1.0,0.0,9,0.0,,2
105,distributional,ambiguous,holdout,clustering,9,0.0,,9,0.0,,0
105,distributional,ambiguous,holdout,competing_models,6,1.0,0.0,9,0.0,,2
105,distributional,ambiguous,holdout,context_oracle,0,1.0,-6.0,9,0.0,,8
105,distributional,ambiguous,holdout,delta_only,9,0.0,,9,0.0,,0
105,distributional,ambiguous,holdout,frequency,9,0.0,,9,0.0,,0
105,distributional,ambiguous,holdout,mdi,6,1.0,0.0,9,0.0,,2
105,distributional,ambiguous,holdout,mdi_decay0,6,1.0,0.0,9,0.0,,2
105,distributional,ambiguous,holdout,mdi_decay020,6,1.0,0.0,9,0.0,,2
105,distributional,ambiguous,holdout,mdi_no_novelty,6,1.0,0.0,9,0.0,,2
105,distributional,ambiguous,holdout,mdi_original,9,0.0,,9,0.0,,0
105,distributional,ambiguous,holdout,mdi_reset,9,0.0,,9,0.0,,0
105,distributional,ambiguous,holdout,mdi_with_delta,6,1.0,0.0,9,0.0,,2
105,distributional,ambiguous,holdout,predicate_match,6,1.0,0.0,9,0.0,,2
105,distributional,ambiguous,holdout,random,9,0.0,,9,0.0,,0
105,distributional,ambiguous,holdout,recurrence,9,0.0,,9,0.0,,0
105,distributional,ambiguous,holdout,similarity,9,0.0,,9,0.0,,0
105,distributional,ambiguous,holdout,value_profile,6,1.0,0.0,9,0.0,,2
105,distributional,clear,exposed,association_only,2,1.0,0.0,2,1.0,0.0,6
105,distributional,clear,exposed,clustering,9,0.0,,9,0.0,,0
105,distributional,clear,exposed,competing_models,2,1.0,0.0,2,1.0,0.0,6
105,distributional,clear,exposed,context_oracle,0,1.0,-2.0,9,0.0,,8
105,distributional,clear,exposed,delta_only,5,1.0,3.0,9,0.0,,3
105,distributional,clear,exposed,frequency,9,0.0,,9,0.0,,0
105,distributional,clear,exposed,mdi,2,1.0,0.0,2,1.0,0.0,6
105,distributional,clear,exposed,mdi_decay0,2,1.0,0.0,2,1.0,0.0,6
105,distributional,clear,exposed,mdi_decay020,2,1.0,0.0,2,1.0,0.0,6
105,distributional,clear,exposed,mdi_no_novelty,2,1.0,0.0,2,1.0,0.0,6
105,distributional,clear,exposed,mdi_original,9,0.0,,9,0.0,,0
105,distributional,clear,exposed,mdi_reset,9,0.0,,9,0.0,,0
105,distributional,clear,exposed,mdi_with_delta,2,1.0,0.0,5,1.0,3.0,6
105,distributional,clear,exposed,predicate_match,2,1.0,0.0,5,1.0,3.0,6
105,distributional,clear,exposed,random,9,0.0,,9,0.0,,0
105,distributional,clear,exposed,recurrence,2,1.0,0.0,3,1.0,1.0,6
105,distributional,clear,exposed,similarity,9,0.0,,9,0.0,,0
105,distributional,clear,exposed,value_profile,2,1.0,0.0,2,1.0,0.0,6
105,distributional,clear,holdout,association_only,2,1.0,0.0,5,1.0,3.0,6
105,distributional,clear,holdout,clustering,9,0.0,,9,0.0,,0
105,distributional,clear,holdout,competing_models,2,1.0,0.0,6,1.0,4.0,6
105,distributional,clear,holdout,context_oracle,0,1.0,-2.0,9,0.0,,8
105,distributional,clear,holdout,delta_only,2,1.0,0.0,9,0.0,,6
105,distributional,clear,holdout,frequency,9,0.0,,9,0.0,,0
105,distributional,clear,holdout,mdi,2,1.0,0.0,9,0.0,,6
105,distributional,clear,holdout,mdi_decay0,2,1.0,0.0,9,0.0,,6
105,distributional,clear,holdout,mdi_decay020,2,1.0,0.0,9,0.0,,6
105,distributional,clear,holdout,mdi_no_novelty,2,1.0,0.0,9,0.0,,6
105,distributional,clear,holdout,mdi_original,9,0.0,,9,0.0,,0
105,distributional,clear,holdout,mdi_reset,9,0.0,,9,0.0,,0
105,distributional,clear,holdout,mdi_with_delta,2,1.0,0.0,9,0.0,,6
105,distributional,clear,holdout,predicate_match,2,1.0,0.0,5,1.0,3.0,6
105,distributional,clear,holdout,random,9,0.0,,9,0.0,,0
105,distributional,clear,holdout,recurrence,9,0.0,,9,0.0,,0
105,distributional,clear,holdout,similarity,9,0.0,,9,0.0,,0
105,distributional,clear,holdout,value_profile,2,1.0,0.0,5,1.0,3.0,6
105,distributional,detour,exposed,association_only,2,1.0,0.0,9,0.0,,6
105,distributional,detour,exposed,clustering,9,0.0,,9,0.0,,0
105,distributional,detour,exposed,competing_models,2,1.0,0.0,2,1.0,0.0,6
105,distributional,detour,exposed,context_oracle,0,1.0,-2.0,9,0.0,,8
105,distributional,detour,exposed,delta_only,4,1.0,2.0,9,0.0,,4
105,distributional,detour,exposed,frequency,9,0.0,,9,0.0,,0
105,distributional,detour,exposed,mdi,2,1.0,0.0,8,1.0,6.0,6
105,distributional,detour,exposed,mdi_decay0,2,1.0,0.0,8,1.0,6.0,6
105,distributional,detour,exposed,mdi_decay020,2,1.0,0.0,9,0.0,,6
105,distributional,detour,exposed,mdi_no_novelty,2,1.0,0.0,3,1.0,1.0,6
105,distributional,detour,exposed,mdi_original,9,0.0,,9,0.0,,0
105,distributional,detour,exposed,mdi_reset,9,0.0,,9,0.0,,0
105,distributional,detour,exposed,mdi_with_delta,2,1.0,0.0,9,0.0,,6
105,distributional,detour,exposed,predicate_match,2,1.0,0.0,3,1.0,1.0,6
105,distributional,detour,exposed,random,9,0.0,,9,0.0,,0
105,distributional,detour,exposed,recurrence,2,1.0,0.0,3,1.0,1.0,6
105,distributional,detour,exposed,similarity,9,0.0,,9,0.0,,0
105,distributional,detour,exposed,value_profile,2,1.0,0.0,2,1.0,0.0,6
105,distributional,detour,holdout,association_only,2,1.0,0.0,5,1.0,3.0,6
105,distributional,detour,holdout,clustering,9,0.0,,9,0.0,,0
105,distributional,detour,holdout,competing_models,2,1.0,0.0,2,1.0,0.0,6
105,distributional,detour,holdout,context_oracle,0,1.0,-2.0,9,0.0,,8
105,distributional,detour,holdout,delta_only,3,1.0,1.0,9,0.0,,5
105,distributional,detour,holdout,frequency,9,0.0,,9,0.0,,0
105,distributional,detour,holdout,mdi,2,1.0,0.0,5,1.0,3.0,6
105,distributional,detour,holdout,mdi_decay0,2,1.0,0.0,5,1.0,3.0,6
105,distributional,detour,holdout,mdi_decay020,2,1.0,0.0,2,1.0,0.0,6
105,distributional,detour,holdout,mdi_no_novelty,2,1.0,0.0,2,1.0,0.0,6
105,distributional,detour,holdout,mdi_original,9,0.0,,9,0.0,,0
105,distributional,detour,holdout,mdi_reset,9,0.0,,9,0.0,,0
105,distributional,detour,holdout,mdi_with_delta,2,1.0,0.0,9,0.0,,6
105,distributional,detour,holdout,predicate_match,2,1.0,0.0,3,1.0,1.0,6
105,distributional,detour,holdout,random,9,0.0,,9,0.0,,0
105,distributional,detour,holdout,recurrence,9,0.0,,9,0.0,,0
105,distributional,detour,holdout,similarity,9,0.0,,9,0.0,,0
105,distributional,detour,holdout,value_profile,2,1.0,0.0,3,1.0,1.0,6
105,distributional,null,exposed,association_only,9,0.0,,9,0.0,,0
105,distributional,null,exposed,clustering,9,0.0,,9,0.0,,0
105,distributional,null,exposed,competing_models,9,0.0,,9,0.0,,0
105,distributional,null,exposed,context_oracle,0,1.0,,9,0.0,,8
105,distributional,null,exposed,delta_only,9,0.0,,9,0.0,,0
105,distributional,null,exposed,frequency,9,0.0,,9,0.0,,0
105,distributional,null,exposed,mdi,9,0.0,,9,0.0,,0
105,distributional,null,exposed,mdi_decay0,9,0.0,,9,0.0,,0
105,distributional,null,exposed,mdi_decay020,9,0.0,,9,0.0,,0
105,distributional,null,exposed,mdi_no_novelty,9,0.0,,9,0.0,,0
105,distributional,null,exposed,mdi_original,9,0.0,,9,0.0,,0
105,distributional,null,exposed,mdi_reset,9,0.0,,9,0.0,,0
105,distributional,null,exposed,mdi_with_delta,9,0.0,,9,0.0,,0
105,distributional,null,exposed,predicate_match,9,0.0,,9,0.0,,0
105,distributional,null,exposed,random,9,0.0,,9,0.0,,0
105,distributional,null,exposed,recurrence,9,0.0,,9,0.0,,0
105,distributional,null,exposed,similarity,9,0.0,,9,0.0,,0
105,distributional,null,exposed,value_profile,9,0.0,,9,0.0,,0
105,distributional,null,holdout,association_only,9,0.0,,9,0.0,,0
105,distributional,null,holdout,clustering,9,0.0,,9,0.0,,0
105,distributional,null,holdout,competing_models,9,0.0,,9,0.0,,0
105,distributional,null,holdout,context_oracle,0,1.0,,9,0.0,,8
105,distributional,null,holdout,delta_only,9,0.0,,9,0.0,,0
105,distributional,null,holdout,frequency,9,0.0,,9,0.0,,0
105,distributional,null,holdout,mdi,9,0.0,,9,0.0,,0
105,distributional,null,holdout,mdi_decay0,9,0.0,,9,0.0,,0
105,distributional,null,holdout,mdi_decay020,9,0.0,,9,0.0,,0
105,distributional,null,holdout,mdi_no_novelty,9,0.0,,9,0.0,,0
105,distributional,null,holdout,mdi_original,9,0.0,,9,0.0,,0
105,distributional,null,holdout,mdi_reset,9,0.0,,9,0.0,,0
105,distributional,null,holdout,mdi_with_delta,9,0.0,,9,0.0,,0
105,distributional,null,holdout,predicate_match,9,0.0,,9,0.0,,0
105,distributional,null,holdout,random,9,0.0,,9,0.0,,0
105,distributional,null,holdout,recurrence,9,0.0,,9,0.0,,0
105,distributional,null,holdout,similarity,9,0.0,,9,0.0,,0
105,distributional,null,holdout,value_profile,9,0.0,,9,0.0,,0
105,distributional,switch,exposed,association_only,7,1.0,2.0,9,0.0,,1
105,distributional,switch,exposed,clustering,9,0.0,,9,0.0,,0
105,distributional,switch,exposed,competing_models,7,1.0,2.0,7,1.0,2.0,1
105,distributional,switch,exposed,context_oracle,0,1.0,-5.0,9,0.0,,8
105,distributional,switch,exposed,delta_only,9,0.0,,9,0.0,,0
105,distributional,switch,exposed,frequency,9,0.0,,9,0.0,,0
105,distributional,switch,exposed,mdi,7,1.0,2.0,7,1.0,2.0,1
105,distributional,switch,exposed,mdi_decay0,8,1.0,3.0,8,1.0,3.0,0
105,distributional,switch,exposed,mdi_decay020,6,1.0,1.0,6,1.0,1.0,2
105,distributional,switch,exposed,mdi_no_novelty,7,1.0,2.0,8,1.0,3.0,1
105,distributional,switch,exposed,mdi_original,9,0.0,,9,0.0,,0
105,distributional,switch,exposed,mdi_reset,9,0.0,,9,0.0,,0
105,distributional,switch,exposed,mdi_with_delta,8,1.0,3.0,9,0.0,,0
105,distributional,switch,exposed,predicate_match,8,1.0,3.0,8,1.0,3.0,0
105,distributional,switch,exposed,random,9,0.0,,9,0.0,,0
105,distributional,switch,exposed,recurrence,8,1.0,3.0,9,0.0,,0
105,distributional,switch,exposed,similarity,9,0.0,,9,0.0,,0
105,distributional,switch,exposed,value_profile,7,1.0,2.0,8,1.0,3.0,1
105,distributional,switch,holdout,association_only,8,1.0,3.0,9,0.0,,0
105,distributional,switch,holdout,clustering,9,0.0,,9,0.0,,0
105,distributional,switch,holdout,competing_models,7,1.0,2.0,9,0.0,,1
105,distributional,switch,holdout,context_oracle,0,1.0,-5.0,9,0.0,,8
105,distributional,switch,holdout,delta_only,9,0.0,,9,0.0,,0
105,distributional,switch,holdout,frequency,9,0.0,,9,0.0,,0
105,distributional,switch,holdout,mdi,7,1.0,2.0,8,1.0,3.0,1
105,distributional,switch,holdout,mdi_decay0,8,1.0,3.0,9,0.0,,0
105,distributional,switch,holdout,mdi_decay020,6,1.0,1.0,8,1.0,3.0,2
105,distributional,switch,holdout,mdi_no_novelty,7,1.0,2.0,9,0.0,,1
105,distributional,switch,holdout,mdi_original,9,0.0,,9,0.0,,0
105,distributional,switch,holdout,mdi_reset,9,0.0,,9,0.0,,0
105,distributional,switch,holdout,mdi_with_delta,9,0.0,,9,0.0,,0
105,distributional,switch,holdout,predicate_match,8,1.0,3.0,8,1.0,3.0,0
105,distributional,switch,holdout,random,9,0.0,,9,0.0,,0
105,distributional,switch,holdout,recurrence,9,0.0,,9,0.0,,0
105,distributional,switch,holdout,similarity,9,0.0,,9,0.0,,0
105,distributional,switch,holdout,value_profile,7,1.0,2.0,9,0.0,,1
105,shared,ambiguous,exposed,association_only,9,0.0,,9,0.0,,0
105,shared,ambiguous,exposed,clustering,9,0.0,,9,0.0,,0
105,shared,ambiguous,exposed,competing_models,7,1.0,0.0,9,0.0,,1
105,shared,ambiguous,exposed,context_oracle,9,0.0,,9,0.0,,0
105,shared,ambiguous,exposed,delta_only,9,0.0,,9,0.0,,0
105,shared,ambiguous,exposed,frequency,9,0.0,,9,0.0,,0
105,shared,ambiguous,exposed,mdi,9,0.0,,9,0.0,,0
105,shared,ambiguous,exposed,mdi_decay0,9,0.0,,9,0.0,,0
105,shared,ambiguous,exposed,mdi_decay020,9,0.0,,9,0.0,,0
105,shared,ambiguous,exposed,mdi_no_novelty,9,0.0,,9,0.0,,0
105,shared,ambiguous,exposed,mdi_original,9,0.0,,9,0.0,,0
105,shared,ambiguous,exposed,mdi_reset,9,0.0,,9,0.0,,0
105,shared,ambiguous,exposed,mdi_with_delta,9,0.0,,9,0.0,,0
105,shared,ambiguous,exposed,predicate_match,7,1.0,0.0,9,0.0,,1
105,shared,ambiguous,exposed,random,9,0.0,,9,0.0,,0
105,shared,ambiguous,exposed,recurrence,7,1.0,0.0,9,0.0,,1
105,shared,ambiguous,exposed,similarity,9,0.0,,9,0.0,,0
105,shared,ambiguous,exposed,value_profile,9,0.0,,9,0.0,,0
105,shared,ambiguous,holdout,association_only,9,0.0,,9,0.0,,0
105,shared,ambiguous,holdout,clustering,9,0.0,,9,0.0,,0
105,shared,ambiguous,holdout,competing_models,9,0.0,,9,0.0,,0
105,shared,ambiguous,holdout,context_oracle,9,0.0,,9,0.0,,0
105,shared,ambiguous,holdout,delta_only,7,1.0,0.0,9,0.0,,1
105,shared,ambiguous,holdout,frequency,9,0.0,,9,0.0,,0
105,shared,ambiguous,holdout,mdi,9,0.0,,9,0.0,,0
105,shared,ambiguous,holdout,mdi_decay0,9,0.0,,9,0.0,,0
105,shared,ambiguous,holdout,mdi_decay020,9,0.0,,9,0.0,,0
105,shared,ambiguous,holdout,mdi_no_novelty,9,0.0,,9,0.0,,0
105,shared,ambiguous,holdout,mdi_original,9,0.0,,9,0.0,,0
105,shared,ambiguous,holdout,mdi_reset,9,0.0,,9,0.0,,0
105,shared,ambiguous,holdout,mdi_with_delta,9,0.0,,9,0.0,,0
105,shared,ambiguous,holdout,predicate_match,7,1.0,0.0,9,0.0,,1
105,shared,ambiguous,holdout,random,9,0.0,,9,0.0,,0
105,shared,ambiguous,holdout,recurrence,9,0.0,,9,0.0,,0
105,shared,ambiguous,holdout,similarity,9,0.0,,9,0.0,,0
105,shared,ambiguous,holdout,value_profile,9,0.0,,9,0.0,,0
105,shared,clear,exposed,association_only,9,0.0,,9,0.0,,0
105,shared,clear,exposed,clustering,9,0.0,,9,0.0,,0
105,shared,clear,exposed,competing_models,5,1.0,2.0,9,0.0,,3
105,shared,clear,exposed,context_oracle,9,0.0,,9,0.0,,0
105,shared,clear,exposed,delta_only,9,0.0,,9,0.0,,0
105,shared,clear,exposed,frequency,9,0.0,,9,0.0,,0
105,shared,clear,exposed,mdi,7,1.0,4.0,9,0.0,,1
105,shared,clear,exposed,mdi_decay0,9,0.0,,9,0.0,,0
105,shared,clear,exposed,mdi_decay020,9,0.0,,9,0.0,,0
105,shared,clear,exposed,mdi_no_novelty,6,1.0,3.0,9,0.0,,2
105,shared,clear,exposed,mdi_original,9,0.0,,9,0.0,,0
105,shared,clear,exposed,mdi_reset,9,0.0,,9,0.0,,0
105,shared,clear,exposed,mdi_with_delta,9,0.0,,9,0.0,,0
105,shared,clear,exposed,predicate_match,3,1.0,0.0,5,1.0,2.0,5
105,shared,clear,exposed,random,9,0.0,,9,0.0,,0
105,shared,clear,exposed,recurrence,3,1.0,0.0,5,1.0,2.0,5
105,shared,clear,exposed,similarity,9,0.0,,9,0.0,,0
105,shared,clear,exposed,value_profile,9,0.0,,9,0.0,,0
105,shared,clear,holdout,association_only,9,0.0,,9,0.0,,0
105,shared,clear,holdout,clustering,9,0.0,,9,0.0,,0
105,shared,clear,holdout,competing_models,9,0.0,,9,0.0,,0
105,shared,clear,holdout,context_oracle,9,0.0,,9,0.0,,0
105,shared,clear,holdout,delta_only,4,1.0,1.0,9,0.0,,4
105,shared,clear,holdout,frequency,9,0.0,,9,0.0,,0
105,shared,clear,holdout,mdi,3,1.0,0.0,9,0.0,,5
105,shared,clear,holdout,mdi_decay0,3,1.0,0.0,9,0.0,,5
105,shared,clear,holdout,mdi_decay020,7,1.0,4.0,9,0.0,,1
105,shared,clear,holdout,mdi_no_novelty,9,0.0,,9,0.0,,0
105,shared,clear,holdout,mdi_original,9,0.0,,9,0.0,,0
105,shared,clear,holdout,mdi_reset,9,0.0,,9,0.0,,0
105,shared,clear,holdout,mdi_with_delta,5,1.0,2.0,9,0.0,,3
105,shared,clear,holdout,predicate_match,3,1.0,0.0,5,1.0,2.0,5
105,shared,clear,holdout,random,9,0.0,,9,0.0,,0
105,shared,clear,holdout,recurrence,9,0.0,,9,0.0,,0
105,shared,clear,holdout,similarity,9,0.0,,9,0.0,,0
105,shared,clear,holdout,value_profile,9,0.0,,9,0.0,,0
105,shared,detour,exposed,association_only,9,0.0,,9,0.0,,0
105,shared,detour,exposed,clustering,9,0.0,,9,0.0,,0
105,shared,detour,exposed,competing_models,9,0.0,,9,0.0,,0
105,shared,detour,exposed,context_oracle,9,0.0,,9,0.0,,0
105,shared,detour,exposed,delta_only,9,0.0,,9,0.0,,0
105,shared,detour,exposed,frequency,9,0.0,,9,0.0,,0
105,shared,detour,exposed,mdi,9,0.0,,9,0.0,,0
105,shared,detour,exposed,mdi_decay0,9,0.0,,9,0.0,,0
105,shared,detour,exposed,mdi_decay020,9,0.0,,9,0.0,,0
105,shared,detour,exposed,mdi_no_novelty,9,0.0,,9,0.0,,0
105,shared,detour,exposed,mdi_original,9,0.0,,9,0.0,,0
105,shared,detour,exposed,mdi_reset,9,0.0,,9,0.0,,0
105,shared,detour,exposed,mdi_with_delta,9,0.0,,9,0.0,,0
105,shared,detour,exposed,predicate_match,9,0.0,,9,0.0,,0
105,shared,detour,exposed,random,9,0.0,,9,0.0,,0
105,shared,detour,exposed,recurrence,9,0.0,,9,0.0,,0
105,shared,detour,exposed,similarity,9,0.0,,9,0.0,,0
105,shared,detour,exposed,value_profile,9,0.0,,9,0.0,,0
105,shared,detour,holdout,association_only,9,0.0,,9,0.0,,0
105,shared,detour,holdout,clustering,9,0.0,,9,0.0,,0
105,shared,detour,holdout,competing_models,9,0.0,,9,0.0,,0
105,shared,detour,holdout,context_oracle,9,0.0,,9,0.0,,0
105,shared,detour,holdout,delta_only,9,0.0,,9,0.0,,0
105,shared,detour,holdout,frequency,9,0.0,,9,0.0,,0
105,shared,detour,holdout,mdi,9,0.0,,9,0.0,,0
105,shared,detour,holdout,mdi_decay0,9,0.0,,9,0.0,,0
105,shared,detour,holdout,mdi_decay020,9,0.0,,9,0.0,,0
105,shared,detour,holdout,mdi_no_novelty,9,0.0,,9,0.0,,0
105,shared,detour,holdout,mdi_original,9,0.0,,9,0.0,,0
105,shared,detour,holdout,mdi_reset,9,0.0,,9,0.0,,0
105,shared,detour,holdout,mdi_with_delta,9,0.0,,9,0.0,,0
105,shared,detour,holdout,predicate_match,9,0.0,,9,0.0,,0
105,shared,detour,holdout,random,9,0.0,,9,0.0,,0
105,shared,detour,holdout,recurrence,9,0.0,,9,0.0,,0
105,shared,detour,holdout,similarity,9,0.0,,9,0.0,,0
105,shared,detour,holdout,value_profile,9,0.0,,9,0.0,,0
105,shared,null,exposed,association_only,9,0.0,,9,0.0,,0
105,shared,null,exposed,clustering,9,0.0,,9,0.0,,0
105,shared,null,exposed,competing_models,9,0.0,,9,0.0,,0
105,shared,null,exposed,context_oracle,9,0.0,,9,0.0,,0
105,shared,null,exposed,delta_only,9,0.0,,9,0.0,,0
105,shared,null,exposed,frequency,9,0.0,,9,0.0,,0
105,shared,null,exposed,mdi,9,0.0,,9,0.0,,0
105,shared,null,exposed,mdi_decay0,9,0.0,,9,0.0,,0
105,shared,null,exposed,mdi_decay020,9,0.0,,9,0.0,,0
105,shared,null,exposed,mdi_no_novelty,9,0.0,,9,0.0,,0
105,shared,null,exposed,mdi_original,9,0.0,,9,0.0,,0
105,shared,null,exposed,mdi_reset,9,0.0,,9,0.0,,0
105,shared,null,exposed,mdi_with_delta,9,0.0,,9,0.0,,0
105,shared,null,exposed,predicate_match,9,0.0,,9,0.0,,0
105,shared,null,exposed,random,9,0.0,,9,0.0,,0
105,shared,null,exposed,recurrence,9,0.0,,9,0.0,,0
105,shared,null,exposed,similarity,9,0.0,,9,0.0,,0
105,shared,null,exposed,value_profile,9,0.0,,9,0.0,,0
105,shared,null,holdout,association_only,9,0.0,,9,0.0,,0
105,shared,null,holdout,clustering,9,0.0,,9,0.0,,0
105,shared,null,holdout,competing_models,9,0.0,,9,0.0,,0
105,shared,null,holdout,context_oracle,9,0.0,,9,0.0,,0
105,shared,null,holdout,delta_only,9,0.0,,9,0.0,,0
105,shared,null,holdout,frequency,9,0.0,,9,0.0,,0
105,shared,null,holdout,mdi,9,0.0,,9,0.0,,0
105,shared,null,holdout,mdi_decay0,9,0.0,,9,0.0,,0
105,shared,null,holdout,mdi_decay020,9,0.0,,9,0.0,,0
105,shared,null,holdout,mdi_no_novelty,9,0.0,,9,0.0,,0
105,shared,null,holdout,mdi_original,9,0.0,,9,0.0,,0
105,shared,null,holdout,mdi_reset,9,0.0,,9,0.0,,0
105,shared,null,holdout,mdi_with_delta,9,0.0,,9,0.0,,0
105,shared,null,holdout,predicate_match,9,0.0,,9,0.0,,0
105,shared,null,holdout,random,9,0.0,,9,0.0,,0
105,shared,null,holdout,recurrence,9,0.0,,9,0.0,,0
105,shared,null,holdout,similarity,9,0.0,,9,0.0,,0
105,shared,null,holdout,value_profile,9,0.0,,9,0.0,,0
105,shared,switch,exposed,association_only,9,0.0,,9,0.0,,0
105,shared,switch,exposed,clustering,9,0.0,,9,0.0,,0
105,shared,switch,exposed,competing_models,6,1.0,0.0,9,0.0,,2
105,shared,switch,exposed,context_oracle,9,0.0,,9,0.0,,0
105,shared,switch,exposed,delta_only,8,1.0,2.0,9,0.0,,0
105,shared,switch,exposed,frequency,9,0.0,,9,0.0,,0
105,shared,switch,exposed,mdi,9,0.0,,9,0.0,,0
105,shared,switch,exposed,mdi_decay0,9,0.0,,9,0.0,,0
105,shared,switch,exposed,mdi_decay020,9,0.0,,9,0.0,,0
105,shared,switch,exposed,mdi_no_novelty,9,0.0,,9,0.0,,0
105,shared,switch,exposed,mdi_original,9,0.0,,9,0.0,,0
105,shared,switch,exposed,mdi_reset,9,0.0,,9,0.0,,0
105,shared,switch,exposed,mdi_with_delta,9,0.0,,9,0.0,,0
105,shared,switch,exposed,predicate_match,8,1.0,2.0,8,1.0,2.0,0
105,shared,switch,exposed,random,9,0.0,,9,0.0,,0
105,shared,switch,exposed,recurrence,9,0.0,,9,0.0,,0
105,shared,switch,exposed,similarity,9,0.0,,9,0.0,,0
105,shared,switch,exposed,value_profile,8,1.0,2.0,9,0.0,,0
105,shared,switch,holdout,association_only,9,0.0,,9,0.0,,0
105,shared,switch,holdout,clustering,9,0.0,,9,0.0,,0
105,shared,switch,holdout,competing_models,9,0.0,,9,0.0,,0
105,shared,switch,holdout,context_oracle,9,0.0,,9,0.0,,0
105,shared,switch,holdout,delta_only,8,1.0,2.0,9,0.0,,0
105,shared,switch,holdout,frequency,9,0.0,,9,0.0,,0
105,shared,switch,holdout,mdi,9,0.0,,9,0.0,,0
105,shared,switch,holdout,mdi_decay0,9,0.0,,9,0.0,,0
105,shared,switch,holdout,mdi_decay020,9,0.0,,9,0.0,,0
105,shared,switch,holdout,mdi_no_novelty,9,0.0,,9,0.0,,0
105,shared,switch,holdout,mdi_original,9,0.0,,9,0.0,,0
105,shared,switch,holdout,mdi_reset,9,0.0,,9,0.0,,0
105,shared,switch,holdout,mdi_with_delta,9,0.0,,9,0.0,,0
105,shared,switch,holdout,predicate_match,8,1.0,2.0,8,1.0,2.0,0
105,shared,switch,holdout,random,9,0.0,,9,0.0,,0
105,shared,switch,holdout,recurrence,9,0.0,,9,0.0,,0
105,shared,switch,holdout,similarity,9,0.0,,9,0.0,,0
105,shared,switch,holdout,value_profile,9,0.0,,9,0.0,,0
105,structural,ambiguous,exposed,association_only,6,1.0,0.0,6,1.0,0.0,2
105,structural,ambiguous,exposed,clustering,9,0.0,,9,0.0,,0
105,structural,ambiguous,exposed,competing_models,6,1.0,0.0,6,1.0,0.0,2
105,structural,ambiguous,exposed,context_oracle,0,1.0,-6.0,9,0.0,,8
105,structural,ambiguous,exposed,delta_only,6,1.0,0.0,9,0.0,,2
105,structural,ambiguous,exposed,frequency,9,0.0,,9,0.0,,0
105,structural,ambiguous,exposed,mdi,6,1.0,0.0,6,1.0,0.0,2
105,structural,ambiguous,exposed,mdi_decay0,6,1.0,0.0,7,1.0,1.0,2
105,structural,ambiguous,exposed,mdi_decay020,6,1.0,0.0,6,1.0,0.0,2
105,structural,ambiguous,exposed,mdi_no_novelty,6,1.0,0.0,6,1.0,0.0,2
105,structural,ambiguous,exposed,mdi_original,6,1.0,0.0,6,1.0,0.0,2
105,structural,ambiguous,exposed,mdi_reset,9,0.0,,9,0.0,,0
105,structural,ambiguous,exposed,mdi_with_delta,6,1.0,0.0,9,0.0,,2
105,structural,ambiguous,exposed,predicate_match,6,1.0,0.0,9,0.0,,2
105,structural,ambiguous,exposed,random,9,0.0,,9,0.0,,0
105,structural,ambiguous,exposed,recurrence,7,1.0,1.0,9,0.0,,1
105,structural,ambiguous,exposed,similarity,9,0.0,,9,0.0,,0
105,structural,ambiguous,exposed,value_profile,6,1.0,0.0,6,1.0,0.0,2
105,structural,ambiguous,holdout,association_only,6,1.0,0.0,6,1.0,0.0,2
105,structural,ambiguous,holdout,clustering,9,0.0,,9,0.0,,0
105,structural,ambiguous,holdout,competing_models,6,1.0,0.0,6,1.0,0.0,2
105,structural,ambiguous,holdout,context_oracle,0,1.0,-6.0,9,0.0,,8
105,structural,ambiguous,holdout,delta_only,6,1.0,0.0,9,0.0,,2
105,structural,ambiguous,holdout,frequency,9,0.0,,9,0.0,,0
105,structural,ambiguous,holdout,mdi,6,1.0,0.0,6,1.0,0.0,2
105,structural,ambiguous,holdout,mdi_decay0,6,1.0,0.0,6,1.0,0.0,2
105,structural,ambiguous,holdout,mdi_decay020,6,1.0,0.0,6,1.0,0.0,2
105,structural,ambiguous,holdout,mdi_no_novelty,6,1.0,0.0,6,1.0,0.0,2
105,structural,ambiguous,holdout,mdi_original,6,1.0,0.0,7,1.0,1.0,2
105,structural,ambiguous,holdout,mdi_reset,9,0.0,,9,0.0,,0
105,structural,ambiguous,holdout,mdi_with_delta,9,0.0,,9,0.0,,0
105,structural,ambiguous,holdout,predicate_match,6,1.0,0.0,9,0.0,,2
105,structural,ambiguous,holdout,random,9,0.0,,9,0.0,,0
105,structural,ambiguous,holdout,recurrence,9,0.0,,9,0.0,,0
105,structural,ambiguous,holdout,similarity,9,0.0,,9,0.0,,0
105,structural,ambiguous,holdout,value_profile,6,1.0,0.0,6,1.0,0.0,2
105,structural,clear,exposed,association_only,2,1.0,0.0,2,1.0,0.0,6
105,structural,clear,exposed,clustering,9,0.0,,9,0.0,,0
105,structural,clear,exposed,competing_models,2,1.0,0.0,2,1.0,0.0,6
105,structural,clear,exposed,context_oracle,0,1.0,-2.0,9,0.0,,8
105,structural,clear,exposed,delta_only,2,1.0,0.0,9,0.0,,6
105,structural,clear,exposed,frequency,9,0.0,,9,0.0,,0
105,structural,clear,exposed,mdi,2,1.0,0.0,2,1.0,0.0,6
105,structural,clear,exposed,mdi_decay0,2,1.0,0.0,2,1.0,0.0,6
105,structural,clear,exposed,mdi_decay020,2,1.0,0.0,2,1.0,0.0,6
105,structural,clear,exposed,mdi_no_novelty,2,1.0,0.0,2,1.0,0.0,6
105,structural,clear,exposed,mdi_original,2,1.0,0.0,2,1.0,0.0,6
105,structural,clear,exposed,mdi_reset,9,0.0,,9,0.0,,0
105,structural,clear,exposed,mdi_with_delta,2,1.0,0.0,2,1.0,0.0,6
105,structural,clear,exposed,predicate_match,2,1.0,0.0,5,1.0,3.0,6
105,structural,clear,exposed,random,9,0.0,,9,0.0,,0
105,structural,clear,exposed,recurrence,2,1.0,0.0,8,1.0,6.0,6
105,structural,clear,exposed,similarity,9,0.0,,9,0.0,,0
105,structural,clear,exposed,value_profile,2,1.0,0.0,2,1.0,0.0,6
105,structural,clear,holdout,association_only,2,1.0,0.0,2,1.0,0.0,6
105,structural,clear,holdout,clustering,9,0.0,,9,0.0,,0
105,structural,clear,holdout,competing_models,2,1.0,0.0,2,1.0,0.0,6
105,structural,clear,holdout,context_oracle,0,1.0,-2.0,9,0.0,,8
105,structural,clear,holdout,delta_only,2,1.0,0.0,9,0.0,,6
105,structural,clear,holdout,frequency,9,0.0,,9,0.0,,0
105,structural,clear,holdout,mdi,2,1.0,0.0,2,1.0,0.0,6
105,structural,clear,holdout,mdi_decay0,2,1.0,0.0,2,1.0,0.0,6
105,structural,clear,holdout,mdi_decay020,2,1.0,0.0,2,1.0,0.0,6
105,structural,clear,holdout,mdi_no_novelty,2,1.0,0.0,2,1.0,0.0,6
105,structural,clear,holdout,mdi_original,2,1.0,0.0,2,1.0,0.0,6
105,structural,clear,holdout,mdi_reset,9,0.0,,9,0.0,,0
105,structural,clear,holdout,mdi_with_delta,2,1.0,0.0,2,1.0,0.0,6
105,structural,clear,holdout,predicate_match,2,1.0,0.0,5,1.0,3.0,6
105,structural,clear,holdout,random,9,0.0,,9,0.0,,0
105,structural,clear,holdout,recurrence,9,0.0,,9,0.0,,0
105,structural,clear,holdout,similarity,9,0.0,,9,0.0,,0
105,structural,clear,holdout,value_profile,2,1.0,0.0,2,1.0,0.0,6
105,structural,detour,exposed,association_only,2,1.0,0.0,2,1.0,0.0,6
105,structural,detour,exposed,clustering,9,0.0,,9,0.0,,0
105,structural,detour,exposed,competing_models,2,1.0,0.0,2,1.0,0.0,6
105,structural,detour,exposed,context_oracle,0,1.0,-2.0,9,0.0,,8
105,structural,detour,exposed,delta_only,2,1.0,0.0,9,0.0,,6
105,structural,detour,exposed,frequency,9,0.0,,9,0.0,,0
105,structural,detour,exposed,mdi,2,1.0,0.0,2,1.0,0.0,6
105,structural,detour,exposed,mdi_decay0,2,1.0,0.0,2,1.0,0.0,6
105,structural,detour,exposed,mdi_decay020,2,1.0,0.0,8,1.0,6.0,6
105,structural,detour,exposed,mdi_no_novelty,2,1.0,0.0,2,1.0,0.0,6
105,structural,detour,exposed,mdi_original,2,1.0,0.0,9,0.0,,6
105,structural,detour,exposed,mdi_reset,9,0.0,,9,0.0,,0
105,structural,detour,exposed,mdi_with_delta,2,1.0,0.0,9,0.0,,6
105,structural,detour,exposed,predicate_match,2,1.0,0.0,3,1.0,1.0,6
105,structural,detour,exposed,random,9,0.0,,9,0.0,,0
105,structural,detour,exposed,recurrence,2,1.0,0.0,9,0.0,,6
105,structural,detour,exposed,similarity,9,0.0,,9,0.0,,0
105,structural,detour,exposed,value_profile,2,1.0,0.0,2,1.0,0.0,6
105,structural,detour,holdout,association_only,2,1.0,0.0,2,1.0,0.0,6
105,structural,detour,holdout,clustering,9,0.0,,9,0.0,,0
105,structural,detour,holdout,competing_models,2,1.0,0.0,2,1.0,0.0,6
105,structural,detour,holdout,context_oracle,0,1.0,-2.0,9,0.0,,8
105,structural,detour,holdout,delta_only,2,1.0,0.0,9,0.0,,6
105,structural,detour,holdout,frequency,9,0.0,,9,0.0,,0
105,structural,detour,holdout,mdi,2,1.0,0.0,2,1.0,0.0,6
105,structural,detour,holdout,mdi_decay0,2,1.0,0.0,2,1.0,0.0,6
105,structural,detour,holdout,mdi_decay020,2,1.0,0.0,2,1.0,0.0,6
105,structural,detour,holdout,mdi_no_novelty,2,1.0,0.0,2,1.0,0.0,6
105,structural,detour,holdout,mdi_original,2,1.0,0.0,8,1.0,6.0,6
105,structural,detour,holdout,mdi_reset,9,0.0,,9,0.0,,0
105,structural,detour,holdout,mdi_with_delta,9,0.0,,9,0.0,,0
105,structural,detour,holdout,predicate_match,2,1.0,0.0,3,1.0,1.0,6
105,structural,detour,holdout,random,9,0.0,,9,0.0,,0
105,structural,detour,holdout,recurrence,9,0.0,,9,0.0,,0
105,structural,detour,holdout,similarity,9,0.0,,9,0.0,,0
105,structural,detour,holdout,value_profile,2,1.0,0.0,2,1.0,0.0,6
105,structural,null,exposed,association_only,9,0.0,,9,0.0,,0
105,structural,null,exposed,clustering,9,0.0,,9,0.0,,0
105,structural,null,exposed,competing_models,9,0.0,,9,0.0,,0
105,structural,null,exposed,context_oracle,0,1.0,,9,0.0,,8
105,structural,null,exposed,delta_only,9,0.0,,9,0.0,,0
105,structural,null,exposed,frequency,9,0.0,,9,0.0,,0
105,structural,null,exposed,mdi,9,0.0,,9,0.0,,0
105,structural,null,exposed,mdi_decay0,9,0.0,,9,0.0,,0
105,structural,null,exposed,mdi_decay020,9,0.0,,9,0.0,,0
105,structural,null,exposed,mdi_no_novelty,9,0.0,,9,0.0,,0
105,structural,null,exposed,mdi_original,9,0.0,,9,0.0,,0
105,structural,null,exposed,mdi_reset,9,0.0,,9,0.0,,0
105,structural,null,exposed,mdi_with_delta,9,0.0,,9,0.0,,0
105,structural,null,exposed,predicate_match,9,0.0,,9,0.0,,0
105,structural,null,exposed,random,9,0.0,,9,0.0,,0
105,structural,null,exposed,recurrence,9,0.0,,9,0.0,,0
105,structural,null,exposed,similarity,9,0.0,,9,0.0,,0
105,structural,null,exposed,value_profile,9,0.0,,9,0.0,,0
105,structural,null,holdout,association_only,9,0.0,,9,0.0,,0
105,structural,null,holdout,clustering,9,0.0,,9,0.0,,0
105,structural,null,holdout,competing_models,9,0.0,,9,0.0,,0
105,structural,null,holdout,context_oracle,0,1.0,,9,0.0,,8
105,structural,null,holdout,delta_only,9,0.0,,9,0.0,,0
105,structural,null,holdout,frequency,9,0.0,,9,0.0,,0
105,structural,null,holdout,mdi,9,0.0,,9,0.0,,0
105,structural,null,holdout,mdi_decay0,9,0.0,,9,0.0,,0
105,structural,null,holdout,mdi_decay020,9,0.0,,9,0.0,,0
105,structural,null,holdout,mdi_no_novelty,9,0.0,,9,0.0,,0
105,structural,null,holdout,mdi_original,9,0.0,,9,0.0,,0
105,structural,null,holdout,mdi_reset,9,0.0,,9,0.0,,0
105,structural,null,holdout,mdi_with_delta,9,0.0,,9,0.0,,0
105,structural,null,holdout,predicate_match,9,0.0,,9,0.0,,0
105,structural,null,holdout,random,9,0.0,,9,0.0,,0
105,structural,null,holdout,recurrence,9,0.0,,9,0.0,,0
105,structural,null,holdout,similarity,9,0.0,,9,0.0,,0
105,structural,null,holdout,value_profile,9,0.0,,9,0.0,,0
105,structural,switch,exposed,association_only,8,1.0,3.0,8,1.0,3.0,0
105,structural,switch,exposed,clustering,9,0.0,,9,0.0,,0
105,structural,switch,exposed,competing_models,7,1.0,2.0,7,1.0,2.0,1
105,structural,switch,exposed,context_oracle,0,1.0,-5.0,9,0.0,,8
105,structural,switch,exposed,delta_only,9,0.0,,9,0.0,,0
105,structural,switch,exposed,frequency,9,0.0,,9,0.0,,0
105,structural,switch,exposed,mdi,7,1.0,2.0,8,1.0,3.0,1
105,structural,switch,exposed,mdi_decay0,8,1.0,3.0,8,1.0,3.0,0
105,structural,switch,exposed,mdi_decay020,6,1.0,1.0,6,1.0,1.0,2
105,structural,switch,exposed,mdi_no_novelty,8,1.0,3.0,8,1.0,3.0,0
105,structural,switch,exposed,mdi_original,8,1.0,3.0,8,1.0,3.0,0
105,structural,switch,exposed,mdi_reset,9,0.0,,9,0.0,,0
105,structural,switch,exposed,mdi_with_delta,9,0.0,,9,0.0,,0
105,structural,switch,exposed,predicate_match,8,1.0,3.0,8,1.0,3.0,0
105,structural,switch,exposed,random,9,0.0,,9,0.0,,0
105,structural,switch,exposed,recurrence,8,1.0,3.0,9,0.0,,0
105,structural,switch,exposed,similarity,9,0.0,,9,0.0,,0
105,structural,switch,exposed,value_profile,8,1.0,3.0,8,1.0,3.0,0
105,structural,switch,holdout,association_only,7,1.0,2.0,9,0.0,,1
105,structural,switch,holdout,clustering,9,0.0,,9,0.0,,0
105,structural,switch,holdout,competing_models,7,1.0,2.0,7,1.0,2.0,1
105,structural,switch,holdout,context_oracle,0,1.0,-5.0,9,0.0,,8
105,structural,switch,holdout,delta_only,9,0.0,,9,0.0,,0
105,structural,switch,holdout,frequency,9,0.0,,9,0.0,,0
105,structural,switch,holdout,mdi,7,1.0,2.0,8,1.0,3.0,1
105,structural,switch,holdout,mdi_decay0,8,1.0,3.0,8,1.0,3.0,0
105,structural,switch,holdout,mdi_decay020,6,1.0,1.0,7,1.0,2.0,2
105,structural,switch,holdout,mdi_no_novelty,7,1.0,2.0,8,1.0,3.0,1
105,structural,switch,holdout,mdi_original,8,1.0,3.0,9,0.0,,0
105,structural,switch,holdout,mdi_reset,9,0.0,,9,0.0,,0
105,structural,switch,holdout,mdi_with_delta,9,0.0,,9,0.0,,0
105,structural,switch,holdout,predicate_match,8,1.0,3.0,8,1.0,3.0,0
105,structural,switch,holdout,random,9,0.0,,9,0.0,,0
105,structural,switch,holdout,recurrence,9,0.0,,9,0.0,,0
105,structural,switch,holdout,similarity,9,0.0,,9,0.0,,0
105,structural,switch,holdout,value_profile,8,1.0,3.0,8,1.0,3.0,0
106,compositional,ambiguous,exposed,association_only,6,1.0,0.0,6,1.0,0.0,2
106,compositional,ambiguous,exposed,clustering,9,0.0,,9,0.0,,0
106,compositional,ambiguous,exposed,competing_models,6,1.0,0.0,8,1.0,2.0,2
106,compositional,ambiguous,exposed,context_oracle,0,1.0,-6.0,9,0.0,,8
106,compositional,ambiguous,exposed,delta_only,6,1.0,0.0,9,0.0,,2
106,compositional,ambiguous,exposed,frequency,9,0.0,,9,0.0,,0
106,compositional,ambiguous,exposed,mdi,6,1.0,0.0,6,1.0,0.0,2
106,compositional,ambiguous,exposed,mdi_decay0,6,1.0,0.0,7,1.0,1.0,2
106,compositional,ambiguous,exposed,mdi_decay020,6,1.0,0.0,6,1.0,0.0,2
106,compositional,ambiguous,exposed,mdi_no_novelty,6,1.0,0.0,6,1.0,0.0,2
106,compositional,ambiguous,exposed,mdi_original,6,1.0,0.0,6,1.0,0.0,2
106,compositional,ambiguous,exposed,mdi_reset,9,0.0,,9,0.0,,0
106,compositional,ambiguous,exposed,mdi_with_delta,6,1.0,0.0,8,1.0,2.0,2
106,compositional,ambiguous,exposed,predicate_match,6,1.0,0.0,7,1.0,1.0,2
106,compositional,ambiguous,exposed,random,9,0.0,,9,0.0,,0
106,compositional,ambiguous,exposed,recurrence,6,1.0,0.0,9,0.0,,2
106,compositional,ambiguous,exposed,similarity,9,0.0,,9,0.0,,0
106,compositional,ambiguous,exposed,value_profile,6,1.0,0.0,8,1.0,2.0,2
106,compositional,ambiguous,holdout,association_only,6,1.0,0.0,6,1.0,0.0,2
106,compositional,ambiguous,holdout,clustering,9,0.0,,9,0.0,,0
106,compositional,ambiguous,holdout,competing_models,6,1.0,0.0,8,1.0,2.0,2
106,compositional,ambiguous,holdout,context_oracle,0,1.0,-6.0,9,0.0,,8
106,compositional,ambiguous,holdout,delta_only,6,1.0,0.0,9,0.0,,2
106,compositional,ambiguous,holdout,frequency,9,0.0,,9,0.0,,0
106,compositional,ambiguous,holdout,mdi,6,1.0,0.0,6,1.0,0.0,2
106,compositional,ambiguous,holdout,mdi_decay0,6,1.0,0.0,6,1.0,0.0,2
106,compositional,ambiguous,holdout,mdi_decay020,6,1.0,0.0,6,1.0,0.0,2
106,compositional,ambiguous,holdout,mdi_no_novelty,6,1.0,0.0,6,1.0,0.0,2
106,compositional,ambiguous,holdout,mdi_original,6,1.0,0.0,6,1.0,0.0,2
106,compositional,ambiguous,holdout,mdi_reset,9,0.0,,9,0.0,,0
106,compositional,ambiguous,holdout,mdi_with_delta,6,1.0,0.0,8,1.0,2.0,2
106,compositional,ambiguous,holdout,predicate_match,6,1.0,0.0,7,1.0,1.0,2
106,compositional,ambiguous,holdout,random,9,0.0,,9,0.0,,0
106,compositional,ambiguous,holdout,recurrence,9,0.0,,9,0.0,,0
106,compositional,ambiguous,holdout,similarity,9,0.0,,9,0.0,,0
106,compositional,ambiguous,holdout,value_profile,6,1.0,0.0,7,1.0,1.0,2
106,compositional,clear,exposed,association_only,2,1.0,0.0,4,1.0,2.0,6
106,compositional,clear,exposed,clustering,9,0.0,,9,0.0,,0
106,compositional,clear,exposed,competing_models,3,1.0,1.0,6,1.0,4.0,5
106,compositional,clear,exposed,context_oracle,0,1.0,-2.0,9,0.0,,8
106,compositional,clear,exposed,delta_only,6,1.0,4.0,9,0.0,,2
106,compositional,clear,exposed,frequency,9,0.0,,9,0.0,,0
106,compositional,clear,exposed,mdi,2,1.0,0.0,4,1.0,2.0,6
106,compositional,clear,exposed,mdi_decay0,2,1.0,0.0,4,1.0,2.0,6
106,compositional,clear,exposed,mdi_decay020,2,1.0,0.0,4,1.0,2.0,6
106,compositional,clear,exposed,mdi_no_novelty,2,1.0,0.0,4,1.0,2.0,6
106,compositional,clear,exposed,mdi_original,2,1.0,0.0,4,1.0,2.0,6
106,compositional,clear,exposed,mdi_reset,9,0.0,,9,0.0,,0
106,compositional,clear,exposed,mdi_with_delta,2,1.0,0.0,4,1.0,2.0,6
106,compositional,clear,exposed,predicate_match,2,1.0,0.0,6,1.0,4.0,6
106,compositional,clear,exposed,random,9,0.0,,9,0.0,,0
106,compositional,clear,exposed,recurrence,2,1.0,0.0,9,0.0,,6
106,compositional,clear,exposed,similarity,9,0.0,,9,0.0,,0
106,compositional,clear,exposed,value_profile,3,1.0,1.0,6,1.0,4.0,5
106,compositional,clear,holdout,association_only,2,1.0,0.0,2,1.0,0.0,6
106,compositional,clear,holdout,clustering,9,0.0,,9,0.0,,0
106,compositional,clear,holdout,competing_models,2,1.0,0.0,6,1.0,4.0,6
106,compositional,clear,holdout,context_oracle,0,1.0,-2.0,9,0.0,,8
106,compositional,clear,holdout,delta_only,5,1.0,3.0,9,0.0,,3
106,compositional,clear,holdout,frequency,9,0.0,,9,0.0,,0
106,compositional,clear,holdout,mdi,2,1.0,0.0,3,1.0,1.0,6
106,compositional,clear,holdout,mdi_decay0,2,1.0,0.0,2,1.0,0.0,6
106,compositional,clear,holdout,mdi_decay020,2,1.0,0.0,3,1.0,1.0,6
106,compositional,clear,holdout,mdi_no_novelty,2,1.0,0.0,3,1.0,1.0,6
106,compositional,clear,holdout,mdi_original,2,1.0,0.0,2,1.0,0.0,6
106,compositional,clear,holdout,mdi_reset,9,0.0,,9,0.0,,0
106,compositional,clear,holdout,mdi_with_delta,2,1.0,0.0,4,1.0,2.0,6
106,compositional,clear,holdout,predicate_match,2,1.0,0.0,6,1.0,4.0,6
106,compositional,clear,holdout,random,9,0.0,,9,0.0,,0
106,compositional,clear,holdout,recurrence,9,0.0,,9,0.0,,0
106,compositional,clear,holdout,similarity,9,0.0,,9,0.0,,0
106,compositional,clear,holdout,value_profile,2,1.0,0.0,4,1.0,2.0,6
106,compositional,detour,exposed,association_only,2,1.0,0.0,9,0.0,,6
106,compositional,detour,exposed,clustering,9,0.0,,9,0.0,,0
106,compositional,detour,exposed,competing_models,2,1.0,0.0,9,0.0,,6
106,compositional,detour,exposed,context_oracle,0,1.0,-2.0,9,0.0,,8
106,compositional,detour,exposed,delta_only,9,0.0,,9,0.0,,0
106,compositional,detour,exposed,frequency,9,0.0,,9,0.0,,0
106,compositional,detour,exposed,mdi,2,1.0,0.0,9,0.0,,6
106,compositional,detour,exposed,mdi_decay0,2,1.0,0.0,9,0.0,,6
106,compositional,detour,exposed,mdi_decay020,8,1.0,6.0,9,0.0,,0
106,compositional,detour,exposed,mdi_no_novelty,2,1.0,0.0,9,0.0,,6
106,compositional,detour,exposed,mdi_original,2,1.0,0.0,9,0.0,,6
106,compositional,detour,exposed,mdi_reset,9,0.0,,9,0.0,,0
106,compositional,detour,exposed,mdi_with_delta,2,1.0,0.0,9,0.0,,6
106,compositional,detour,exposed,predicate_match,2,1.0,0.0,9,0.0,,6
106,compositional,detour,exposed,random,9,0.0,,9,0.0,,0
106,compositional,detour,exposed,recurrence,2,1.0,0.0,9,0.0,,6
106,compositional,detour,exposed,similarity,9,0.0,,9,0.0,,0
106,compositional,detour,exposed,value_profile,2,1.0,0.0,9,0.0,,6
106,compositional,detour,holdout,association_only,2,1.0,0.0,9,0.0,,6
106,compositional,detour,holdout,clustering,9,0.0,,9,0.0,,0
106,compositional,detour,holdout,competing_models,2,1.0,0.0,9,0.0,,6
106,compositional,detour,holdout,context_oracle,0,1.0,-2.0,9,0.0,,8
106,compositional,detour,holdout,delta_only,9,0.0,,9,0.0,,0
106,compositional,detour,holdout,frequency,9,0.0,,9,0.0,,0
106,compositional,detour,holdout,mdi,2,1.0,0.0,9,0.0,,6
106,compositional,detour,holdout,mdi_decay0,2,1.0,0.0,9,0.0,,6
106,compositional,detour,holdout,mdi_decay020,2,1.0,0.0,9,0.0,,6
106,compositional,detour,holdout,mdi_no_novelty,2,1.0,0.0,9,0.0,,6
106,compositional,detour,holdout,mdi_original,6,1.0,4.0,9,0.0,,2
106,compositional,detour,holdout,mdi_reset,9,0.0,,9,0.0,,0
106,compositional,detour,holdout,mdi_with_delta,2,1.0,0.0,9,0.0,,6
106,compositional,detour,holdout,predicate_match,2,1.0,0.0,9,0.0,,6
106,compositional,detour,holdout,random,9,0.0,,9,0.0,,0
106,compositional,detour,holdout,recurrence,9,0.0,,9,0.0,,0
106,compositional,detour,holdout,similarity,9,0.0,,9,0.0,,0
106,compositional,detour,holdout,value_profile,2,1.0,0.0,9,0.0,,6
106,compositional,null,exposed,association_only,9,0.0,,9,0.0,,0
106,compositional,null,exposed,clustering,9,0.0,,9,0.0,,0
106,compositional,null,exposed,competing_models,9,0.0,,9,0.0,,0
106,compositional,null,exposed,context_oracle,0,1.0,,9,0.0,,8
106,compositional,null,exposed,delta_only,9,0.0,,9,0.0,,0
106,compositional,null,exposed,frequency,9,0.0,,9,0.0,,0
106,compositional,null,exposed,mdi,9,0.0,,9,0.0,,0
106,compositional,null,exposed,mdi_decay0,9,0.0,,9,0.0,,0
106,compositional,null,exposed,mdi_decay020,9,0.0,,9,0.0,,0
106,compositional,null,exposed,mdi_no_novelty,9,0.0,,9,0.0,,0
106,compositional,null,exposed,mdi_original,9,0.0,,9,0.0,,0
106,compositional,null,exposed,mdi_reset,9,0.0,,9,0.0,,0
106,compositional,null,exposed,mdi_with_delta,9,0.0,,9,0.0,,0
106,compositional,null,exposed,predicate_match,9,0.0,,9,0.0,,0
106,compositional,null,exposed,random,9,0.0,,9,0.0,,0
106,compositional,null,exposed,recurrence,9,0.0,,9,0.0,,0
106,compositional,null,exposed,similarity,9,0.0,,9,0.0,,0
106,compositional,null,exposed,value_profile,9,0.0,,9,0.0,,0
106,compositional,null,holdout,association_only,9,0.0,,9,0.0,,0
106,compositional,null,holdout,clustering,9,0.0,,9,0.0,,0
106,compositional,null,holdout,competing_models,9,0.0,,9,0.0,,0
106,compositional,null,holdout,context_oracle,0,1.0,,9,0.0,,8
106,compositional,null,holdout,delta_only,9,0.0,,9,0.0,,0
106,compositional,null,holdout,frequency,9,0.0,,9,0.0,,0
106,compositional,null,holdout,mdi,9,0.0,,9,0.0,,0
106,compositional,null,holdout,mdi_decay0,9,0.0,,9,0.0,,0
106,compositional,null,holdout,mdi_decay020,9,0.0,,9,0.0,,0
106,compositional,null,holdout,mdi_no_novelty,9,0.0,,9,0.0,,0
106,compositional,null,holdout,mdi_original,9,0.0,,9,0.0,,0
106,compositional,null,holdout,mdi_reset,9,0.0,,9,0.0,,0
106,compositional,null,holdout,mdi_with_delta,9,0.0,,9,0.0,,0
106,compositional,null,holdout,predicate_match,9,0.0,,9,0.0,,0
106,compositional,null,holdout,random,9,0.0,,9,0.0,,0
106,compositional,null,holdout,recurrence,9,0.0,,9,0.0,,0
106,compositional,null,holdout,similarity,9,0.0,,9,0.0,,0
106,compositional,null,holdout,value_profile,9,0.0,,9,0.0,,0
106,compositional,switch,exposed,association_only,8,1.0,3.0,8,1.0,3.0,0
106,compositional,switch,exposed,clustering,9,0.0,,9,0.0,,0
106,compositional,switch,exposed,competing_models,7,1.0,2.0,7,1.0,2.0,1
106,compositional,switch,exposed,context_oracle,0,1.0,-5.0,9,0.0,,8
106,compositional,switch,exposed,delta_only,9,0.0,,9,0.0,,0
106,compositional,switch,exposed,frequency,9,0.0,,9,0.0,,0
106,compositional,switch,exposed,mdi,7,1.0,2.0,7,1.0,2.0,1
106,compositional,switch,exposed,mdi_decay0,8,1.0,3.0,8,1.0,3.0,0
106,compositional,switch,exposed,mdi_decay020,6,1.0,1.0,7,1.0,2.0,2
106,compositional,switch,exposed,mdi_no_novelty,7,1.0,2.0,8,1.0,3.0,1
106,compositional,switch,exposed,mdi_original,8,1.0,3.0,9,0.0,,0
106,compositional,switch,exposed,mdi_reset,9,0.0,,9,0.0,,0
106,compositional,switch,exposed,mdi_with_delta,8,1.0,3.0,9,0.0,,0
106,compositional,switch,exposed,predicate_match,7,1.0,2.0,7,1.0,2.0,1
106,compositional,switch,exposed,random,9,0.0,,9,0.0,,0
106,compositional,switch,exposed,recurrence,9,0.0,,9,0.0,,0
106,compositional,switch,exposed,similarity,9,0.0,,9,0.0,,0
106,compositional,switch,exposed,value_profile,7,1.0,2.0,7,1.0,2.0,1
106,compositional,switch,holdout,association_only,8,1.0,3.0,9,0.0,,0
106,compositional,switch,holdout,clustering,9,0.0,,9,0.0,,0
106,compositional,switch,holdout,competing_models,7,1.0,2.0,7,1.0,2.0,1
106,compositional,switch,holdout,context_oracle,0,1.0,-5.0,9,0.0,,8
106,compositional,switch,holdout,delta_only,9,0.0,,9,0.0,,0
106,compositional,switch,holdout,frequency,9,0.0,,9,0.0,,0
106,compositional,switch,holdout,mdi,7,1.0,2.0,8,1.0,3.0,1
106,compositional,switch,holdout,mdi_decay0,8,1.0,3.0,9,0.0,,0
106,compositional,switch,holdout,mdi_decay020,6,1.0,1.0,7,1.0,2.0,2
106,compositional,switch,holdout,mdi_no_novelty,7,1.0,2.0,8,1.0,3.0,1
106,compositional,switch,holdout,mdi_original,9,0.0,,9,0.0,,0
106,compositional,switch,holdout,mdi_reset,9,0.0,,9,0.0,,0
106,compositional,switch,holdout,mdi_with_delta,8,1.0,3.0,9,0.0,,0
106,compositional,switch,holdout,predicate_match,7,1.0,2.0,7,1.0,2.0,1
106,compositional,switch,holdout,random,9,0.0,,9,0.0,,0
106,compositional,switch,holdout,recurrence,9,0.0,,9,0.0,,0
106,compositional,switch,holdout,similarity,9,0.0,,9,0.0,,0
106,compositional,switch,holdout,value_profile,7,1.0,2.0,7,1.0,2.0,1
106,distributional,ambiguous,exposed,association_only,6,1.0,0.0,9,0.0,,2
106,distributional,ambiguous,exposed,clustering,9,0.0,,9,0.0,,0
106,distributional,ambiguous,exposed,competing_models,6,1.0,0.0,6,1.0,0.0,2
106,distributional,ambiguous,exposed,context_oracle,0,1.0,-6.0,9,0.0,,8
106,distributional,ambiguous,exposed,delta_only,6,1.0,0.0,9,0.0,,2
106,distributional,ambiguous,exposed,frequency,9,0.0,,9,0.0,,0
106,distributional,ambiguous,exposed,mdi,6,1.0,0.0,9,0.0,,2
106,distributional,ambiguous,exposed,mdi_decay0,6,1.0,0.0,9,0.0,,2
106,distributional,ambiguous,exposed,mdi_decay020,6,1.0,0.0,9,0.0,,2
106,distributional,ambiguous,exposed,mdi_no_novelty,6,1.0,0.0,9,0.0,,2
106,distributional,ambiguous,exposed,mdi_original,9,0.0,,9,0.0,,0
106,distributional,ambiguous,exposed,mdi_reset,9,0.0,,9,0.0,,0
106,distributional,ambiguous,exposed,mdi_with_delta,6,1.0,0.0,9,0.0,,2
106,distributional,ambiguous,exposed,predicate_match,6,1.0,0.0,9,0.0,,2
106,distributional,ambiguous,exposed,random,9,0.0,,9,0.0,,0
106,distributional,ambiguous,exposed,recurrence,6,1.0,0.0,9,0.0,,2
106,distributional,ambiguous,exposed,similarity,9,0.0,,9,0.0,,0
106,distributional,ambiguous,exposed,value_profile,6,1.0,0.0,9,0.0,,2
106,distributional,ambiguous,holdout,association_only,6,1.0,0.0,9,0.0,,2
106,distributional,ambiguous,holdout,clustering,9,0.0,,9,0.0,,0
106,distributional,ambiguous,holdout,competing_models,6,1.0,0.0,7,1.0,1.0,2
106,distributional,ambiguous,holdout,context_oracle,0,1.0,-6.0,9,0.0,,8
106,distributional,ambiguous,holdout,delta_only,6,1.0,0.0,9,0.0,,2
106,distributional,ambiguous,holdout,frequency,9,0.0,,9,0.0,,0
106,distributional,ambiguous,holdout,mdi,6,1.0,0.0,9,0.0,,2
106,distributional,ambiguous,holdout,mdi_decay0,6,1.0,0.0,9,0.0,,2
106,distributional,ambiguous,holdout,mdi_decay020,6,1.0,0.0,9,0.0,,2
106,distributional,ambiguous,holdout,mdi_no_novelty,6,1.0,0.0,9,0.0,,2
106,distributional,ambiguous,holdout,mdi_original,9,0.0,,9,0.0,,0
106,distributional,ambiguous,holdout,mdi_reset,9,0.0,,9,0.0,,0
106,distributional,ambiguous,holdout,mdi_with_delta,6,1.0,0.0,9,0.0,,2
106,distributional,ambiguous,holdout,predicate_match,6,1.0,0.0,9,0.0,,2
106,distributional,ambiguous,holdout,random,9,0.0,,9,0.0,,0
106,distributional,ambiguous,holdout,recurrence,9,0.0,,9,0.0,,0
106,distributional,ambiguous,holdout,similarity,9,0.0,,9,0.0,,0
106,distributional,ambiguous,holdout,value_profile,6,1.0,0.0,9,0.0,,2
106,distributional,clear,exposed,association_only,2,1.0,0.0,2,1.0,0.0,6
106,distributional,clear,exposed,clustering,9,0.0,,9,0.0,,0
106,distributional,clear,exposed,competing_models,2,1.0,0.0,2,1.0,0.0,6
106,distributional,clear,exposed,context_oracle,0,1.0,-2.0,9,0.0,,8
106,distributional,clear,exposed,delta_only,3,1.0,1.0,9,0.0,,5
106,distributional,clear,exposed,frequency,9,0.0,,9,0.0,,0
106,distributional,clear,exposed,mdi,2,1.0,0.0,2,1.0,0.0,6
106,distributional,clear,exposed,mdi_decay0,2,1.0,0.0,2,1.0,0.0,6
106,distributional,clear,exposed,mdi_decay020,2,1.0,0.0,2,1.0,0.0,6
106,distributional,clear,exposed,mdi_no_novelty,2,1.0,0.0,2,1.0,0.0,6
106,distributional,clear,exposed,mdi_original,9,0.0,,9,0.0,,0
106,distributional,clear,exposed,mdi_reset,9,0.0,,9,0.0,,0
106,distributional,clear,exposed,mdi_with_delta,2,1.0,0.0,2,1.0,0.0,6
106,distributional,clear,exposed,predicate_match,2,1.0,0.0,5,1.0,3.0,6
106,distributional,clear,exposed,random,9,0.0,,9,0.0,,0
106,distributional,clear,exposed,recurrence,2,1.0,0.0,5,1.0,3.0,6
106,distributional,clear,exposed,similarity,9,0.0,,9,0.0,,0
106,distributional,clear,exposed,value_profile,2,1.0,0.0,2,1.0,0.0,6
106,distributional,clear,holdout,association_only,2,1.0,0.0,2,1.0,0.0,6
106,distributional,clear,holdout,clustering,9,0.0,,9,0.0,,0
106,distributional,clear,holdout,competing_models,2,1.0,0.0,2,1.0,0.0,6
106,distributional,clear,holdout,context_oracle,0,1.0,-2.0,9,0.0,,8
106,distributional,clear,holdout,delta_only,3,1.0,1.0,7,1.0,5.0,5
106,distributional,clear,holdout,frequency,9,0.0,,9,0.0,,0
106,distributional,clear,holdout,mdi,2,1.0,0.0,2,1.0,0.0,6
106,distributional,clear,holdout,mdi_decay0,2,1.0,0.0,2,1.0,0.0,6
106,distributional,clear,holdout,mdi_decay020,2,1.0,0.0,2,1.0,0.0,6
106,distributional,clear,holdout,mdi_no_novelty,2,1.0,0.0,2,1.0,0.0,6
106,distributional,clear,holdout,mdi_original,9,0.0,,9,0.0,,0
106,distributional,clear,holdout,mdi_reset,9,0.0,,9,0.0,,0
106,distributional,clear,holdout,mdi_with_delta,2,1.0,0.0,2,1.0,0.0,6
106,distributional,clear,holdout,predicate_match,2,1.0,0.0,5,1.0,3.0,6
106,distributional,clear,holdout,random,9,0.0,,9,0.0,,0
106,distributional,clear,holdout,recurrence,9,0.0,,9,0.0,,0
106,distributional,clear,holdout,similarity,9,0.0,,9,0.0,,0
106,distributional,clear,holdout,value_profile,2,1.0,0.0,2,1.0,0.0,6
106,distributional,detour,exposed,association_only,2,1.0,0.0,2,1.0,0.0,6
106,distributional,detour,exposed,clustering,9,0.0,,9,0.0,,0
106,distributional,detour,exposed,competing_models,2,1.0,0.0,2,1.0,0.0,6
106,distributional,detour,exposed,context_oracle,0,1.0,-2.0,9,0.0,,8
106,distributional,detour,exposed,delta_only,3,1.0,1.0,9,0.0,,5
106,distributional,detour,exposed,frequency,9,0.0,,9,0.0,,0
106,distributional,detour,exposed,mdi,2,1.0,0.0,2,1.0,0.0,6
106,distributional,detour,exposed,mdi_decay0,2,1.0,0.0,2,1.0,0.0,6
106,distributional,detour,exposed,mdi_decay020,2,1.0,0.0,8,1.0,6.0,6
106,distributional,detour,exposed,mdi_no_novelty,2,1.0,0.0,2,1.0,0.0,6
106,distributional,detour,exposed,mdi_original,9,0.0,,9,0.0,,0
106,distributional,detour,exposed,mdi_reset,9,0.0,,9,0.0,,0
106,distributional,detour,exposed,mdi_with_delta,2,1.0,0.0,9,0.0,,6
106,distributional,detour,exposed,predicate_match,2,1.0,0.0,3,1.0,1.0,6
106,distributional,detour,exposed,random,9,0.0,,9,0.0,,0
106,distributional,detour,exposed,recurrence,2,1.0,0.0,9,0.0,,6
106,distributional,detour,exposed,similarity,9,0.0,,9,0.0,,0
106,distributional,detour,exposed,value_profile,2,1.0,0.0,2,1.0,0.0,6
106,distributional,detour,holdout,association_only,2,1.0,0.0,2,1.0,0.0,6
106,distributional,detour,holdout,clustering,9,0.0,,9,0.0,,0
106,distributional,detour,holdout,competing_models,2,1.0,0.0,2,1.0,0.0,6
106,distributional,detour,holdout,context_oracle,0,1.0,-2.0,9,0.0,,8
106,distributional,detour,holdout,delta_only,3,1.0,1.0,9,0.0,,5
106,distributional,detour,holdout,frequency,9,0.0,,9,0.0,,0
106,distributional,detour,holdout,mdi,2,1.0,0.0,2,1.0,0.0,6
106,distributional,detour,holdout,mdi_decay0,2,1.0,0.0,2,1.0,0.0,6
106,distributional,detour,holdout,mdi_decay020,2,1.0,0.0,2,1.0,0.0,6
106,distributional,detour,holdout,mdi_no_novelty,2,1.0,0.0,2,1.0,0.0,6
106,distributional,detour,holdout,mdi_original,9,0.0,,9,0.0,,0
106,distributional,detour,holdout,mdi_reset,9,0.0,,9,0.0,,0
106,distributional,detour,holdout,mdi_with_delta,2,1.0,0.0,9,0.0,,6
106,distributional,detour,holdout,predicate_match,2,1.0,0.0,3,1.0,1.0,6
106,distributional,detour,holdout,random,9,0.0,,9,0.0,,0
106,distributional,detour,holdout,recurrence,9,0.0,,9,0.0,,0
106,distributional,detour,holdout,similarity,9,0.0,,9,0.0,,0
106,distributional,detour,holdout,value_profile,2,1.0,0.0,2,1.0,0.0,6
106,distributional,null,exposed,association_only,9,0.0,,9,0.0,,0
106,distributional,null,exposed,clustering,9,0.0,,9,0.0,,0
106,distributional,null,exposed,competing_models,9,0.0,,9,0.0,,0
106,distributional,null,exposed,context_oracle,0,1.0,,9,0.0,,8
106,distributional,null,exposed,delta_only,9,0.0,,9,0.0,,0
106,distributional,null,exposed,frequency,9,0.0,,9,0.0,,0
106,distributional,null,exposed,mdi,9,0.0,,9,0.0,,0
106,distributional,null,exposed,mdi_decay0,9,0.0,,9,0.0,,0
106,distributional,null,exposed,mdi_decay020,9,0.0,,9,0.0,,0
106,distributional,null,exposed,mdi_no_novelty,9,0.0,,9,0.0,,0
106,distributional,null,exposed,mdi_original,9,0.0,,9,0.0,,0
106,distributional,null,exposed,mdi_reset,9,0.0,,9,0.0,,0
106,distributional,null,exposed,mdi_with_delta,9,0.0,,9,0.0,,0
106,distributional,null,exposed,predicate_match,9,0.0,,9,0.0,,0
106,distributional,null,exposed,random,9,0.0,,9,0.0,,0
106,distributional,null,exposed,recurrence,9,0.0,,9,0.0,,0
106,distributional,null,exposed,similarity,9,0.0,,9,0.0,,0
106,distributional,null,exposed,value_profile,9,0.0,,9,0.0,,0
106,distributional,null,holdout,association_only,9,0.0,,9,0.0,,0
106,distributional,null,holdout,clustering,9,0.0,,9,0.0,,0
106,distributional,null,holdout,competing_models,9,0.0,,9,0.0,,0
106,distributional,null,holdout,context_oracle,0,1.0,,9,0.0,,8
106,distributional,null,holdout,delta_only,9,0.0,,9,0.0,,0
106,distributional,null,holdout,frequency,9,0.0,,9,0.0,,0
106,distributional,null,holdout,mdi,9,0.0,,9,0.0,,0
106,distributional,null,holdout,mdi_decay0,9,0.0,,9,0.0,,0
106,distributional,null,holdout,mdi_decay020,9,0.0,,9,0.0,,0
106,distributional,null,holdout,mdi_no_novelty,9,0.0,,9,0.0,,0
106,distributional,null,holdout,mdi_original,9,0.0,,9,0.0,,0
106,distributional,null,holdout,mdi_reset,9,0.0,,9,0.0,,0
106,distributional,null,holdout,mdi_with_delta,9,0.0,,9,0.0,,0
106,distributional,null,holdout,predicate_match,9,0.0,,9,0.0,,0
106,distributional,null,holdout,random,9,0.0,,9,0.0,,0
106,distributional,null,holdout,recurrence,9,0.0,,9,0.0,,0
106,distributional,null,holdout,similarity,9,0.0,,9,0.0,,0
106,distributional,null,holdout,value_profile,9,0.0,,9,0.0,,0
106,distributional,switch,exposed,association_only,7,1.0,2.0,9,0.0,,1
106,distributional,switch,exposed,clustering,9,0.0,,9,0.0,,0
106,distributional,switch,exposed,competing_models,7,1.0,2.0,7,1.0,2.0,1
106,distributional,switch,exposed,context_oracle,0,1.0,-5.0,9,0.0,,8
106,distributional,switch,exposed,delta_only,9,0.0,,9,0.0,,0
106,distributional,switch,exposed,frequency,9,0.0,,9,0.0,,0
106,distributional,switch,exposed,mdi,7,1.0,2.0,8,1.0,3.0,1
106,distributional,switch,exposed,mdi_decay0,8,1.0,3.0,9,0.0,,0
106,distributional,switch,exposed,mdi_decay020,6,1.0,1.0,9,0.0,,2
106,distributional,switch,exposed,mdi_no_novelty,8,1.0,3.0,8,1.0,3.0,0
106,distributional,switch,exposed,mdi_original,9,0.0,,9,0.0,,0
106,distributional,switch,exposed,mdi_reset,9,0.0,,9,0.0,,0
106,distributional,switch,exposed,mdi_with_delta,8,1.0,3.0,9,0.0,,0
106,distributional,switch,exposed,predicate_match,8,1.0,3.0,8,1.0,3.0,0
106,distributional,switch,exposed,random,9,0.0,,9,0.0,,0
106,distributional,switch,exposed,recurrence,9,0.0,,9,0.0,,0
106,distributional,switch,exposed,similarity,9,0.0,,9,0.0,,0
106,distributional,switch,exposed,value_profile,8,1.0,3.0,8,1.0,3.0,0
106,distributional,switch,holdout,association_only,8,1.0,3.0,8,1.0,3.0,0
106,distributional,switch,holdout,clustering,9,0.0,,9,0.0,,0
106,distributional,switch,holdout,competing_models,7,1.0,2.0,7,1.0,2.0,1
106,distributional,switch,holdout,context_oracle,0,1.0,-5.0,9,0.0,,8
106,distributional,switch,holdout,delta_only,9,0.0,,9,0.0,,0
106,distributional,switch,holdout,frequency,9,0.0,,9,0.0,,0
106,distributional,switch,holdout,mdi,7,1.0,2.0,8,1.0,3.0,1
106,distributional,switch,holdout,mdi_decay0,8,1.0,3.0,8,1.0,3.0,0
106,distributional,switch,holdout,mdi_decay020,6,1.0,1.0,6,1.0,1.0,2
106,distributional,switch,holdout,mdi_no_novelty,7,1.0,2.0,8,1.0,3.0,1
106,distributional,switch,holdout,mdi_original,9,0.0,,9,0.0,,0
106,distributional,switch,holdout,mdi_reset,9,0.0,,9,0.0,,0
106,distributional,switch,holdout,mdi_with_delta,9,0.0,,9,0.0,,0
106,distributional,switch,holdout,predicate_match,8,1.0,3.0,8,1.0,3.0,0
106,distributional,switch,holdout,random,9,0.0,,9,0.0,,0
106,distributional,switch,holdout,recurrence,9,0.0,,9,0.0,,0
106,distributional,switch,holdout,similarity,9,0.0,,9,0.0,,0
106,distributional,switch,holdout,value_profile,8,1.0,3.0,8,1.0,3.0,0
106,shared,ambiguous,exposed,association_only,9,0.0,,9,0.0,,0
106,shared,ambiguous,exposed,clustering,9,0.0,,9,0.0,,0
106,shared,ambiguous,exposed,competing_models,7,1.0,0.0,8,1.0,1.0,1
106,shared,ambiguous,exposed,context_oracle,9,0.0,,9,0.0,,0
106,shared,ambiguous,exposed,delta_only,9,0.0,,9,0.0,,0
106,shared,ambiguous,exposed,frequency,9,0.0,,9,0.0,,0
106,shared,ambiguous,exposed,mdi,9,0.0,,9,0.0,,0
106,shared,ambiguous,exposed,mdi_decay0,9,0.0,,9,0.0,,0
106,shared,ambiguous,exposed,mdi_decay020,9,0.0,,9,0.0,,0
106,shared,ambiguous,exposed,mdi_no_novelty,9,0.0,,9,0.0,,0
106,shared,ambiguous,exposed,mdi_original,9,0.0,,9,0.0,,0
106,shared,ambiguous,exposed,mdi_reset,9,0.0,,9,0.0,,0
106,shared,ambiguous,exposed,mdi_with_delta,9,0.0,,9,0.0,,0
106,shared,ambiguous,exposed,predicate_match,7,1.0,0.0,9,0.0,,1
106,shared,ambiguous,exposed,random,9,0.0,,9,0.0,,0
106,shared,ambiguous,exposed,recurrence,7,1.0,0.0,9,0.0,,1
106,shared,ambiguous,exposed,similarity,9,0.0,,9,0.0,,0
106,shared,ambiguous,exposed,value_profile,9,0.0,,9,0.0,,0
106,shared,ambiguous,holdout,association_only,9,0.0,,9,0.0,,0
106,shared,ambiguous,holdout,clustering,9,0.0,,9,0.0,,0
106,shared,ambiguous,holdout,competing_models,9,0.0,,9,0.0,,0
106,shared,ambiguous,holdout,context_oracle,9,0.0,,9,0.0,,0
106,shared,ambiguous,holdout,delta_only,9,0.0,,9,0.0,,0
106,shared,ambiguous,holdout,frequency,9,0.0,,9,0.0,,0
106,shared,ambiguous,holdout,mdi,9,0.0,,9,0.0,,0
106,shared,ambiguous,holdout,mdi_decay0,9,0.0,,9,0.0,,0
106,shared,ambiguous,holdout,mdi_decay020,9,0.0,,9,0.0,,0
106,shared,ambiguous,holdout,mdi_no_novelty,9,0.0,,9,0.0,,0
106,shared,ambiguous,holdout,mdi_original,9,0.0,,9,0.0,,0
106,shared,ambiguous,holdout,mdi_reset,9,0.0,,9,0.0,,0
106,shared,ambiguous,holdout,mdi_with_delta,9,0.0,,9,0.0,,0
106,shared,ambiguous,holdout,predicate_match,7,1.0,0.0,9,0.0,,1
106,shared,ambiguous,holdout,random,9,0.0,,9,0.0,,0
106,shared,ambiguous,holdout,recurrence,9,0.0,,9,0.0,,0
106,shared,ambiguous,holdout,similarity,9,0.0,,9,0.0,,0
106,shared,ambiguous,holdout,value_profile,9,0.0,,9,0.0,,0
106,shared,clear,exposed,association_only,5,1.0,2.0,9,0.0,,3
106,shared,clear,exposed,clustering,9,0.0,,9,0.0,,0
106,shared,clear,exposed,competing_models,3,1.0,0.0,9,0.0,,5
106,shared,clear,exposed,context_oracle,9,0.0,,9,0.0,,0
106,shared,clear,exposed,delta_only,5,1.0,2.0,7,1.0,4.0,3
106,shared,clear,exposed,frequency,9,0.0,,9,0.0,,0
106,shared,clear,exposed,mdi,9,0.0,,9,0.0,,0
106,shared,clear,exposed,mdi_decay0,9,0.0,,9,0.0,,0
106,shared,clear,exposed,mdi_decay020,3,1.0,0.0,9,0.0,,5
106,shared,clear,exposed,mdi_no_novelty,3,1.0,0.0,9,0.0,,5
106,shared,clear,exposed,mdi_original,9,0.0,,9,0.0,,0
106,shared,clear,exposed,mdi_reset,9,0.0,,9,0.0,,0
106,shared,clear,exposed,mdi_with_delta,3,1.0,0.0,9,0.0,,5
106,shared,clear,exposed,predicate_match,3,1.0,0.0,5,1.0,2.0,5
106,shared,clear,exposed,random,9,0.0,,9,0.0,,0
106,shared,clear,exposed,recurrence,3,1.0,0.0,6,1.0,3.0,5
106,shared,clear,exposed,similarity,9,0.0,,9,0.0,,0
106,shared,clear,exposed,value_profile,5,1.0,2.0,9,0.0,,3
106,shared,clear,holdout,association_only,9,0.0,,9,0.0,,0
106,shared,clear,holdout,clustering,9,0.0,,9,0.0,,0
106,shared,clear,holdout,competing_models,5,1.0,2.0,5,1.0,2.0,3
106,shared,clear,holdout,context_oracle,9,0.0,,9,0.0,,0
106,shared,clear,holdout,delta_only,5,1.0,2.0,5,1.0,2.0,3
106,shared,clear,holdout,frequency,9,0.0,,9,0.0,,0
106,shared,clear,holdout,mdi,5,1.0,2.0,9,0.0,,3
106,shared,clear,holdout,mdi_decay0,5,1.0,2.0,9,0.0,,3
106,shared,clear,holdout,mdi_decay020,5,1.0,2.0,9,0.0,,3
106,shared,clear,holdout,mdi_no_novelty,5,1.0,2.0,9,0.0,,3
106,shared,clear,holdout,mdi_original,9,0.0,,9,0.0,,0
106,shared,clear,holdout,mdi_reset,9,0.0,,9,0.0,,0
106,shared,clear,holdout,mdi_with_delta,5,1.0,2.0,9,0.0,,3
106,shared,clear,holdout,predicate_match,3,1.0,0.0,5,1.0,2.0,5
106,shared,clear,holdout,random,9,0.0,,9,0.0,,0
106,shared,clear,holdout,recurrence,9,0.0,,9,0.0,,0
106,shared,clear,holdout,similarity,9,0.0,,9,0.0,,0
106,shared,clear,holdout,value_profile,8,1.0,5.0,9,0.0,,0
106,shared,detour,exposed,association_only,9,0.0,,9,0.0,,0
106,shared,detour,exposed,clustering,9,0.0,,9,0.0,,0
106,shared,detour,exposed,competing_models,3,1.0,0.0,9,0.0,,5
106,shared,detour,exposed,context_oracle,9,0.0,,9,0.0,,0
106,shared,detour,exposed,delta_only,3,1.0,0.0,9,0.0,,5
106,shared,detour,exposed,frequency,9,0.0,,9,0.0,,0
106,shared,detour,exposed,mdi,9,0.0,,9,0.0,,0
106,shared,detour,exposed,mdi_decay0,9,0.0,,9,0.0,,0
106,shared,detour,exposed,mdi_decay020,9,0.0,,9,0.0,,0
106,shared,detour,exposed,mdi_no_novelty,9,0.0,,9,0.0,,0
106,shared,detour,exposed,mdi_original,9,0.0,,9,0.0,,0
106,shared,detour,exposed,mdi_reset,9,0.0,,9,0.0,,0
106,shared,detour,exposed,mdi_with_delta,9,0.0,,9,0.0,,0
106,shared,detour,exposed,predicate_match,9,0.0,,9,0.0,,0
106,shared,detour,exposed,random,9,0.0,,9,0.0,,0
106,shared,detour,exposed,recurrence,9,0.0,,9,0.0,,0
106,shared,detour,exposed,similarity,9,0.0,,9,0.0,,0
106,shared,detour,exposed,value_profile,9,0.0,,9,0.0,,0
106,shared,detour,holdout,association_only,9,0.0,,9,0.0,,0
106,shared,detour,holdout,clustering,9,0.0,,9,0.0,,0
106,shared,detour,holdout,competing_models,9,0.0,,9,0.0,,0
106,shared,detour,holdout,context_oracle,9,0.0,,9,0.0,,0
106,shared,detour,holdout,delta_only,9,0.0,,9,0.0,,0
106,shared,detour,holdout,frequency,9,0.0,,9,0.0,,0
106,shared,detour,holdout,mdi,9,0.0,,9,0.0,,0
106,shared,detour,holdout,mdi_decay0,9,0.0,,9,0.0,,0
106,shared,detour,holdout,mdi_decay020,9,0.0,,9,0.0,,0
106,shared,detour,holdout,mdi_no_novelty,9,0.0,,9,0.0,,0
106,shared,detour,holdout,mdi_original,9,0.0,,9,0.0,,0
106,shared,detour,holdout,mdi_reset,9,0.0,,9,0.0,,0
106,shared,detour,holdout,mdi_with_delta,9,0.0,,9,0.0,,0
106,shared,detour,holdout,predicate_match,9,0.0,,9,0.0,,0
106,shared,detour,holdout,random,9,0.0,,9,0.0,,0
106,shared,detour,holdout,recurrence,9,0.0,,9,0.0,,0
106,shared,detour,holdout,similarity,9,0.0,,9,0.0,,0
106,shared,detour,holdout,value_profile,9,0.0,,9,0.0,,0
106,shared,null,exposed,association_only,9,0.0,,9,0.0,,0
106,shared,null,exposed,clustering,9,0.0,,9,0.0,,0
106,shared,null,exposed,competing_models,9,0.0,,9,0.0,,0
106,shared,null,exposed,context_oracle,9,0.0,,9,0.0,,0
106,shared,null,exposed,delta_only,9,0.0,,9,0.0,,0
106,shared,null,exposed,frequency,9,0.0,,9,0.0,,0
106,shared,null,exposed,mdi,9,0.0,,9,0.0,,0
106,shared,null,exposed,mdi_decay0,9,0.0,,9,0.0,,0
106,shared,null,exposed,mdi_decay020,9,0.0,,9,0.0,,0
106,shared,null,exposed,mdi_no_novelty,9,0.0,,9,0.0,,0
106,shared,null,exposed,mdi_original,9,0.0,,9,0.0,,0
106,shared,null,exposed,mdi_reset,9,0.0,,9,0.0,,0
106,shared,null,exposed,mdi_with_delta,9,0.0,,9,0.0,,0
106,shared,null,exposed,predicate_match,9,0.0,,9,0.0,,0
106,shared,null,exposed,random,9,0.0,,9,0.0,,0
106,shared,null,exposed,recurrence,9,0.0,,9,0.0,,0
106,shared,null,exposed,similarity,9,0.0,,9,0.0,,0
106,shared,null,exposed,value_profile,9,0.0,,9,0.0,,0
106,shared,null,holdout,association_only,9,0.0,,9,0.0,,0
106,shared,null,holdout,clustering,9,0.0,,9,0.0,,0
106,shared,null,holdout,competing_models,9,0.0,,9,0.0,,0
106,shared,null,holdout,context_oracle,9,0.0,,9,0.0,,0
106,shared,null,holdout,delta_only,9,0.0,,9,0.0,,0
106,shared,null,holdout,frequency,9,0.0,,9,0.0,,0
106,shared,null,holdout,mdi,9,0.0,,9,0.0,,0
106,shared,null,holdout,mdi_decay0,9,0.0,,9,0.0,,0
106,shared,null,holdout,mdi_decay020,9,0.0,,9,0.0,,0
106,shared,null,holdout,mdi_no_novelty,9,0.0,,9,0.0,,0
106,shared,null,holdout,mdi_original,9,0.0,,9,0.0,,0
106,shared,null,holdout,mdi_reset,9,0.0,,9,0.0,,0
106,shared,null,holdout,mdi_with_delta,9,0.0,,9,0.0,,0
106,shared,null,holdout,predicate_match,9,0.0,,9,0.0,,0
106,shared,null,holdout,random,9,0.0,,9,0.0,,0
106,shared,null,holdout,recurrence,9,0.0,,9,0.0,,0
106,shared,null,holdout,similarity,9,0.0,,9,0.0,,0
106,shared,null,holdout,value_profile,9,0.0,,9,0.0,,0
106,shared,switch,exposed,association_only,9,0.0,,9,0.0,,0
106,shared,switch,exposed,clustering,9,0.0,,9,0.0,,0
106,shared,switch,exposed,competing_models,8,1.0,2.0,8,1.0,2.0,0
106,shared,switch,exposed,context_oracle,9,0.0,,9,0.0,,0
106,shared,switch,exposed,delta_only,9,0.0,,9,0.0,,0
106,shared,switch,exposed,frequency,9,0.0,,9,0.0,,0
106,shared,switch,exposed,mdi,9,0.0,,9,0.0,,0
106,shared,switch,exposed,mdi_decay0,9,0.0,,9,0.0,,0
106,shared,switch,exposed,mdi_decay020,9,0.0,,9,0.0,,0
106,shared,switch,exposed,mdi_no_novelty,8,1.0,2.0,9,0.0,,0
106,shared,switch,exposed,mdi_original,9,0.0,,9,0.0,,0
106,shared,switch,exposed,mdi_reset,9,0.0,,9,0.0,,0
106,shared,switch,exposed,mdi_with_delta,8,1.0,2.0,9,0.0,,0
106,shared,switch,exposed,predicate_match,8,1.0,2.0,8,1.0,2.0,0
106,shared,switch,exposed,random,9,0.0,,9,0.0,,0
106,shared,switch,exposed,recurrence,9,0.0,,9,0.0,,0
106,shared,switch,exposed,similarity,9,0.0,,9,0.0,,0
106,shared,switch,exposed,value_profile,9,0.0,,9,0.0,,0
106,shared,switch,holdout,association_only,9,0.0,,9,0.0,,0
106,shared,switch,holdout,clustering,9,0.0,,9,0.0,,0
106,shared,switch,holdout,competing_models,9,0.0,,9,0.0,,0
106,shared,switch,holdout,context_oracle,9,0.0,,9,0.0,,0
106,shared,switch,holdout,delta_only,9,0.0,,9,0.0,,0
106,shared,switch,holdout,frequency,9,0.0,,9,0.0,,0
106,shared,switch,holdout,mdi,9,0.0,,9,0.0,,0
106,shared,switch,holdout,mdi_decay0,9,0.0,,9,0.0,,0
106,shared,switch,holdout,mdi_decay020,8,1.0,2.0,9,0.0,,0
106,shared,switch,holdout,mdi_no_novelty,9,0.0,,9,0.0,,0
106,shared,switch,holdout,mdi_original,9,0.0,,9,0.0,,0
106,shared,switch,holdout,mdi_reset,9,0.0,,9,0.0,,0
106,shared,switch,holdout,mdi_with_delta,9,0.0,,9,0.0,,0
106,shared,switch,holdout,predicate_match,8,1.0,2.0,8,1.0,2.0,0
106,shared,switch,holdout,random,9,0.0,,9,0.0,,0
106,shared,switch,holdout,recurrence,9,0.0,,9,0.0,,0
106,shared,switch,holdout,similarity,9,0.0,,9,0.0,,0
106,shared,switch,holdout,value_profile,9,0.0,,9,0.0,,0
106,structural,ambiguous,exposed,association_only,6,1.0,0.0,6,1.0,0.0,2
106,structural,ambiguous,exposed,clustering,9,0.0,,9,0.0,,0
106,structural,ambiguous,exposed,competing_models,6,1.0,0.0,6,1.0,0.0,2
106,structural,ambiguous,exposed,context_oracle,9,0.0,,9,0.0,,0
106,structural,ambiguous,exposed,delta_only,9,0.0,,9,0.0,,0
106,structural,ambiguous,exposed,frequency,9,0.0,,9,0.0,,0
106,structural,ambiguous,exposed,mdi,6,1.0,0.0,6,1.0,0.0,2
106,structural,ambiguous,exposed,mdi_decay0,6,1.0,0.0,6,1.0,0.0,2
106,structural,ambiguous,exposed,mdi_decay020,6,1.0,0.0,6,1.0,0.0,2
106,structural,ambiguous,exposed,mdi_no_novelty,6,1.0,0.0,6,1.0,0.0,2
106,structural,ambiguous,exposed,mdi_original,6,1.0,0.0,6,1.0,0.0,2
106,structural,ambiguous,exposed,mdi_reset,9,0.0,,9,0.0,,0
106,structural,ambiguous,exposed,mdi_with_delta,6,1.0,0.0,9,0.0,,2
106,structural,ambiguous,exposed,predicate_match,6,1.0,0.0,7,1.0,1.0,2
106,structural,ambiguous,exposed,random,9,0.0,,9,0.0,,0
106,structural,ambiguous,exposed,recurrence,6,1.0,0.0,9,0.0,,2
106,structural,ambiguous,exposed,similarity,9,0.0,,9,0.0,,0
106,structural,ambiguous,exposed,value_profile,6,1.0,0.0,6,1.0,0.0,2
106,structural,ambiguous,holdout,association_only,6,1.0,0.0,6,1.0,0.0,2
106,structural,ambiguous,holdout,clustering,9,0.0,,9,0.0,,0
106,structural,ambiguous,holdout,competing_models,6,1.0,0.0,6,1.0,0.0,2
106,structural,ambiguous,holdout,context_oracle,9,0.0,,9,0.0,,0
106,structural,ambiguous,holdout,delta_only,6,1.0,0.0,9,0.0,,2
106,structural,ambiguous,holdout,frequency,9,0.0,,9,0.0,,0
106,structural,ambiguous,holdout,mdi,6,1.0,0.0,6,1.0,0.0,2
106,structural,ambiguous,holdout,mdi_decay0,6,1.0,0.0,6,1.0,0.0,2
106,structural,ambiguous,holdout,mdi_decay020,6,1.0,0.0,6,1.0,0.0,2
106,structural,ambiguous,holdout,mdi_no_novelty,6,1.0,0.0,6,1.0,0.0,2
106,structural,ambiguous,holdout,mdi_original,6,1.0,0.0,6,1.0,0.0,2
106,structural,ambiguous,holdout,mdi_reset,9,0.0,,9,0.0,,0
106,structural,ambiguous,holdout,mdi_with_delta,6,1.0,0.0,9,0.0,,2
106,structural,ambiguous,holdout,predicate_match,6,1.0,0.0,7,1.0,1.0,2
106,structural,ambiguous,holdout,random,9,0.0,,9,0.0,,0
106,structural,ambiguous,holdout,recurrence,9,0.0,,9,0.0,,0
106,structural,ambiguous,holdout,similarity,9,0.0,,9,0.0,,0
106,structural,ambiguous,holdout,value_profile,6,1.0,0.0,6,1.0,0.0,2
106,structural,clear,exposed,association_only,2,1.0,0.0,2,1.0,0.0,6
106,structural,clear,exposed,clustering,9,0.0,,9,0.0,,0
106,structural,clear,exposed,competing_models,2,1.0,0.0,2,1.0,0.0,6
106,structural,clear,exposed,context_oracle,9,0.0,,9,0.0,,0
106,structural,clear,exposed,delta_only,2,1.0,0.0,9,0.0,,6
106,structural,clear,exposed,frequency,9,0.0,,9,0.0,,0
106,structural,clear,exposed,mdi,2,1.0,0.0,2,1.0,0.0,6
106,structural,clear,exposed,mdi_decay0,2,1.0,0.0,2,1.0,0.0,6
106,structural,clear,exposed,mdi_decay020,2,1.0,0.0,2,1.0,0.0,6
106,structural,clear,exposed,mdi_no_novelty,2,1.0,0.0,2,1.0,0.0,6
106,structural,clear,exposed,mdi_original,2,1.0,0.0,2,1.0,0.0,6
106,structural,clear,exposed,mdi_reset,9,0.0,,9,0.0,,0
106,structural,clear,exposed,mdi_with_delta,2,1.0,0.0,2,1.0,0.0,6
106,structural,clear,exposed,predicate_match,2,1.0,0.0,3,1.0,1.0,6
106,structural,clear,exposed,random,9,0.0,,9,0.0,,0
106,structural,clear,exposed,recurrence,2,1.0,0.0,7,1.0,5.0,6
106,structural,clear,exposed,similarity,9,0.0,,9,0.0,,0
106,structural,clear,exposed,value_profile,2,1.0,0.0,2,1.0,0.0,6
106,structural,clear,holdout,association_only,2,1.0,0.0,2,1.0,0.0,6
106,structural,clear,holdout,clustering,9,0.0,,9,0.0,,0
106,structural,clear,holdout,competing_models,2,1.0,0.0,2,1.0,0.0,6
106,structural,clear,holdout,context_oracle,9,0.0,,9,0.0,,0
106,structural,clear,holdout,delta_only,2,1.0,0.0,9,0.0,,6
106,structural,clear,holdout,frequency,9,0.0,,9,0.0,,0
106,structural,clear,holdout,mdi,2,1.0,0.0,2,1.0,0.0,6
106,structural,clear,holdout,mdi_decay0,2,1.0,0.0,2,1.0,0.0,6
106,structural,clear,holdout,mdi_decay020,2,1.0,0.0,2,1.0,0.0,6
106,structural,clear,holdout,mdi_no_novelty,2,1.0,0.0,2,1.0,0.0,6
106,structural,clear,holdout,mdi_original,2,1.0,0.0,2,1.0,0.0,6
106,structural,clear,holdout,mdi_reset,9,0.0,,9,0.0,,0
106,structural,clear,holdout,mdi_with_delta,2,1.0,0.0,2,1.0,0.0,6
106,structural,clear,holdout,predicate_match,2,1.0,0.0,3,1.0,1.0,6
106,structural,clear,holdout,random,9,0.0,,9,0.0,,0
106,structural,clear,holdout,recurrence,9,0.0,,9,0.0,,0
106,structural,clear,holdout,similarity,9,0.0,,9,0.0,,0
106,structural,clear,holdout,value_profile,2,1.0,0.0,2,1.0,0.0,6
106,structural,detour,exposed,association_only,2,1.0,0.0,2,1.0,0.0,6
106,structural,detour,exposed,clustering,9,0.0,,9,0.0,,0
106,structural,detour,exposed,competing_models,2,1.0,0.0,2,1.0,0.0,6
106,structural,detour,exposed,context_oracle,9,0.0,,9,0.0,,0
106,structural,detour,exposed,delta_only,2,1.0,0.0,9,0.0,,6
106,structural,detour,exposed,frequency,9,0.0,,9,0.0,,0
106,structural,detour,exposed,mdi,2,1.0,0.0,2,1.0,0.0,6
106,structural,detour,exposed,mdi_decay0,2,1.0,0.0,2,1.0,0.0,6
106,structural,detour,exposed,mdi_decay020,2,1.0,0.0,2,1.0,0.0,6
106,structural,detour,exposed,mdi_no_novelty,2,1.0,0.0,2,1.0,0.0,6
106,structural,detour,exposed,mdi_original,2,1.0,0.0,2,1.0,0.0,6
106,structural,detour,exposed,mdi_reset,9,0.0,,9,0.0,,0
106,structural,detour,exposed,mdi_with_delta,2,1.0,0.0,9,0.0,,6
106,structural,detour,exposed,predicate_match,2,1.0,0.0,3,1.0,1.0,6
106,structural,detour,exposed,random,9,0.0,,9,0.0,,0
106,structural,detour,exposed,recurrence,2,1.0,0.0,8,1.0,6.0,6
106,structural,detour,exposed,similarity,9,0.0,,9,0.0,,0
106,structural,detour,exposed,value_profile,2,1.0,0.0,2,1.0,0.0,6
106,structural,detour,holdout,association_only,2,1.0,0.0,2,1.0,0.0,6
106,structural,detour,holdout,clustering,9,0.0,,9,0.0,,0
106,structural,detour,holdout,competing_models,2,1.0,0.0,2,1.0,0.0,6
106,structural,detour,holdout,context_oracle,9,0.0,,9,0.0,,0
106,structural,detour,holdout,delta_only,2,1.0,0.0,9,0.0,,6
106,structural,detour,holdout,frequency,9,0.0,,9,0.0,,0
106,structural,detour,holdout,mdi,2,1.0,0.0,2,1.0,0.0,6
106,structural,detour,holdout,mdi_decay0,2,1.0,0.0,2,1.0,0.0,6
106,structural,detour,holdout,mdi_decay020,2,1.0,0.0,2,1.0,0.0,6
106,structural,detour,holdout,mdi_no_novelty,2,1.0,0.0,2,1.0,0.0,6
106,structural,detour,holdout,mdi_original,2,1.0,0.0,8,1.0,6.0,6
106,structural,detour,holdout,mdi_reset,9,0.0,,9,0.0,,0
106,structural,detour,holdout,mdi_with_delta,2,1.0,0.0,9,0.0,,6
106,structural,detour,holdout,predicate_match,2,1.0,0.0,3,1.0,1.0,6
106,structural,detour,holdout,random,9,0.0,,9,0.0,,0
106,structural,detour,holdout,recurrence,9,0.0,,9,0.0,,0
106,structural,detour,holdout,similarity,9,0.0,,9,0.0,,0
106,structural,detour,holdout,value_profile,2,1.0,0.0,2,1.0,0.0,6
106,structural,null,exposed,association_only,9,0.0,,9,0.0,,0
106,structural,null,exposed,clustering,9,0.0,,9,0.0,,0
106,structural,null,exposed,competing_models,9,0.0,,9,0.0,,0
106,structural,null,exposed,context_oracle,9,0.0,,9,0.0,,0
106,structural,null,exposed,delta_only,9,0.0,,9,0.0,,0
106,structural,null,exposed,frequency,9,0.0,,9,0.0,,0
106,structural,null,exposed,mdi,9,0.0,,9,0.0,,0
106,structural,null,exposed,mdi_decay0,9,0.0,,9,0.0,,0
106,structural,null,exposed,mdi_decay020,9,0.0,,9,0.0,,0
106,structural,null,exposed,mdi_no_novelty,9,0.0,,9,0.0,,0
106,structural,null,exposed,mdi_original,9,0.0,,9,0.0,,0
106,structural,null,exposed,mdi_reset,9,0.0,,9,0.0,,0
106,structural,null,exposed,mdi_with_delta,9,0.0,,9,0.0,,0
106,structural,null,exposed,predicate_match,9,0.0,,9,0.0,,0
106,structural,null,exposed,random,9,0.0,,9,0.0,,0
106,structural,null,exposed,recurrence,9,0.0,,9,0.0,,0
106,structural,null,exposed,similarity,9,0.0,,9,0.0,,0
106,structural,null,exposed,value_profile,9,0.0,,9,0.0,,0
106,structural,null,holdout,association_only,9,0.0,,9,0.0,,0
106,structural,null,holdout,clustering,9,0.0,,9,0.0,,0
106,structural,null,holdout,competing_models,9,0.0,,9,0.0,,0
106,structural,null,holdout,context_oracle,9,0.0,,9,0.0,,0
106,structural,null,holdout,delta_only,9,0.0,,9,0.0,,0
106,structural,null,holdout,frequency,9,0.0,,9,0.0,,0
106,structural,null,holdout,mdi,9,0.0,,9,0.0,,0
106,structural,null,holdout,mdi_decay0,9,0.0,,9,0.0,,0
106,structural,null,holdout,mdi_decay020,9,0.0,,9,0.0,,0
106,structural,null,holdout,mdi_no_novelty,9,0.0,,9,0.0,,0
106,structural,null,holdout,mdi_original,9,0.0,,9,0.0,,0
106,structural,null,holdout,mdi_reset,9,0.0,,9,0.0,,0
106,structural,null,holdout,mdi_with_delta,9,0.0,,9,0.0,,0
106,structural,null,holdout,predicate_match,9,0.0,,9,0.0,,0
106,structural,null,holdout,random,9,0.0,,9,0.0,,0
106,structural,null,holdout,recurrence,9,0.0,,9,0.0,,0
106,structural,null,holdout,similarity,9,0.0,,9,0.0,,0
106,structural,null,holdout,value_profile,9,0.0,,9,0.0,,0
106,structural,switch,exposed,association_only,8,1.0,3.0,8,1.0,3.0,0
106,structural,switch,exposed,clustering,9,0.0,,9,0.0,,0
106,structural,switch,exposed,competing_models,7,1.0,2.0,7,1.0,2.0,1
106,structural,switch,exposed,context_oracle,9,0.0,,9,0.0,,0
106,structural,switch,exposed,delta_only,9,0.0,,9,0.0,,0
106,structural,switch,exposed,frequency,9,0.0,,9,0.0,,0
106,structural,switch,exposed,mdi,7,1.0,2.0,8,1.0,3.0,1
106,structural,switch,exposed,mdi_decay0,8,1.0,3.0,8,1.0,3.0,0
106,structural,switch,exposed,mdi_decay020,7,1.0,2.0,7,1.0,2.0,1
106,structural,switch,exposed,mdi_no_novelty,7,1.0,2.0,8,1.0,3.0,1
106,structural,switch,exposed,mdi_original,7,1.0,2.0,8,1.0,3.0,1
106,structural,switch,exposed,mdi_reset,9,0.0,,9,0.0,,0
106,structural,switch,exposed,mdi_with_delta,9,0.0,,9,0.0,,0
106,structural,switch,exposed,predicate_match,7,1.0,2.0,8,1.0,3.0,1
106,structural,switch,exposed,random,9,0.0,,9,0.0,,0
106,structural,switch,exposed,recurrence,8,1.0,3.0,9,0.0,,0
106,structural,switch,exposed,similarity,9,0.0,,9,0.0,,0
106,structural,switch,exposed,value_profile,7,1.0,2.0,8,1.0,3.0,1
106,structural,switch,holdout,association_only,8,1.0,3.0,8,1.0,3.0,0
106,structural,switch,holdout,clustering,9,0.0,,9,0.0,,0
106,structural,switch,holdout,competing_models,7,1.0,2.0,7,1.0,2.0,1
106,structural,switch,holdout,context_oracle,9,0.0,,9,0.0,,0
106,structural,switch,holdout,delta_only,9,0.0,,9,0.0,,0
106,structural,switch,holdout,frequency,9,0.0,,9,0.0,,0
106,structural,switch,holdout,mdi,7,1.0,2.0,8,1.0,3.0,1
106,structural,switch,holdout,mdi_decay0,8,1.0,3.0,8,1.0,3.0,0
106,structural,switch,holdout,mdi_decay020,6,1.0,1.0,7,1.0,2.0,2
106,structural,switch,holdout,mdi_no_novelty,7,1.0,2.0,8,1.0,3.0,1
106,structural,switch,holdout,mdi_original,9,0.0,,9,0.0,,0
106,structural,switch,holdout,mdi_reset,9,0.0,,9,0.0,,0
106,structural,switch,holdout,mdi_with_delta,9,0.0,,9,0.0,,0
106,structural,switch,holdout,predicate_match,7,1.0,2.0,8,1.0,3.0,1
106,structural,switch,holdout,random,9,0.0,,9,0.0,,0
106,structural,switch,holdout,recurrence,9,0.0,,9,0.0,,0
106,structural,switch,holdout,similarity,9,0.0,,9,0.0,,0
106,structural,switch,holdout,value_profile,7,1.0,2.0,8,1.0,3.0,1
107,compositional,ambiguous,exposed,association_only,6,1.0,0.0,6,1.0,0.0,2
107,compositional,ambiguous,exposed,clustering,9,0.0,,9,0.0,,0
107,compositional,ambiguous,exposed,competing_models,6,1.0,0.0,9,0.0,,2
107,compositional,ambiguous,exposed,context_oracle,0,1.0,-6.0,9,0.0,,8
107,compositional,ambiguous,exposed,delta_only,9,0.0,,9,0.0,,0
107,compositional,ambiguous,exposed,frequency,9,0.0,,9,0.0,,0
107,compositional,ambiguous,exposed,mdi,6,1.0,0.0,8,1.0,2.0,2
107,compositional,ambiguous,exposed,mdi_decay0,6,1.0,0.0,8,1.0,2.0,2
107,compositional,ambiguous,exposed,mdi_decay020,6,1.0,0.0,6,1.0,0.0,2
107,compositional,ambiguous,exposed,mdi_no_novelty,6,1.0,0.0,9,0.0,,2
107,compositional,ambiguous,exposed,mdi_original,6,1.0,0.0,9,0.0,,2
107,compositional,ambiguous,exposed,mdi_reset,9,0.0,,9,0.0,,0
107,compositional,ambiguous,exposed,mdi_with_delta,6,1.0,0.0,9,0.0,,2
107,compositional,ambiguous,exposed,predicate_match,6,1.0,0.0,7,1.0,1.0,2
107,compositional,ambiguous,exposed,random,9,0.0,,9,0.0,,0
107,compositional,ambiguous,exposed,recurrence,7,1.0,1.0,9,0.0,,1
107,compositional,ambiguous,exposed,similarity,9,0.0,,9,0.0,,0
107,compositional,ambiguous,exposed,value_profile,6,1.0,0.0,9,0.0,,2
107,compositional,ambiguous,holdout,association_only,6,1.0,0.0,6,1.0,0.0,2
107,compositional,ambiguous,holdout,clustering,9,0.0,,9,0.0,,0
107,compositional,ambiguous,holdout,competing_models,6,1.0,0.0,8,1.0,2.0,2
107,compositional,ambiguous,holdout,context_oracle,0,1.0,-6.0,9,0.0,,8
107,compositional,ambiguous,holdout,delta_only,9,0.0,,9,0.0,,0
107,compositional,ambiguous,holdout,frequency,9,0.0,,9,0.0,,0
107,compositional,ambiguous,holdout,mdi,6,1.0,0.0,9,0.0,,2
107,compositional,ambiguous,holdout,mdi_decay0,6,1.0,0.0,9,0.0,,2
107,compositional,ambiguous,holdout,mdi_decay020,6,1.0,0.0,9,0.0,,2
107,compositional,ambiguous,holdout,mdi_no_novelty,6,1.0,0.0,6,1.0,0.0,2
107,compositional,ambiguous,holdout,mdi_original,6,1.0,0.0,7,1.0,1.0,2
107,compositional,ambiguous,holdout,mdi_reset,9,0.0,,9,0.0,,0
107,compositional,ambiguous,holdout,mdi_with_delta,6,1.0,0.0,9,0.0,,2
107,compositional,ambiguous,holdout,predicate_match,6,1.0,0.0,7,1.0,1.0,2
107,compositional,ambiguous,holdout,random,9,0.0,,9,0.0,,0
107,compositional,ambiguous,holdout,recurrence,9,0.0,,9,0.0,,0
107,compositional,ambiguous,holdout,similarity,9,0.0,,9,0.0,,0
107,compositional,ambiguous,holdout,value_profile,6,1.0,0.0,9,0.0,,2
107,compositional,clear,exposed,association_only,2,1.0,0.0,4,1.0,2.0,6
107,compositional,clear,exposed,clustering,9,0.0,,9,0.0,,0
107,compositional,clear,exposed,competing_models,2,1.0,0.0,7,1.0,5.0,6
107,compositional,clear,exposed,context_oracle,0,1.0,-2.0,9,0.0,,8
107,compositional,clear,exposed,delta_only,8,1.0,6.0,9,0.0,,0
107,compositional,clear,exposed,frequency,9,0.0,,9,0.0,,0
107,compositional,clear,exposed,mdi,2,1.0,0.0,9,0.0,,6
107,compositional,clear,exposed,mdi_decay0,2,1.0,0.0,6,1.0,4.0,6
107,compositional,clear,exposed,mdi_decay020,2,1.0,0.0,9,0.0,,6
107,compositional,clear,exposed,mdi_no_novelty,2,1.0,0.0,6,1.0,4.0,6
107,compositional,clear,exposed,mdi_original,2,1.0,0.0,2,1.0,0.0,6
107,compositional,clear,exposed,mdi_reset,9,0.0,,9,0.0,,0
107,compositional,clear,exposed,mdi_with_delta,2,1.0,0.0,9,0.0,,6
107,compositional,clear,exposed,predicate_match,2,1.0,0.0,6,1.0,4.0,6
107,compositional,clear,exposed,random,9,0.0,,9,0.0,,0
107,compositional,clear,exposed,recurrence,2,1.0,0.0,9,0.0,,6
107,compositional,clear,exposed,similarity,9,0.0,,9,0.0,,0
107,compositional,clear,exposed,value_profile,2,1.0,0.0,9,0.0,,6
107,compositional,clear,holdout,association_only,2,1.0,0.0,4,1.0,2.0,6
107,compositional,clear,holdout,clustering,9,0.0,,9,0.0,,0
107,compositional,clear,holdout,competing_models,2,1.0,0.0,6,1.0,4.0,6
107,compositional,clear,holdout,context_oracle,0,1.0,-2.0,9,0.0,,8
107,compositional,clear,holdout,delta_only,5,1.0,3.0,9,0.0,,3
107,compositional,clear,holdout,frequency,9,0.0,,9,0.0,,0
107,compositional,clear,holdout,mdi,2,1.0,0.0,9,0.0,,6
107,compositional,clear,holdout,mdi_decay0,2,1.0,0.0,4,1.0,2.0,6
107,compositional,clear,holdout,mdi_decay020,2,1.0,0.0,9,0.0,,6
107,compositional,clear,holdout,mdi_no_novelty,2,1.0,0.0,6,1.0,4.0,6
107,compositional,clear,holdout,mdi_original,2,1.0,0.0,4,1.0,2.0,6
107,compositional,clear,holdout,mdi_reset,9,0.0,,9,0.0,,0
107,compositional,clear,holdout,mdi_with_delta,2,1.0,0.0,9,0.0,,6
107,compositional,clear,holdout,predicate_match,2,1.0,0.0,6,1.0,4.0,6
107,compositional,clear,holdout,random,9,0.0,,9,0.0,,0
107,compositional,clear,holdout,recurrence,9,0.0,,9,0.0,,0
107,compositional,clear,holdout,similarity,9,0.0,,9,0.0,,0
107,compositional,clear,holdout,value_profile,2,1.0,0.0,9,0.0,,6
107,compositional,detour,exposed,association_only,9,0.0,,9,0.0,,0
107,compositional,detour,exposed,clustering,9,0.0,,9,0.0,,0
107,compositional,detour,exposed,competing_models,2,1.0,0.0,9,0.0,,6
107,compositional,detour,exposed,context_oracle,0,1.0,-2.0,9,0.0,,8
107,compositional,detour,exposed,delta_only,2,1.0,0.0,9,0.0,,6
107,compositional,detour,exposed,frequency,9,0.0,,9,0.0,,0
107,compositional,detour,exposed,mdi,8,1.0,6.0,9,0.0,,0
107,compositional,detour,exposed,mdi_decay0,2,1.0,0.0,9,0.0,,6
107,compositional,detour,exposed,mdi_decay020,9,0.0,,9,0.0,,0
107,compositional,detour,exposed,mdi_no_novelty,9,0.0,,9,0.0,,0
107,compositional,detour,exposed,mdi_original,9,0.0,,9,0.0,,0
107,compositional,detour,exposed,mdi_reset,9,0.0,,9,0.0,,0
107,compositional,detour,exposed,mdi_with_delta,8,1.0,6.0,9,0.0,,0
107,compositional,detour,exposed,predicate_match,9,0.0,,9,0.0,,0
107,compositional,detour,exposed,random,9,0.0,,9,0.0,,0
107,compositional,detour,exposed,recurrence,2,1.0,0.0,9,0.0,,6
107,compositional,detour,exposed,similarity,9,0.0,,9,0.0,,0
107,compositional,detour,exposed,value_profile,8,1.0,6.0,9,0.0,,0
107,compositional,detour,holdout,association_only,9,0.0,,9,0.0,,0
107,compositional,detour,holdout,clustering,9,0.0,,9,0.0,,0
107,compositional,detour,holdout,competing_models,5,1.0,3.0,9,0.0,,3
107,compositional,detour,holdout,context_oracle,0,1.0,-2.0,9,0.0,,8
107,compositional,detour,holdout,delta_only,2,1.0,0.0,9,0.0,,6
107,compositional,detour,holdout,frequency,9,0.0,,9,0.0,,0
107,compositional,detour,holdout,mdi,9,0.0,,9,0.0,,0
107,compositional,detour,holdout,mdi_decay0,2,1.0,0.0,9,0.0,,6
107,compositional,detour,holdout,mdi_decay020,9,0.0,,9,0.0,,0
107,compositional,detour,holdout,mdi_no_novelty,9,0.0,,9,0.0,,0
107,compositional,detour,holdout,mdi_original,9,0.0,,9,0.0,,0
107,compositional,detour,holdout,mdi_reset,9,0.0,,9,0.0,,0
107,compositional,detour,holdout,mdi_with_delta,8,1.0,6.0,9,0.0,,0
107,compositional,detour,holdout,predicate_match,9,0.0,,9,0.0,,0
107,compositional,detour,holdout,random,9,0.0,,9,0.0,,0
107,compositional,detour,holdout,recurrence,9,0.0,,9,0.0,,0
107,compositional,detour,holdout,similarity,9,0.0,,9,0.0,,0
107,compositional,detour,holdout,value_profile,9,0.0,,9,0.0,,0
107,compositional,null,exposed,association_only,9,0.0,,9,0.0,,0
107,compositional,null,exposed,clustering,9,0.0,,9,0.0,,0
107,compositional,null,exposed,competing_models,9,0.0,,9,0.0,,0
107,compositional,null,exposed,context_oracle,0,1.0,,9,0.0,,8
107,compositional,null,exposed,delta_only,9,0.0,,9,0.0,,0
107,compositional,null,exposed,frequency,9,0.0,,9,0.0,,0
107,compositional,null,exposed,mdi,9,0.0,,9,0.0,,0
107,compositional,null,exposed,mdi_decay0,9,0.0,,9,0.0,,0
107,compositional,null,exposed,mdi_decay020,9,0.0,,9,0.0,,0
107,compositional,null,exposed,mdi_no_novelty,9,0.0,,9,0.0,,0
107,compositional,null,exposed,mdi_original,9,0.0,,9,0.0,,0
107,compositional,null,exposed,mdi_reset,9,0.0,,9,0.0,,0
107,compositional,null,exposed,mdi_with_delta,9,0.0,,9,0.0,,0
107,compositional,null,exposed,predicate_match,9,0.0,,9,0.0,,0
107,compositional,null,exposed,random,9,0.0,,9,0.0,,0
107,compositional,null,exposed,recurrence,9,0.0,,9,0.0,,0
107,compositional,null,exposed,similarity,9,0.0,,9,0.0,,0
107,compositional,null,exposed,value_profile,9,0.0,,9,0.0,,0
107,compositional,null,holdout,association_only,9,0.0,,9,0.0,,0
107,compositional,null,holdout,clustering,9,0.0,,9,0.0,,0
107,compositional,null,holdout,competing_models,9,0.0,,9,0.0,,0
107,compositional,null,holdout,context_oracle,0,1.0,,9,0.0,,8
107,compositional,null,holdout,delta_only,9,0.0,,9,0.0,,0
107,compositional,null,holdout,frequency,9,0.0,,9,0.0,,0
107,compositional,null,holdout,mdi,9,0.0,,9,0.0,,0
107,compositional,null,holdout,mdi_decay0,9,0.0,,9,0.0,,0
107,compositional,null,holdout,mdi_decay020,9,0.0,,9,0.0,,0
107,compositional,null,holdout,mdi_no_novelty,9,0.0,,9,0.0,,0
107,compositional,null,holdout,mdi_original,9,0.0,,9,0.0,,0
107,compositional,null,holdout,mdi_reset,9,0.0,,9,0.0,,0
107,compositional,null,holdout,mdi_with_delta,9,0.0,,9,0.0,,0
107,compositional,null,holdout,predicate_match,9,0.0,,9,0.0,,0
107,compositional,null,holdout,random,9,0.0,,9,0.0,,0
107,compositional,null,holdout,recurrence,9,0.0,,9,0.0,,0
107,compositional,null,holdout,similarity,9,0.0,,9,0.0,,0
107,compositional,null,holdout,value_profile,9,0.0,,9,0.0,,0
107,compositional,switch,exposed,association_only,7,1.0,2.0,9,0.0,,1
107,compositional,switch,exposed,clustering,9,0.0,,9,0.0,,0
107,compositional,switch,exposed,competing_models,7,1.0,2.0,9,0.0,,1
107,compositional,switch,exposed,context_oracle,0,1.0,-5.0,9,0.0,,8
107,compositional,switch,exposed,delta_only,9,0.0,,9,0.0,,0
107,compositional,switch,exposed,frequency,9,0.0,,9,0.0,,0
107,compositional,switch,exposed,mdi,7,1.0,2.0,9,0.0,,1
107,compositional,switch,exposed,mdi_decay0,8,1.0,3.0,9,0.0,,0
107,compositional,switch,exposed,mdi_decay020,6,1.0,1.0,9,0.0,,2
107,compositional,switch,exposed,mdi_no_novelty,7,1.0,2.0,8,1.0,3.0,1
107,compositional,switch,exposed,mdi_original,9,0.0,,9,0.0,,0
107,compositional,switch,exposed,mdi_reset,9,0.0,,9,0.0,,0
107,compositional,switch,exposed,mdi_with_delta,8,1.0,3.0,9,0.0,,0
107,compositional,switch,exposed,predicate_match,7,1.0,2.0,7,1.0,2.0,1
107,compositional,switch,exposed,random,9,0.0,,9,0.0,,0
107,compositional,switch,exposed,recurrence,8,1.0,3.0,9,0.0,,0
107,compositional,switch,exposed,similarity,9,0.0,,9,0.0,,0
107,compositional,switch,exposed,value_profile,7,1.0,2.0,9,0.0,,1
107,compositional,switch,holdout,association_only,7,1.0,2.0,9,0.0,,1
107,compositional,switch,holdout,clustering,9,0.0,,9,0.0,,0
107,compositional,switch,holdout,competing_models,7,1.0,2.0,9,0.0,,1
107,compositional,switch,holdout,context_oracle,0,1.0,-5.0,9,0.0,,8
107,compositional,switch,holdout,delta_only,9,0.0,,9,0.0,,0
107,compositional,switch,holdout,frequency,9,0.0,,9,0.0,,0
107,compositional,switch,holdout,mdi,7,1.0,2.0,7,1.0,2.0,1
107,compositional,switch,holdout,mdi_decay0,8,1.0,3.0,8,1.0,3.0,0
107,compositional,switch,holdout,mdi_decay020,6,1.0,1.0,9,0.0,,2
107,compositional,switch,holdout,mdi_no_novelty,7,1.0,2.0,7,1.0,2.0,1
107,compositional,switch,holdout,mdi_original,8,1.0,3.0,9,0.0,,0
107,compositional,switch,holdout,mdi_reset,9,0.0,,9,0.0,,0
107,compositional,switch,holdout,mdi_with_delta,7,1.0,2.0,9,0.0,,1
107,compositional,switch,holdout,predicate_match,7,1.0,2.0,7,1.0,2.0,1
107,compositional,switch,holdout,random,9,0.0,,9,0.0,,0
107,compositional,switch,holdout,recurrence,9,0.0,,9,0.0,,0
107,compositional,switch,holdout,similarity,9,0.0,,9,0.0,,0
107,compositional,switch,holdout,value_profile,7,1.0,2.0,9,0.0,,1
107,distributional,ambiguous,exposed,association_only,6,1.0,0.0,7,1.0,1.0,2
107,distributional,ambiguous,exposed,clustering,9,0.0,,9,0.0,,0
107,distributional,ambiguous,exposed,competing_models,6,1.0,0.0,6,1.0,0.0,2
107,distributional,ambiguous,exposed,context_oracle,0,1.0,-6.0,9,0.0,,8
107,distributional,ambiguous,exposed,delta_only,6,1.0,0.0,9,0.0,,2
107,distributional,ambiguous,exposed,frequency,9,0.0,,9,0.0,,0
107,distributional,ambiguous,exposed,mdi,6,1.0,0.0,6,1.0,0.0,2
107,distributional,ambiguous,exposed,mdi_decay0,6,1.0,0.0,7,1.0,1.0,2
107,distributional,ambiguous,exposed,mdi_decay020,6,1.0,0.0,6,1.0,0.0,2
107,distributional,ambiguous,exposed,mdi_no_novelty,6,1.0,0.0,7,1.0,1.0,2
107,distributional,ambiguous,exposed,mdi_original,9,0.0,,9,0.0,,0
107,distributional,ambiguous,exposed,mdi_reset,9,0.0,,9,0.0,,0
107,distributional,ambiguous,exposed,mdi_with_delta,6,1.0,0.0,9,0.0,,2
107,distributional,ambiguous,exposed,predicate_match,6,1.0,0.0,9,0.0,,2
107,distributional,ambiguous,exposed,random,9,0.0,,9,0.0,,0
107,distributional,ambiguous,exposed,recurrence,6,1.0,0.0,9,0.0,,2
107,distributional,ambiguous,exposed,similarity,9,0.0,,9,0.0,,0
107,distributional,ambiguous,exposed,value_profile,6,1.0,0.0,9,0.0,,2
107,distributional,ambiguous,holdout,association_only,6,1.0,0.0,7,1.0,1.0,2
107,distributional,ambiguous,holdout,clustering,9,0.0,,9,0.0,,0
107,distributional,ambiguous,holdout,competing_models,6,1.0,0.0,7,1.0,1.0,2
107,distributional,ambiguous,holdout,context_oracle,0,1.0,-6.0,9,0.0,,8
107,distributional,ambiguous,holdout,delta_only,6,1.0,0.0,9,0.0,,2
107,distributional,ambiguous,holdout,frequency,9,0.0,,9,0.0,,0
107,distributional,ambiguous,holdout,mdi,6,1.0,0.0,7,1.0,1.0,2
107,distributional,ambiguous,holdout,mdi_decay0,6,1.0,0.0,7,1.0,1.0,2
107,distributional,ambiguous,holdout,mdi_decay020,6,1.0,0.0,6,1.0,0.0,2
107,distributional,ambiguous,holdout,mdi_no_novelty,6,1.0,0.0,9,0.0,,2
107,distributional,ambiguous,holdout,mdi_original,9,0.0,,9,0.0,,0
107,distributional,ambiguous,holdout,mdi_reset,9,0.0,,9,0.0,,0
107,distributional,ambiguous,holdout,mdi_with_delta,6,1.0,0.0,9,0.0,,2
107,distributional,ambiguous,holdout,predicate_match,6,1.0,0.0,9,0.0,,2
107,distributional,ambiguous,holdout,random,9,0.0,,9,0.0,,0
107,distributional,ambiguous,holdout,recurrence,9,0.0,,9,0.0,,0
107,distributional,ambiguous,holdout,similarity,9,0.0,,9,0.0,,0
107,distributional,ambiguous,holdout,value_profile,6,1.0,0.0,9,0.0,,2
107,distributional,clear,exposed,association_only,2,1.0,0.0,2,1.0,0.0,6
107,distributional,clear,exposed,clustering,9,0.0,,9,0.0,,0
107,distributional,clear,exposed,competing_models,2,1.0,0.0,2,1.0,0.0,6
107,distributional,clear,exposed,context_oracle,0,1.0,-2.0,9,0.0,,8
107,distributional,clear,exposed,delta_only,2,1.0,0.0,5,1.0,3.0,6
107,distributional,clear,exposed,frequency,9,0.0,,9,0.0,,0
107,distributional,clear,exposed,mdi,2,1.0,0.0,2,1.0,0.0,6
107,distributional,clear,exposed,mdi_decay0,2,1.0,0.0,2,1.0,0.0,6
107,distributional,clear,exposed,mdi_decay020,2,1.0,0.0,2,1.0,0.0,6
107,distributional,clear,exposed,mdi_no_novelty,2,1.0,0.0,2,1.0,0.0,6
107,distributional,clear,exposed,mdi_original,6,1.0,4.0,9,0.0,,2
107,distributional,clear,exposed,mdi_reset,9,0.0,,9,0.0,,0
107,distributional,clear,exposed,mdi_with_delta,2,1.0,0.0,2,1.0,0.0,6
107,distributional,clear,exposed,predicate_match,2,1.0,0.0,5,1.0,3.0,6
107,distributional,clear,exposed,random,9,0.0,,9,0.0,,0
107,distributional,clear,exposed,recurrence,2,1.0,0.0,5,1.0,3.0,6
107,distributional,clear,exposed,similarity,9,0.0,,9,0.0,,0
107,distributional,clear,exposed,value_profile,2,1.0,0.0,2,1.0,0.0,6
107,distributional,clear,holdout,association_only,2,1.0,0.0,2,1.0,0.0,6
107,distributional,clear,holdout,clustering,9,0.0,,9,0.0,,0
107,distributional,clear,holdout,competing_models,2,1.0,0.0,2,1.0,0.0,6
107,distributional,clear,holdout,context_oracle,0,1.0,-2.0,9,0.0,,8
107,distributional,clear,holdout,delta_only,9,0.0,,9,0.0,,0
107,distributional,clear,holdout,frequency,9,0.0,,9,0.0,,0
107,distributional,clear,holdout,mdi,2,1.0,0.0,2,1.0,0.0,6
107,distributional,clear,holdout,mdi_decay0,2,1.0,0.0,2,1.0,0.0,6
107,distributional,clear,holdout,mdi_decay020,2,1.0,0.0,2,1.0,0.0,6
107,distributional,clear,holdout,mdi_no_novelty,2,1.0,0.0,2,1.0,0.0,6
107,distributional,clear,holdout,mdi_original,9,0.0,,9,0.0,,0
107,distributional,clear,holdout,mdi_reset,9,0.0,,9,0.0,,0
107,distributional,clear,holdout,mdi_with_delta,2,1.0,0.0,2,1.0,0.0,6
107,distributional,clear,holdout,predicate_match,2,1.0,0.0,5,1.0,3.0,6
107,distributional,clear,holdout,random,9,0.0,,9,0.0,,0
107,distributional,clear,holdout,recurrence,9,0.0,,9,0.0,,0
107,distributional,clear,holdout,similarity,9,0.0,,9,0.0,,0
107,distributional,clear,holdout,value_profile,2,1.0,0.0,2,1.0,0.0,6
107,distributional,detour,exposed,association_only,2,1.0,0.0,2,1.0,0.0,6
107,distributional,detour,exposed,clustering,9,0.0,,9,0.0,,0
107,distributional,detour,exposed,competing_models,2,1.0,0.0,2,1.0,0.0,6
107,distributional,detour,exposed,context_oracle,0,1.0,-2.0,9,0.0,,8
107,distributional,detour,exposed,delta_only,2,1.0,0.0,9,0.0,,6
107,distributional,detour,exposed,frequency,9,0.0,,9,0.0,,0
107,distributional,detour,exposed,mdi,2,1.0,0.0,2,1.0,0.0,6
107,distributional,detour,exposed,mdi_decay0,2,1.0,0.0,2,1.0,0.0,6
107,distributional,detour,exposed,mdi_decay020,2,1.0,0.0,2,1.0,0.0,6
107,distributional,detour,exposed,mdi_no_novelty,2,1.0,0.0,2,1.0,0.0,6
107,distributional,detour,exposed,mdi_original,9,0.0,,9,0.0,,0
107,distributional,detour,exposed,mdi_reset,9,0.0,,9,0.0,,0
107,distributional,detour,exposed,mdi_with_delta,2,1.0,0.0,2,1.0,0.0,6
107,distributional,detour,exposed,predicate_match,2,1.0,0.0,3,1.0,1.0,6
107,distributional,detour,exposed,random,9,0.0,,9,0.0,,0
107,distributional,detour,exposed,recurrence,2,1.0,0.0,9,0.0,,6
107,distributional,detour,exposed,similarity,9,0.0,,9,0.0,,0
107,distributional,detour,exposed,value_profile,2,1.0,0.0,2,1.0,0.0,6
107,distributional,detour,holdout,association_only,2,1.0,0.0,2,1.0,0.0,6
107,distributional,detour,holdout,clustering,9,0.0,,9,0.0,,0
107,distributional,detour,holdout,competing_models,2,1.0,0.0,2,1.0,0.0,6
107,distributional,detour,holdout,context_oracle,0,1.0,-2.0,9,0.0,,8
107,distributional,detour,holdout,delta_only,9,0.0,,9,0.0,,0
107,distributional,detour,holdout,frequency,9,0.0,,9,0.0,,0
107,distributional,detour,holdout,mdi,2,1.0,0.0,2,1.0,0.0,6
107,distributional,detour,holdout,mdi_decay0,2,1.0,0.0,2,1.0,0.0,6
107,distributional,detour,holdout,mdi_decay020,2,1.0,0.0,2,1.0,0.0,6
107,distributional,detour,holdout,mdi_no_novelty,2,1.0,0.0,2,1.0,0.0,6
107,distributional,detour,holdout,mdi_original,9,0.0,,9,0.0,,0
107,distributional,detour,holdout,mdi_reset,9,0.0,,9,0.0,,0
107,distributional,detour,holdout,mdi_with_delta,2,1.0,0.0,6,1.0,4.0,6
107,distributional,detour,holdout,predicate_match,2,1.0,0.0,3,1.0,1.0,6
107,distributional,detour,holdout,random,9,0.0,,9,0.0,,0
107,distributional,detour,holdout,recurrence,9,0.0,,9,0.0,,0
107,distributional,detour,holdout,similarity,9,0.0,,9,0.0,,0
107,distributional,detour,holdout,value_profile,2,1.0,0.0,2,1.0,0.0,6
107,distributional,null,exposed,association_only,9,0.0,,9,0.0,,0
107,distributional,null,exposed,clustering,9,0.0,,9,0.0,,0
107,distributional,null,exposed,competing_models,9,0.0,,9,0.0,,0
107,distributional,null,exposed,context_oracle,0,1.0,,9,0.0,,8
107,distributional,null,exposed,delta_only,9,0.0,,9,0.0,,0
107,distributional,null,exposed,frequency,9,0.0,,9,0.0,,0
107,distributional,null,exposed,mdi,9,0.0,,9,0.0,,0
107,distributional,null,exposed,mdi_decay0,9,0.0,,9,0.0,,0
107,distributional,null,exposed,mdi_decay020,9,0.0,,9,0.0,,0
107,distributional,null,exposed,mdi_no_novelty,9,0.0,,9,0.0,,0
107,distributional,null,exposed,mdi_original,9,0.0,,9,0.0,,0
107,distributional,null,exposed,mdi_reset,9,0.0,,9,0.0,,0
107,distributional,null,exposed,mdi_with_delta,9,0.0,,9,0.0,,0
107,distributional,null,exposed,predicate_match,9,0.0,,9,0.0,,0
107,distributional,null,exposed,random,9,0.0,,9,0.0,,0
107,distributional,null,exposed,recurrence,9,0.0,,9,0.0,,0
107,distributional,null,exposed,similarity,9,0.0,,9,0.0,,0
107,distributional,null,exposed,value_profile,9,0.0,,9,0.0,,0
107,distributional,null,holdout,association_only,9,0.0,,9,0.0,,0
107,distributional,null,holdout,clustering,9,0.0,,9,0.0,,0
107,distributional,null,holdout,competing_models,9,0.0,,9,0.0,,0
107,distributional,null,holdout,context_oracle,0,1.0,,9,0.0,,8
107,distributional,null,holdout,delta_only,9,0.0,,9,0.0,,0
107,distributional,null,holdout,frequency,9,0.0,,9,0.0,,0
107,distributional,null,holdout,mdi,9,0.0,,9,0.0,,0
107,distributional,null,holdout,mdi_decay0,9,0.0,,9,0.0,,0
107,distributional,null,holdout,mdi_decay020,9,0.0,,9,0.0,,0
107,distributional,null,holdout,mdi_no_novelty,9,0.0,,9,0.0,,0
107,distributional,null,holdout,mdi_original,9,0.0,,9,0.0,,0
107,distributional,null,holdout,mdi_reset,9,0.0,,9,0.0,,0
107,distributional,null,holdout,mdi_with_delta,9,0.0,,9,0.0,,0
107,distributional,null,holdout,predicate_match,9,0.0,,9,0.0,,0
107,distributional,null,holdout,random,9,0.0,,9,0.0,,0
107,distributional,null,holdout,recurrence,9,0.0,,9,0.0,,0
107,distributional,null,holdout,similarity,9,0.0,,9,0.0,,0
107,distributional,null,holdout,value_profile,9,0.0,,9,0.0,,0
107,distributional,switch,exposed,association_only,8,1.0,3.0,8,1.0,3.0,0
107,distributional,switch,exposed,clustering,9,0.0,,9,0.0,,0
107,distributional,switch,exposed,competing_models,7,1.0,2.0,7,1.0,2.0,1
107,distributional,switch,exposed,context_oracle,0,1.0,-5.0,9,0.0,,8
107,distributional,switch,exposed,delta_only,9,0.0,,9,0.0,,0
107,distributional,switch,exposed,frequency,9,0.0,,9,0.0,,0
107,distributional,switch,exposed,mdi,7,1.0,2.0,8,1.0,3.0,1
107,distributional,switch,exposed,mdi_decay0,8,1.0,3.0,8,1.0,3.0,0
107,distributional,switch,exposed,mdi_decay020,6,1.0,1.0,6,1.0,1.0,2
107,distributional,switch,exposed,mdi_no_novelty,8,1.0,3.0,8,1.0,3.0,0
107,distributional,switch,exposed,mdi_original,9,0.0,,9,0.0,,0
107,distributional,switch,exposed,mdi_reset,9,0.0,,9,0.0,,0
107,distributional,switch,exposed,mdi_with_delta,9,0.0,,9,0.0,,0
107,distributional,switch,exposed,predicate_match,8,1.0,3.0,8,1.0,3.0,0
107,distributional,switch,exposed,random,9,0.0,,9,0.0,,0
107,distributional,switch,exposed,recurrence,8,1.0,3.0,9,0.0,,0
107,distributional,switch,exposed,similarity,9,0.0,,9,0.0,,0
107,distributional,switch,exposed,value_profile,8,1.0,3.0,8,1.0,3.0,0
107,distributional,switch,holdout,association_only,8,1.0,3.0,8,1.0,3.0,0
107,distributional,switch,holdout,clustering,9,0.0,,9,0.0,,0
107,distributional,switch,holdout,competing_models,7,1.0,2.0,7,1.0,2.0,1
107,distributional,switch,holdout,context_oracle,0,1.0,-5.0,9,0.0,,8
107,distributional,switch,holdout,delta_only,9,0.0,,9,0.0,,0
107,distributional,switch,holdout,frequency,9,0.0,,9,0.0,,0
107,distributional,switch,holdout,mdi,8,1.0,3.0,8,1.0,3.0,0
107,distributional,switch,holdout,mdi_decay0,8,1.0,3.0,8,1.0,3.0,0
107,distributional,switch,holdout,mdi_decay020,6,1.0,1.0,6,1.0,1.0,2
107,distributional,switch,holdout,mdi_no_novelty,7,1.0,2.0,8,1.0,3.0,1
107,distributional,switch,holdout,mdi_original,9,0.0,,9,0.0,,0
107,distributional,switch,holdout,mdi_reset,9,0.0,,9,0.0,,0
107,distributional,switch,holdout,mdi_with_delta,9,0.0,,9,0.0,,0
107,distributional,switch,holdout,predicate_match,8,1.0,3.0,8,1.0,3.0,0
107,distributional,switch,holdout,random,9,0.0,,9,0.0,,0
107,distributional,switch,holdout,recurrence,9,0.0,,9,0.0,,0
107,distributional,switch,holdout,similarity,9,0.0,,9,0.0,,0
107,distributional,switch,holdout,value_profile,8,1.0,3.0,8,1.0,3.0,0
107,shared,ambiguous,exposed,association_only,9,0.0,,9,0.0,,0
107,shared,ambiguous,exposed,clustering,9,0.0,,9,0.0,,0
107,shared,ambiguous,exposed,competing_models,9,0.0,,9,0.0,,0
107,shared,ambiguous,exposed,context_oracle,9,0.0,,9,0.0,,0
107,shared,ambiguous,exposed,delta_only,9,0.0,,9,0.0,,0
107,shared,ambiguous,exposed,frequency,9,0.0,,9,0.0,,0
107,shared,ambiguous,exposed,mdi,9,0.0,,9,0.0,,0
107,shared,ambiguous,exposed,mdi_decay0,9,0.0,,9,0.0,,0
107,shared,ambiguous,exposed,mdi_decay020,9,0.0,,9,0.0,,0
107,shared,ambiguous,exposed,mdi_no_novelty,7,1.0,0.0,9,0.0,,1
107,shared,ambiguous,exposed,mdi_original,9,0.0,,9,0.0,,0
107,shared,ambiguous,exposed,mdi_reset,9,0.0,,9,0.0,,0
107,shared,ambiguous,exposed,mdi_with_delta,9,0.0,,9,0.0,,0
107,shared,ambiguous,exposed,predicate_match,7,1.0,0.0,9,0.0,,1
107,shared,ambiguous,exposed,random,9,0.0,,9,0.0,,0
107,shared,ambiguous,exposed,recurrence,7,1.0,0.0,9,0.0,,1
107,shared,ambiguous,exposed,similarity,9,0.0,,9,0.0,,0
107,shared,ambiguous,exposed,value_profile,9,0.0,,9,0.0,,0
107,shared,ambiguous,holdout,association_only,9,0.0,,9,0.0,,0
107,shared,ambiguous,holdout,clustering,9,0.0,,9,0.0,,0
107,shared,ambiguous,holdout,competing_models,9,0.0,,9,0.0,,0
107,shared,ambiguous,holdout,context_oracle,9,0.0,,9,0.0,,0
107,shared,ambiguous,holdout,delta_only,7,1.0,0.0,9,0.0,,1
107,shared,ambiguous,holdout,frequency,9,0.0,,9,0.0,,0
107,shared,ambiguous,holdout,mdi,7,1.0,0.0,9,0.0,,1
107,shared,ambiguous,holdout,mdi_decay0,7,1.0,0.0,9,0.0,,1
107,shared,ambiguous,holdout,mdi_decay020,7,1.0,0.0,9,0.0,,1
107,shared,ambiguous,holdout,mdi_no_novelty,9,0.0,,9,0.0,,0
107,shared,ambiguous,holdout,mdi_original,9,0.0,,9,0.0,,0
107,shared,ambiguous,holdout,mdi_reset,9,0.0,,9,0.0,,0
107,shared,ambiguous,holdout,mdi_with_delta,7,1.0,0.0,9,0.0,,1
107,shared,ambiguous,holdout,predicate_match,7,1.0,0.0,9,0.0,,1
107,shared,ambiguous,holdout,random,9,0.0,,9,0.0,,0
107,shared,ambiguous,holdout,recurrence,9,0.0,,9,0.0,,0
107,shared,ambiguous,holdout,similarity,9,0.0,,9,0.0,,0
107,shared,ambiguous,holdout,value_profile,9,0.0,,9,0.0,,0
107,shared,clear,exposed,association_only,3,1.0,0.0,8,1.0,5.0,5
107,shared,clear,exposed,clustering,9,0.0,,9,0.0,,0
107,shared,clear,exposed,competing_models,3,1.0,0.0,8,1.0,5.0,5
107,shared,clear,exposed,context_oracle,9,0.0,,9,0.0,,0
107,shared,clear,exposed,delta_only,5,1.0,2.0,9,0.0,,3
107,shared,clear,exposed,frequency,9,0.0,,9,0.0,,0
107,shared,clear,exposed,mdi,3,1.0,0.0,9,0.0,,5
107,shared,clear,exposed,mdi_decay0,3,1.0,0.0,9,0.0,,5
107,shared,clear,exposed,mdi_decay020,3,1.0,0.0,9,0.0,,5
107,shared,clear,exposed,mdi_no_novelty,3,1.0,0.0,8,1.0,5.0,5
107,shared,clear,exposed,mdi_original,9,0.0,,9,0.0,,0
107,shared,clear,exposed,mdi_reset,9,0.0,,9,0.0,,0
107,shared,clear,exposed,mdi_with_delta,3,1.0,0.0,9,0.0,,5
107,shared,clear,exposed,predicate_match,3,1.0,0.0,5,1.0,2.0,5
107,shared,clear,exposed,random,9,0.0,,9,0.0,,0
107,shared,clear,exposed,recurrence,3,1.0,0.0,5,1.0,2.0,5
107,shared,clear,exposed,similarity,9,0.0,,9,0.0,,0
107,shared,clear,exposed,value_profile,7,1.0,4.0,8,1.0,5.0,1
107,shared,clear,holdout,association_only,3,1.0,0.0,9,0.0,,5
107,shared,clear,holdout,clustering,9,0.0,,9,0.0,,0
107,shared,clear,holdout,competing_models,5,1.0,2.0,9,0.0,,3
107,shared,clear,holdout,context_oracle,9,0.0,,9,0.0,,0
107,shared,clear,holdout,delta_only,3,1.0,0.0,9,0.0,,5
107,shared,clear,holdout,frequency,9,0.0,,9,0.0,,0
107,shared,clear,holdout,mdi,7,1.0,4.0,9,0.0,,1
107,shared,clear,holdout,mdi_decay0,7,1.0,4.0,9,0.0,,1
107,shared,clear,holdout,mdi_decay020,3,1.0,0.0,9,0.0,,5
107,shared,clear,holdout,mdi_no_novelty,7,1.0,4.0,9,0.0,,1
107,shared,clear,holdout,mdi_original,9,0.0,,9,0.0,,0
107,shared,clear,holdout,mdi_reset,9,0.0,,9,0.0,,0
107,shared,clear,holdout,mdi_with_delta,3,1.0,0.0,9,0.0,,5
107,shared,clear,holdout,predicate_match,3,1.0,0.0,5,1.0,2.0,5
107,shared,clear,holdout,random,9,0.0,,9,0.0,,0
107,shared,clear,holdout,recurrence,9,0.0,,9,0.0,,0
107,shared,clear,holdout,similarity,9,0.0,,9,0.0,,0
107,shared,clear,holdout,value_profile,7,1.0,4.0,9,0.0,,1
107,shared,detour,exposed,association_only,9,0.0,,9,0.0,,0
107,shared,detour,exposed,clustering,9,0.0,,9,0.0,,0
107,shared,detour,exposed,competing_models,3,1.0,0.0,9,0.0,,5
107,shared,detour,exposed,context_oracle,9,0.0,,9,0.0,,0
107,shared,detour,exposed,delta_only,9,0.0,,9,0.0,,0
107,shared,detour,exposed,frequency,9,0.0,,9,0.0,,0
107,shared,detour,exposed,mdi,9,0.0,,9,0.0,,0
107,shared,detour,exposed,mdi_decay0,9,0.0,,9,0.0,,0
107,shared,detour,exposed,mdi_decay020,9,0.0,,9,0.0,,0
107,shared,detour,exposed,mdi_no_novelty,9,0.0,,9,0.0,,0
107,shared,detour,exposed,mdi_original,9,0.0,,9,0.0,,0
107,shared,detour,exposed,mdi_reset,9,0.0,,9,0.0,,0
107,shared,detour,exposed,mdi_with_delta,9,0.0,,9,0.0,,0
107,shared,detour,exposed,predicate_match,3,1.0,0.0,9,0.0,,5
107,shared,detour,exposed,random,9,0.0,,9,0.0,,0
107,shared,detour,exposed,recurrence,8,1.0,5.0,9,0.0,,0
107,shared,detour,exposed,similarity,9,0.0,,9,0.0,,0
107,shared,detour,exposed,value_profile,9,0.0,,9,0.0,,0
107,shared,detour,holdout,association_only,9,0.0,,9,0.0,,0
107,shared,detour,holdout,clustering,9,0.0,,9,0.0,,0
107,shared,detour,holdout,competing_models,9,0.0,,9,0.0,,0
107,shared,detour,holdout,context_oracle,9,0.0,,9,0.0,,0
107,shared,detour,holdout,delta_only,9,0.0,,9,0.0,,0
107,shared,detour,holdout,frequency,9,0.0,,9,0.0,,0
107,shared,detour,holdout,mdi,9,0.0,,9,0.0,,0
107,shared,detour,holdout,mdi_decay0,9,0.0,,9,0.0,,0
107,shared,detour,holdout,mdi_decay020,9,0.0,,9,0.0,,0
107,shared,detour,holdout,mdi_no_novelty,9,0.0,,9,0.0,,0
107,shared,detour,holdout,mdi_original,9,0.0,,9,0.0,,0
107,shared,detour,holdout,mdi_reset,9,0.0,,9,0.0,,0
107,shared,detour,holdout,mdi_with_delta,9,0.0,,9,0.0,,0
107,shared,detour,holdout,predicate_match,3,1.0,0.0,9,0.0,,5
107,shared,detour,holdout,random,9,0.0,,9,0.0,,0
107,shared,detour,holdout,recurrence,9,0.0,,9,0.0,,0
107,shared,detour,holdout,similarity,9,0.0,,9,0.0,,0
107,shared,detour,holdout,value_profile,9,0.0,,9,0.0,,0
107,shared,null,exposed,association_only,9,0.0,,9,0.0,,0
107,shared,null,exposed,clustering,9,0.0,,9,0.0,,0
107,shared,null,exposed,competing_models,9,0.0,,9,0.0,,0
107,shared,null,exposed,context_oracle,9,0.0,,9,0.0,,0
107,shared,null,exposed,delta_only,9,0.0,,9,0.0,,0
107,shared,null,exposed,frequency,9,0.0,,9,0.0,,0
107,shared,null,exposed,mdi,9,0.0,,9,0.0,,0
107,shared,null,exposed,mdi_decay0,9,0.0,,9,0.0,,0
107,shared,null,exposed,mdi_decay020,9,0.0,,9,0.0,,0
107,shared,null,exposed,mdi_no_novelty,9,0.0,,9,0.0,,0
107,shared,null,exposed,mdi_original,9,0.0,,9,0.0,,0
107,shared,null,exposed,mdi_reset,9,0.0,,9,0.0,,0
107,shared,null,exposed,mdi_with_delta,9,0.0,,9,0.0,,0
107,shared,null,exposed,predicate_match,9,0.0,,9,0.0,,0
107,shared,null,exposed,random,9,0.0,,9,0.0,,0
107,shared,null,exposed,recurrence,9,0.0,,9,0.0,,0
107,shared,null,exposed,similarity,9,0.0,,9,0.0,,0
107,shared,null,exposed,value_profile,9,0.0,,9,0.0,,0
107,shared,null,holdout,association_only,9,0.0,,9,0.0,,0
107,shared,null,holdout,clustering,9,0.0,,9,0.0,,0
107,shared,null,holdout,competing_models,9,0.0,,9,0.0,,0
107,shared,null,holdout,context_oracle,9,0.0,,9,0.0,,0
107,shared,null,holdout,delta_only,9,0.0,,9,0.0,,0
107,shared,null,holdout,frequency,9,0.0,,9,0.0,,0
107,shared,null,holdout,mdi,9,0.0,,9,0.0,,0
107,shared,null,holdout,mdi_decay0,9,0.0,,9,0.0,,0
107,shared,null,holdout,mdi_decay020,9,0.0,,9,0.0,,0
107,shared,null,holdout,mdi_no_novelty,9,0.0,,9,0.0,,0
107,shared,null,holdout,mdi_original,9,0.0,,9,0.0,,0
107,shared,null,holdout,mdi_reset,9,0.0,,9,0.0,,0
107,shared,null,holdout,mdi_with_delta,9,0.0,,9,0.0,,0
107,shared,null,holdout,predicate_match,9,0.0,,9,0.0,,0
107,shared,null,holdout,random,9,0.0,,9,0.0,,0
107,shared,null,holdout,recurrence,9,0.0,,9,0.0,,0
107,shared,null,holdout,similarity,9,0.0,,9,0.0,,0
107,shared,null,holdout,value_profile,9,0.0,,9,0.0,,0
107,shared,switch,exposed,association_only,8,1.0,2.0,9,0.0,,0
107,shared,switch,exposed,clustering,9,0.0,,9,0.0,,0
107,shared,switch,exposed,competing_models,8,1.0,2.0,9,0.0,,0
107,shared,switch,exposed,context_oracle,9,0.0,,9,0.0,,0
107,shared,switch,exposed,delta_only,8,1.0,2.0,9,0.0,,0
107,shared,switch,exposed,frequency,9,0.0,,9,0.0,,0
107,shared,switch,exposed,mdi,8,1.0,2.0,9,0.0,,0
107,shared,switch,exposed,mdi_decay0,9,0.0,,9,0.0,,0
107,shared,switch,exposed,mdi_decay020,7,1.0,1.0,9,0.0,,1
107,shared,switch,exposed,mdi_no_novelty,8,1.0,2.0,9,0.0,,0
107,shared,switch,exposed,mdi_original,9,0.0,,9,0.0,,0
107,shared,switch,exposed,mdi_reset,9,0.0,,9,0.0,,0
107,shared,switch,exposed,mdi_with_delta,8,1.0,2.0,9,0.0,,0
107,shared,switch,exposed,predicate_match,8,1.0,2.0,8,1.0,2.0,0
107,shared,switch,exposed,random,9,0.0,,9,0.0,,0
107,shared,switch,exposed,recurrence,9,0.0,,9,0.0,,0
107,shared,switch,exposed,similarity,9,0.0,,9,0.0,,0
107,shared,switch,exposed,value_profile,9,0.0,,9,0.0,,0
107,shared,switch,holdout,association_only,9,0.0,,9,0.0,,0
107,shared,switch,holdout,clustering,9,0.0,,9,0.0,,0
107,shared,switch,holdout,competing_models,9,0.0,,9,0.0,,0
107,shared,switch,holdout,context_oracle,9,0.0,,9,0.0,,0
107,shared,switch,holdout,delta_only,9,0.0,,9,0.0,,0
107,shared,switch,holdout,frequency,9,0.0,,9,0.0,,0
107,shared,switch,holdout,mdi,9,0.0,,9,0.0,,0
107,shared,switch,holdout,mdi_decay0,9,0.0,,9,0.0,,0
107,shared,switch,holdout,mdi_decay020,9,0.0,,9,0.0,,0
107,shared,switch,holdout,mdi_no_novelty,9,0.0,,9,0.0,,0
107,shared,switch,holdout,mdi_original,9,0.0,,9,0.0,,0
107,shared,switch,holdout,mdi_reset,9,0.0,,9,0.0,,0
107,shared,switch,holdout,mdi_with_delta,9,0.0,,9,0.0,,0
107,shared,switch,holdout,predicate_match,8,1.0,2.0,8,1.0,2.0,0
107,shared,switch,holdout,random,9,0.0,,9,0.0,,0
107,shared,switch,holdout,recurrence,9,0.0,,9,0.0,,0
107,shared,switch,holdout,similarity,9,0.0,,9,0.0,,0
107,shared,switch,holdout,value_profile,9,0.0,,9,0.0,,0
107,structural,ambiguous,exposed,association_only,6,1.0,0.0,7,1.0,1.0,2
107,structural,ambiguous,exposed,clustering,9,0.0,,9,0.0,,0
107,structural,ambiguous,exposed,competing_models,6,1.0,0.0,6,1.0,0.0,2
107,structural,ambiguous,exposed,context_oracle,0,1.0,-6.0,9,0.0,,8
107,structural,ambiguous,exposed,delta_only,6,1.0,0.0,9,0.0,,2
107,structural,ambiguous,exposed,frequency,9,0.0,,9,0.0,,0
107,structural,ambiguous,exposed,mdi,6,1.0,0.0,7,1.0,1.0,2
107,structural,ambiguous,exposed,mdi_decay0,7,1.0,1.0,7,1.0,1.0,1
107,structural,ambiguous,exposed,mdi_decay020,6,1.0,0.0,6,1.0,0.0,2
107,structural,ambiguous,exposed,mdi_no_novelty,6,1.0,0.0,7,1.0,1.0,2
107,structural,ambiguous,exposed,mdi_original,6,1.0,0.0,7,1.0,1.0,2
107,structural,ambiguous,exposed,mdi_reset,9,0.0,,9,0.0,,0
107,structural,ambiguous,exposed,mdi_with_delta,6,1.0,0.0,9,0.0,,2
107,structural,ambiguous,exposed,predicate_match,6,1.0,0.0,9,0.0,,2
107,structural,ambiguous,exposed,random,9,0.0,,9,0.0,,0
107,structural,ambiguous,exposed,recurrence,6,1.0,0.0,9,0.0,,2
107,structural,ambiguous,exposed,similarity,9,0.0,,9,0.0,,0
107,structural,ambiguous,exposed,value_profile,6,1.0,0.0,6,1.0,0.0,2
107,structural,ambiguous,holdout,association_only,6,1.0,0.0,6,1.0,0.0,2
107,structural,ambiguous,holdout,clustering,9,0.0,,9,0.0,,0
107,structural,ambiguous,holdout,competing_models,6,1.0,0.0,6,1.0,0.0,2
107,structural,ambiguous,holdout,context_oracle,0,1.0,-6.0,9,0.0,,8
107,structural,ambiguous,holdout,delta_only,6,1.0,0.0,9,0.0,,2
107,structural,ambiguous,holdout,frequency,9,0.0,,9,0.0,,0
107,structural,ambiguous,holdout,mdi,6,1.0,0.0,6,1.0,0.0,2
107,structural,ambiguous,holdout,mdi_decay0,6,1.0,0.0,7,1.0,1.0,2
107,structural,ambiguous,holdout,mdi_decay020,6,1.0,0.0,6,1.0,0.0,2
107,structural,ambiguous,holdout,mdi_no_novelty,6,1.0,0.0,6,1.0,0.0,2
107,structural,ambiguous,holdout,mdi_original,6,1.0,0.0,6,1.0,0.0,2
107,structural,ambiguous,holdout,mdi_reset,9,0.0,,9,0.0,,0
107,structural,ambiguous,holdout,mdi_with_delta,6,1.0,0.0,9,0.0,,2
107,structural,ambiguous,holdout,predicate_match,6,1.0,0.0,9,0.0,,2
107,structural,ambiguous,holdout,random,9,0.0,,9,0.0,,0
107,structural,ambiguous,holdout,recurrence,9,0.0,,9,0.0,,0
107,structural,ambiguous,holdout,similarity,9,0.0,,9,0.0,,0
107,structural,ambiguous,holdout,value_profile,6,1.0,0.0,6,1.0,0.0,2
107,structural,clear,exposed,association_only,2,1.0,0.0,2,1.0,0.0,6
107,structural,clear,exposed,clustering,9,0.0,,9,0.0,,0
107,structural,clear,exposed,competing_models,2,1.0,0.0,2,1.0,0.0,6
107,structural,clear,exposed,context_oracle,0,1.0,-2.0,9,0.0,,8
107,structural,clear,exposed,delta_only,2,1.0,0.0,9,0.0,,6
107,structural,clear,exposed,frequency,9,0.0,,9,0.0,,0
107,structural,clear,exposed,mdi,2,1.0,0.0,2,1.0,0.0,6
107,structural,clear,exposed,mdi_decay0,2,1.0,0.0,2,1.0,0.0,6
107,structural,clear,exposed,mdi_decay020,2,1.0,0.0,2,1.0,0.0,6
107,structural,clear,exposed,mdi_no_novelty,2,1.0,0.0,2,1.0,0.0,6
107,structural,clear,exposed,mdi_original,2,1.0,0.0,2,1.0,0.0,6
107,structural,clear,exposed,mdi_reset,9,0.0,,9,0.0,,0
107,structural,clear,exposed,mdi_with_delta,2,1.0,0.0,2,1.0,0.0,6
107,structural,clear,exposed,predicate_match,2,1.0,0.0,5,1.0,3.0,6
107,structural,clear,exposed,random,9,0.0,,9,0.0,,0
107,structural,clear,exposed,recurrence,2,1.0,0.0,4,1.0,2.0,6
107,structural,clear,exposed,similarity,9,0.0,,9,0.0,,0
107,structural,clear,exposed,value_profile,2,1.0,0.0,2,1.0,0.0,6
107,structural,clear,holdout,association_only,2,1.0,0.0,2,1.0,0.0,6
107,structural,clear,holdout,clustering,9,0.0,,9,0.0,,0
107,structural,clear,holdout,competing_models,2,1.0,0.0,2,1.0,0.0,6
107,structural,clear,holdout,context_oracle,0,1.0,-2.0,9,0.0,,8
107,structural,clear,holdout,delta_only,2,1.0,0.0,9,0.0,,6
107,structural,clear,holdout,frequency,9,0.0,,9,0.0,,0
107,structural,clear,holdout,mdi,2,1.0,0.0,2,1.0,0.0,6
107,structural,clear,holdout,mdi_decay0,2,1.0,0.0,2,1.0,0.0,6
107,structural,clear,holdout,mdi_decay020,2,1.0,0.0,2,1.0,0.0,6
107,structural,clear,holdout,mdi_no_novelty,2,1.0,0.0,2,1.0,0.0,6
107,structural,clear,holdout,mdi_original,2,1.0,0.0,2,1.0,0.0,6
107,structural,clear,holdout,mdi_reset,9,0.0,,9,0.0,,0
107,structural,clear,holdout,mdi_with_delta,2,1.0,0.0,2,1.0,0.0,6
107,structural,clear,holdout,predicate_match,2,1.0,0.0,5,1.0,3.0,6
107,structural,clear,holdout,random,9,0.0,,9,0.0,,0
107,structural,clear,holdout,recurrence,9,0.0,,9,0.0,,0
107,structural,clear,holdout,similarity,9,0.0,,9,0.0,,0
107,structural,clear,holdout,value_profile,2,1.0,0.0,2,1.0,0.0,6
107,structural,detour,exposed,association_only,2,1.0,0.0,2,1.0,0.0,6
107,structural,detour,exposed,clustering,9,0.0,,9,0.0,,0
107,structural,detour,exposed,competing_models,2,1.0,0.0,2,1.0,0.0,6
107,structural,detour,exposed,context_oracle,0,1.0,-2.0,9,0.0,,8
107,structural,detour,exposed,delta_only,2,1.0,0.0,9,0.0,,6
107,structural,detour,exposed,frequency,9,0.0,,9,0.0,,0
107,structural,detour,exposed,mdi,2,1.0,0.0,2,1.0,0.0,6
107,structural,detour,exposed,mdi_decay0,2,1.0,0.0,2,1.0,0.0,6
107,structural,detour,exposed,mdi_decay020,2,1.0,0.0,2,1.0,0.0,6
107,structural,detour,exposed,mdi_no_novelty,2,1.0,0.0,2,1.0,0.0,6
107,structural,detour,exposed,mdi_original,2,1.0,0.0,8,1.0,6.0,6
107,structural,detour,exposed,mdi_reset,9,0.0,,9,0.0,,0
107,structural,detour,exposed,mdi_with_delta,2,1.0,0.0,9,0.0,,6
107,structural,detour,exposed,predicate_match,2,1.0,0.0,3,1.0,1.0,6
107,structural,detour,exposed,random,9,0.0,,9,0.0,,0
107,structural,detour,exposed,recurrence,2,1.0,0.0,9,0.0,,6
107,structural,detour,exposed,similarity,9,0.0,,9,0.0,,0
107,structural,detour,exposed,value_profile,2,1.0,0.0,2,1.0,0.0,6
107,structural,detour,holdout,association_only,2,1.0,0.0,2,1.0,0.0,6
107,structural,detour,holdout,clustering,9,0.0,,9,0.0,,0
107,structural,detour,holdout,competing_models,2,1.0,0.0,2,1.0,0.0,6
107,structural,detour,holdout,context_oracle,0,1.0,-2.0,9,0.0,,8
107,structural,detour,holdout,delta_only,2,1.0,0.0,9,0.0,,6
107,structural,detour,holdout,frequency,9,0.0,,9,0.0,,0
107,structural,detour,holdout,mdi,2,1.0,0.0,2,1.0,0.0,6
107,structural,detour,holdout,mdi_decay0,2,1.0,0.0,2,1.0,0.0,6
107,structural,detour,holdout,mdi_decay020,2,1.0,0.0,2,1.0,0.0,6
107,structural,detour,holdout,mdi_no_novelty,2,1.0,0.0,2,1.0,0.0,6
107,structural,detour,holdout,mdi_original,2,1.0,0.0,2,1.0,0.0,6
107,structural,detour,holdout,mdi_reset,9,0.0,,9,0.0,,0
107,structural,detour,holdout,mdi_with_delta,2,1.0,0.0,9,0.0,,6
107,structural,detour,holdout,predicate_match,2,1.0,0.0,3,1.0,1.0,6
107,structural,detour,holdout,random,9,0.0,,9,0.0,,0
107,structural,detour,holdout,recurrence,9,0.0,,9,0.0,,0
107,structural,detour,holdout,similarity,9,0.0,,9,0.0,,0
107,structural,detour,holdout,value_profile,2,1.0,0.0,2,1.0,0.0,6
107,structural,null,exposed,association_only,9,0.0,,9,0.0,,0
107,structural,null,exposed,clustering,9,0.0,,9,0.0,,0
107,structural,null,exposed,competing_models,9,0.0,,9,0.0,,0
107,structural,null,exposed,context_oracle,0,1.0,,9,0.0,,8
107,structural,null,exposed,delta_only,9,0.0,,9,0.0,,0
107,structural,null,exposed,frequency,9,0.0,,9,0.0,,0
107,structural,null,exposed,mdi,9,0.0,,9,0.0,,0
107,structural,null,exposed,mdi_decay0,9,0.0,,9,0.0,,0
107,structural,null,exposed,mdi_decay020,9,0.0,,9,0.0,,0
107,structural,null,exposed,mdi_no_novelty,9,0.0,,9,0.0,,0
107,structural,null,exposed,mdi_original,9,0.0,,9,0.0,,0
107,structural,null,exposed,mdi_reset,9,0.0,,9,0.0,,0
107,structural,null,exposed,mdi_with_delta,9,0.0,,9,0.0,,0
107,structural,null,exposed,predicate_match,9,0.0,,9,0.0,,0
107,structural,null,exposed,random,9,0.0,,9,0.0,,0
107,structural,null,exposed,recurrence,9,0.0,,9,0.0,,0
107,structural,null,exposed,similarity,9,0.0,,9,0.0,,0
107,structural,null,exposed,value_profile,9,0.0,,9,0.0,,0
107,structural,null,holdout,association_only,9,0.0,,9,0.0,,0
107,structural,null,holdout,clustering,9,0.0,,9,0.0,,0
107,structural,null,holdout,competing_models,9,0.0,,9,0.0,,0
107,structural,null,holdout,context_oracle,0,1.0,,9,0.0,,8
107,structural,null,holdout,delta_only,9,0.0,,9,0.0,,0
107,structural,null,holdout,frequency,9,0.0,,9,0.0,,0
107,structural,null,holdout,mdi,9,0.0,,9,0.0,,0
107,structural,null,holdout,mdi_decay0,9,0.0,,9,0.0,,0
107,structural,null,holdout,mdi_decay020,9,0.0,,9,0.0,,0
107,structural,null,holdout,mdi_no_novelty,9,0.0,,9,0.0,,0
107,structural,null,holdout,mdi_original,9,0.0,,9,0.0,,0
107,structural,null,holdout,mdi_reset,9,0.0,,9,0.0,,0
107,structural,null,holdout,mdi_with_delta,9,0.0,,9,0.0,,0
107,structural,null,holdout,predicate_match,9,0.0,,9,0.0,,0
107,structural,null,holdout,random,9,0.0,,9,0.0,,0
107,structural,null,holdout,recurrence,9,0.0,,9,0.0,,0
107,structural,null,holdout,similarity,9,0.0,,9,0.0,,0
107,structural,null,holdout,value_profile,9,0.0,,9,0.0,,0
107,structural,switch,exposed,association_only,8,1.0,3.0,9,0.0,,0
107,structural,switch,exposed,clustering,9,0.0,,9,0.0,,0
107,structural,switch,exposed,competing_models,7,1.0,2.0,7,1.0,2.0,1
107,structural,switch,exposed,context_oracle,0,1.0,-5.0,9,0.0,,8
107,structural,switch,exposed,delta_only,9,0.0,,9,0.0,,0
107,structural,switch,exposed,frequency,9,0.0,,9,0.0,,0
107,structural,switch,exposed,mdi,8,1.0,3.0,9,0.0,,0
107,structural,switch,exposed,mdi_decay0,8,1.0,3.0,9,0.0,,0
107,structural,switch,exposed,mdi_decay020,6,1.0,1.0,8,1.0,3.0,2
107,structural,switch,exposed,mdi_no_novelty,7,1.0,2.0,9,0.0,,1
107,structural,switch,exposed,mdi_original,8,1.0,3.0,9,0.0,,0
107,structural,switch,exposed,mdi_reset,9,0.0,,9,0.0,,0
107,structural,switch,exposed,mdi_with_delta,9,0.0,,9,0.0,,0
107,structural,switch,exposed,predicate_match,7,1.0,2.0,8,1.0,3.0,1
107,structural,switch,exposed,random,9,0.0,,9,0.0,,0
107,structural,switch,exposed,recurrence,7,1.0,2.0,9,0.0,,1
107,structural,switch,exposed,similarity,9,0.0,,9,0.0,,0
107,structural,switch,exposed,value_profile,7,1.0,2.0,8,1.0,3.0,1
107,structural,switch,holdout,association_only,8,1.0,3.0,9,0.0,,0
107,structural,switch,holdout,clustering,9,0.0,,9,0.0,,0
107,structural,switch,holdout,competing_models,7,1.0,2.0,7,1.0,2.0,1
107,structural,switch,holdout,context_oracle,0,1.0,-5.0,9,0.0,,8
107,structural,switch,holdout,delta_only,9,0.0,,9,0.0,,0
107,structural,switch,holdout,frequency,9,0.0,,9,0.0,,0
107,structural,switch,holdout,mdi,8,1.0,3.0,8,1.0,3.0,0
107,structural,switch,holdout,mdi_decay0,8,1.0,3.0,8,1.0,3.0,0
107,structural,switch,holdout,mdi_decay020,6,1.0,1.0,8,1.0,3.0,2
107,structural,switch,holdout,mdi_no_novelty,7,1.0,2.0,8,1.0,3.0,1
107,structural,switch,holdout,mdi_original,8,1.0,3.0,8,1.0,3.0,0
107,structural,switch,holdout,mdi_reset,9,0.0,,9,0.0,,0
107,structural,switch,holdout,mdi_with_delta,9,0.0,,9,0.0,,0
107,structural,switch,holdout,predicate_match,7,1.0,2.0,8,1.0,3.0,1
107,structural,switch,holdout,random,9,0.0,,9,0.0,,0
107,structural,switch,holdout,recurrence,9,0.0,,9,0.0,,0
107,structural,switch,holdout,similarity,9,0.0,,9,0.0,,0
107,structural,switch,holdout,value_profile,7,1.0,2.0,8,1.0,3.0,1
108,compositional,ambiguous,exposed,association_only,6,1.0,0.0,8,1.0,2.0,2
108,compositional,ambiguous,exposed,clustering,9,0.0,,9,0.0,,0
108,compositional,ambiguous,exposed,competing_models,6,1.0,0.0,9,0.0,,2
108,compositional,ambiguous,exposed,context_oracle,0,1.0,-6.0,9,0.0,,8
108,compositional,ambiguous,exposed,delta_only,6,1.0,0.0,9,0.0,,2
108,compositional,ambiguous,exposed,frequency,9,0.0,,9,0.0,,0
108,compositional,ambiguous,exposed,mdi,6,1.0,0.0,9,0.0,,2
108,compositional,ambiguous,exposed,mdi_decay0,6,1.0,0.0,9,0.0,,2
108,compositional,ambiguous,exposed,mdi_decay020,6,1.0,0.0,9,0.0,,2
108,compositional,ambiguous,exposed,mdi_no_novelty,6,1.0,0.0,9,0.0,,2
108,compositional,ambiguous,exposed,mdi_original,6,1.0,0.0,9,0.0,,2
108,compositional,ambiguous,exposed,mdi_reset,9,0.0,,9,0.0,,0
108,compositional,ambiguous,exposed,mdi_with_delta,6,1.0,0.0,9,0.0,,2
108,compositional,ambiguous,exposed,predicate_match,6,1.0,0.0,8,1.0,2.0,2
108,compositional,ambiguous,exposed,random,9,0.0,,9,0.0,,0
108,compositional,ambiguous,exposed,recurrence,6,1.0,0.0,9,0.0,,2
108,compositional,ambiguous,exposed,similarity,9,0.0,,9,0.0,,0
108,compositional,ambiguous,exposed,value_profile,6,1.0,0.0,9,0.0,,2
108,compositional,ambiguous,holdout,association_only,6,1.0,0.0,8,1.0,2.0,2
108,compositional,ambiguous,holdout,clustering,9,0.0,,9,0.0,,0
108,compositional,ambiguous,holdout,competing_models,6,1.0,0.0,9,0.0,,2
108,compositional,ambiguous,holdout,context_oracle,0,1.0,-6.0,9,0.0,,8
108,compositional,ambiguous,holdout,delta_only,6,1.0,0.0,9,0.0,,2
108,compositional,ambiguous,holdout,frequency,9,0.0,,9,0.0,,0
108,compositional,ambiguous,holdout,mdi,6,1.0,0.0,9,0.0,,2
108,compositional,ambiguous,holdout,mdi_decay0,6,1.0,0.0,9,0.0,,2
108,compositional,ambiguous,holdout,mdi_decay020,6,1.0,0.0,9,0.0,,2
108,compositional,ambiguous,holdout,mdi_no_novelty,6,1.0,0.0,9,0.0,,2
108,compositional,ambiguous,holdout,mdi_original,6,1.0,0.0,9,0.0,,2
108,compositional,ambiguous,holdout,mdi_reset,9,0.0,,9,0.0,,0
108,compositional,ambiguous,holdout,mdi_with_delta,6,1.0,0.0,9,0.0,,2
108,compositional,ambiguous,holdout,predicate_match,6,1.0,0.0,8,1.0,2.0,2
108,compositional,ambiguous,holdout,random,9,0.0,,9,0.0,,0
108,compositional,ambiguous,holdout,recurrence,9,0.0,,9,0.0,,0
108,compositional,ambiguous,holdout,similarity,9,0.0,,9,0.0,,0
108,compositional,ambiguous,holdout,value_profile,6,1.0,0.0,9,0.0,,2
108,compositional,clear,exposed,association_only,2,1.0,0.0,9,0.0,,6
108,compositional,clear,exposed,clustering,9,0.0,,9,0.0,,0
108,compositional,clear,exposed,competing_models,2,1.0,0.0,9,0.0,,6
108,compositional,clear,exposed,context_oracle,0,1.0,-2.0,9,0.0,,8
108,compositional,clear,exposed,delta_only,6,1.0,4.0,9,0.0,,2
108,compositional,clear,exposed,frequency,9,0.0,,9,0.0,,0
108,compositional,clear,exposed,mdi,2,1.0,0.0,9,0.0,,6
108,compositional,clear,exposed,mdi_decay0,2,1.0,0.0,9,0.0,,6
108,compositional,clear,exposed,mdi_decay020,2,1.0,0.0,9,0.0,,6
108,compositional,clear,exposed,mdi_no_novelty,2,1.0,0.0,9,0.0,,6
108,compositional,clear,exposed,mdi_original,2,1.0,0.0,9,0.0,,6
108,compositional,clear,exposed,mdi_reset,9,0.0,,9,0.0,,0
108,compositional,clear,exposed,mdi_with_delta,2,1.0,0.0,9,0.0,,6
108,compositional,clear,exposed,predicate_match,2,1.0,0.0,9,0.0,,6
108,compositional,clear,exposed,random,9,0.0,,9,0.0,,0
108,compositional,clear,exposed,recurrence,2,1.0,0.0,9,0.0,,6
108,compositional,clear,exposed,similarity,9,0.0,,9,0.0,,0
108,compositional,clear,exposed,value_profile,2,1.0,0.0,9,0.0,,6
108,compositional,clear,holdout,association_only,2,1.0,0.0,2,1.0,0.0,6
108,compositional,clear,holdout,clustering,9,0.0,,9,0.0,,0
108,compositional,clear,holdout,competing_models,2,1.0,0.0,9,0.0,,6
108,compositional,clear,holdout,context_oracle,0,1.0,-2.0,9,0.0,,8
108,compositional,clear,holdout,delta_only,2,1.0,0.0,9,0.0,,6
108,compositional,clear,holdout,frequency,9,0.0,,9,0.0,,0
108,compositional,clear,holdout,mdi,2,1.0,0.0,3,1.0,1.0,6
108,compositional,clear,holdout,mdi_decay0,2,1.0,0.0,6,1.0,4.0,6
108,compositional,clear,holdout,mdi_decay020,2,1.0,0.0,9,0.0,,6
108,compositional,clear,holdout,mdi_no_novelty,2,1.0,0.0,7,1.0,5.0,6
108,compositional,clear,holdout,mdi_original,2,1.0,0.0,6,1.0,4.0,6
108,compositional,clear,holdout,mdi_reset,9,0.0,,9,0.0,,0
108,compositional,clear,holdout,mdi_with_delta,2,1.0,0.0,9,0.0,,6
108,compositional,clear,holdout,predicate_match,2,1.0,0.0,9,0.0,,6
108,compositional,clear,holdout,random,9,0.0,,9,0.0,,0
108,compositional,clear,holdout,recurrence,9,0.0,,9,0.0,,0
108,compositional,clear,holdout,similarity,9,0.0,,9,0.0,,0
108,compositional,clear,holdout,value_profile,2,1.0,0.0,9,0.0,,6
108,compositional,detour,exposed,association_only,2,1.0,0.0,9,0.0,,6
108,compositional,detour,exposed,clustering,9,0.0,,9,0.0,,0
108,compositional,detour,exposed,competing_models,2,1.0,0.0,9,0.0,,6
108,compositional,detour,exposed,context_oracle,0,1.0,-2.0,9,0.0,,8
108,compositional,detour,exposed,delta_only,2,1.0,0.0,9,0.0,,6
108,compositional,detour,exposed,frequency,9,0.0,,9,0.0,,0
108,compositional,detour,exposed,mdi,2,1.0,0.0,9,0.0,,6
108,compositional,detour,exposed,mdi_decay0,2,1.0,0.0,9,0.0,,6
108,compositional,detour,exposed,mdi_decay020,8,1.0,6.0,9,0.0,,0
108,compositional,detour,exposed,mdi_no_novelty,2,1.0,0.0,9,0.0,,6
108,compositional,detour,exposed,mdi_original,2,1.0,0.0,9,0.0,,6
108,compositional,detour,exposed,mdi_reset,9,0.0,,9,0.0,,0
108,compositional,detour,exposed,mdi_with_delta,8,1.0,6.0,9,0.0,,0
108,compositional,detour,exposed,predicate_match,8,1.0,6.0,9,0.0,,0
108,compositional,detour,exposed,random,9,0.0,,9,0.0,,0
108,compositional,detour,exposed,recurrence,2,1.0,0.0,9,0.0,,6
108,compositional,detour,exposed,similarity,9,0.0,,9,0.0,,0
108,compositional,detour,exposed,value_profile,8,1.0,6.0,9,0.0,,0
108,compositional,detour,holdout,association_only,8,1.0,6.0,9,0.0,,0
108,compositional,detour,holdout,clustering,9,0.0,,9,0.0,,0
108,compositional,detour,holdout,competing_models,2,1.0,0.0,9,0.0,,6
108,compositional,detour,holdout,context_oracle,0,1.0,-2.0,9,0.0,,8
108,compositional,detour,holdout,delta_only,2,1.0,0.0,9,0.0,,6
108,compositional,detour,holdout,frequency,9,0.0,,9,0.0,,0
108,compositional,detour,holdout,mdi,8,1.0,6.0,9,0.0,,0
108,compositional,detour,holdout,mdi_decay0,2,1.0,0.0,9,0.0,,6
108,compositional,detour,holdout,mdi_decay020,8,1.0,6.0,9,0.0,,0
108,compositional,detour,holdout,mdi_no_novelty,2,1.0,0.0,9,0.0,,6
108,compositional,detour,holdout,mdi_original,8,1.0,6.0,9,0.0,,0
108,compositional,detour,holdout,mdi_reset,9,0.0,,9,0.0,,0
108,compositional,detour,holdout,mdi_with_delta,8,1.0,6.0,9,0.0,,0
108,compositional,detour,holdout,predicate_match,8,1.0,6.0,9,0.0,,0
108,compositional,detour,holdout,random,9,0.0,,9,0.0,,0
108,compositional,detour,holdout,recurrence,9,0.0,,9,0.0,,0
108,compositional,detour,holdout,similarity,9,0.0,,9,0.0,,0
108,compositional,detour,holdout,value_profile,2,1.0,0.0,9,0.0,,6
108,compositional,null,exposed,association_only,9,0.0,,9,0.0,,0
108,compositional,null,exposed,clustering,9,0.0,,9,0.0,,0
108,compositional,null,exposed,competing_models,9,0.0,,9,0.0,,0
108,compositional,null,exposed,context_oracle,0,1.0,,9,0.0,,8
108,compositional,null,exposed,delta_only,9,0.0,,9,0.0,,0
108,compositional,null,exposed,frequency,9,0.0,,9,0.0,,0
108,compositional,null,exposed,mdi,9,0.0,,9,0.0,,0
108,compositional,null,exposed,mdi_decay0,9,0.0,,9,0.0,,0
108,compositional,null,exposed,mdi_decay020,9,0.0,,9,0.0,,0
108,compositional,null,exposed,mdi_no_novelty,9,0.0,,9,0.0,,0
108,compositional,null,exposed,mdi_original,9,0.0,,9,0.0,,0
108,compositional,null,exposed,mdi_reset,9,0.0,,9,0.0,,0
108,compositional,null,exposed,mdi_with_delta,9,0.0,,9,0.0,,0
108,compositional,null,exposed,predicate_match,9,0.0,,9,0.0,,0
108,compositional,null,exposed,random,9,0.0,,9,0.0,,0
108,compositional,null,exposed,recurrence,9,0.0,,9,0.0,,0
108,compositional,null,exposed,similarity,9,0.0,,9,0.0,,0
108,compositional,null,exposed,value_profile,9,0.0,,9,0.0,,0
108,compositional,null,holdout,association_only,9,0.0,,9,0.0,,0
108,compositional,null,holdout,clustering,9,0.0,,9,0.0,,0
108,compositional,null,holdout,competing_models,9,0.0,,9,0.0,,0
108,compositional,null,holdout,context_oracle,0,1.0,,9,0.0,,8
108,compositional,null,holdout,delta_only,9,0.0,,9,0.0,,0
108,compositional,null,holdout,frequency,9,0.0,,9,0.0,,0
108,compositional,null,holdout,mdi,9,0.0,,9,0.0,,0
108,compositional,null,holdout,mdi_decay0,9,0.0,,9,0.0,,0
108,compositional,null,holdout,mdi_decay020,9,0.0,,9,0.0,,0
108,compositional,null,holdout,mdi_no_novelty,9,0.0,,9,0.0,,0
108,compositional,null,holdout,mdi_original,9,0.0,,9,0.0,,0
108,compositional,null,holdout,mdi_reset,9,0.0,,9,0.0,,0
108,compositional,null,holdout,mdi_with_delta,9,0.0,,9,0.0,,0
108,compositional,null,holdout,predicate_match,9,0.0,,9,0.0,,0
108,compositional,null,holdout,random,9,0.0,,9,0.0,,0
108,compositional,null,holdout,recurrence,9,0.0,,9,0.0,,0
108,compositional,null,holdout,similarity,9,0.0,,9,0.0,,0
108,compositional,null,holdout,value_profile,9,0.0,,9,0.0,,0
108,compositional,switch,exposed,association_only,7,1.0,2.0,9,0.0,,1
108,compositional,switch,exposed,clustering,9,0.0,,9,0.0,,0
108,compositional,switch,exposed,competing_models,7,1.0,2.0,9,0.0,,1
108,compositional,switch,exposed,context_oracle,0,1.0,-5.0,9,0.0,,8
108,compositional,switch,exposed,delta_only,9,0.0,,9,0.0,,0
108,compositional,switch,exposed,frequency,9,0.0,,9,0.0,,0
108,compositional,switch,exposed,mdi,7,1.0,2.0,8,1.0,3.0,1
108,compositional,switch,exposed,mdi_decay0,8,1.0,3.0,9,0.0,,0
108,compositional,switch,exposed,mdi_decay020,6,1.0,1.0,9,0.0,,2
108,compositional,switch,exposed,mdi_no_novelty,7,1.0,2.0,9,0.0,,1
108,compositional,switch,exposed,mdi_original,7,1.0,2.0,9,0.0,,1
108,compositional,switch,exposed,mdi_reset,9,0.0,,9,0.0,,0
108,compositional,switch,exposed,mdi_with_delta,8,1.0,3.0,9,0.0,,0
108,compositional,switch,exposed,predicate_match,7,1.0,2.0,8,1.0,3.0,1
108,compositional,switch,exposed,random,9,0.0,,9,0.0,,0
108,compositional,switch,exposed,recurrence,8,1.0,3.0,9,0.0,,0
108,compositional,switch,exposed,similarity,9,0.0,,9,0.0,,0
108,compositional,switch,exposed,value_profile,7,1.0,2.0,9,0.0,,1
108,compositional,switch,holdout,association_only,9,0.0,,9,0.0,,0
108,compositional,switch,holdout,clustering,9,0.0,,9,0.0,,0
108,compositional,switch,holdout,competing_models,7,1.0,2.0,9,0.0,,1
108,compositional,switch,holdout,context_oracle,0,1.0,-5.0,9,0.0,,8
108,compositional,switch,holdout,delta_only,9,0.0,,9,0.0,,0
108,compositional,switch,holdout,frequency,9,0.0,,9,0.0,,0
108,compositional,switch,holdout,mdi,7,1.0,2.0,8,1.0,3.0,1
108,compositional,switch,holdout,mdi_decay0,8,1.0,3.0,9,0.0,,0
108,compositional,switch,holdout,mdi_decay020,6,1.0,1.0,9,0.0,,2
108,compositional,switch,holdout,mdi_no_novelty,7,1.0,2.0,9,0.0,,1
108,compositional,switch,holdout,mdi_original,9,0.0,,9,0.0,,0
108,compositional,switch,holdout,mdi_reset,9,0.0,,9,0.0,,0
108,compositional,switch,holdout,mdi_with_delta,9,0.0,,9,0.0,,0
108,compositional,switch,holdout,predicate_match,7,1.0,2.0,8,1.0,3.0,1
108,compositional,switch,holdout,random,9,0.0,,9,0.0,,0
108,compositional,switch,holdout,recurrence,9,0.0,,9,0.0,,0
108,compositional,switch,holdout,similarity,9,0.0,,9,0.0,,0
108,compositional,switch,holdout,value_profile,7,1.0,2.0,9,0.0,,1
108,distributional,ambiguous,exposed,association_only,6,1.0,0.0,6,1.0,0.0,2
108,distributional,ambiguous,exposed,clustering,9,0.0,,9,0.0,,0
108,distributional,ambiguous,exposed,competing_models,6,1.0,0.0,6,1.0,0.0,2
108,distributional,ambiguous,exposed,context_oracle,0,1.0,-6.0,9,0.0,,8
108,distributional,ambiguous,exposed,delta_only,9,0.0,,9,0.0,,0
108,distributional,ambiguous,exposed,frequency,9,0.0,,9,0.0,,0
108,distributional,ambiguous,exposed,mdi,6,1.0,0.0,6,1.0,0.0,2
108,distributional,ambiguous,exposed,mdi_decay0,6,1.0,0.0,9,0.0,,2
108,distributional,ambiguous,exposed,mdi_decay020,6,1.0,0.0,6,1.0,0.0,2
108,distributional,ambiguous,exposed,mdi_no_novelty,6,1.0,0.0,6,1.0,0.0,2
108,distributional,ambiguous,exposed,mdi_original,9,0.0,,9,0.0,,0
108,distributional,ambiguous,exposed,mdi_reset,9,0.0,,9,0.0,,0
108,distributional,ambiguous,exposed,mdi_with_delta,6,1.0,0.0,9,0.0,,2
108,distributional,ambiguous,exposed,predicate_match,6,1.0,0.0,9,0.0,,2
108,distributional,ambiguous,exposed,random,9,0.0,,9,0.0,,0
108,distributional,ambiguous,exposed,recurrence,6,1.0,0.0,9,0.0,,2
108,distributional,ambiguous,exposed,similarity,9,0.0,,9,0.0,,0
108,distributional,ambiguous,exposed,value_profile,6,1.0,0.0,9,0.0,,2
108,distributional,ambiguous,holdout,association_only,6,1.0,0.0,6,1.0,0.0,2
108,distributional,ambiguous,holdout,clustering,9,0.0,,9,0.0,,0
108,distributional,ambiguous,holdout,competing_models,6,1.0,0.0,6,1.0,0.0,2
108,distributional,ambiguous,holdout,context_oracle,0,1.0,-6.0,9,0.0,,8
108,distributional,ambiguous,holdout,delta_only,9,0.0,,9,0.0,,0
108,distributional,ambiguous,holdout,frequency,9,0.0,,9,0.0,,0
108,distributional,ambiguous,holdout,mdi,6,1.0,0.0,9,0.0,,2
108,distributional,ambiguous,holdout,mdi_decay0,6,1.0,0.0,7,1.0,1.0,2
108,distributional,ambiguous,holdout,mdi_decay020,6,1.0,0.0,6,1.0,0.0,2
108,distributional,ambiguous,holdout,mdi_no_novelty,6,1.0,0.0,9,0.0,,2
108,distributional,ambiguous,holdout,mdi_original,9,0.0,,9,0.0,,0
108,distributional,ambiguous,holdout,mdi_reset,9,0.0,,9,0.0,,0
108,distributional,ambiguous,holdout,mdi_with_delta,6,1.0,0.0,9,0.0,,2
108,distributional,ambiguous,holdout,predicate_match,6,1.0,0.0,9,0.0,,2
108,distributional,ambiguous,holdout,random,9,0.0,,9,0.0,,0
108,distributional,ambiguous,holdout,recurrence,9,0.0,,9,0.0,,0
108,distributional,ambiguous,holdout,similarity,9,0.0,,9,0.0,,0
108,distributional,ambiguous,holdout,value_profile,6,1.0,0.0,9,0.0,,2
108,distributional,clear,exposed,association_only,2,1.0,0.0,7,1.0,5.0,6
108,distributional,clear,exposed,clustering,9,0.0,,9,0.0,,0
108,distributional,clear,exposed,competing_models,2,1.0,0.0,3,1.0,1.0,6
108,distributional,clear,exposed,context_oracle,0,1.0,-2.0,9,0.0,,8
108,distributional,clear,exposed,delta_only,5,1.0,3.0,9,0.0,,3
108,distributional,clear,exposed,frequency,9,0.0,,9,0.0,,0
108,distributional,clear,exposed,mdi,2,1.0,0.0,2,1.0,0.0,6
108,distributional,clear,exposed,mdi_decay0,2,1.0,0.0,7,1.0,5.0,6
108,distributional,clear,exposed,mdi_decay020,2,1.0,0.0,7,1.0,5.0,6
108,distributional,clear,exposed,mdi_no_novelty,2,1.0,0.0,7,1.0,5.0,6
108,distributional,clear,exposed,mdi_original,9,0.0,,9,0.0,,0
108,distributional,clear,exposed,mdi_reset,9,0.0,,9,0.0,,0
108,distributional,clear,exposed,mdi_with_delta,2,1.0,0.0,7,1.0,5.0,6
108,distributional,clear,exposed,predicate_match,2,1.0,0.0,5,1.0,3.0,6
108,distributional,clear,exposed,random,9,0.0,,9,0.0,,0
108,distributional,clear,exposed,recurrence,2,1.0,0.0,3,1.0,1.0,6
108,distributional,clear,exposed,similarity,9,0.0,,9,0.0,,0
108,distributional,clear,exposed,value_profile,2,1.0,0.0,2,1.0,0.0,6
108,distributional,clear,holdout,association_only,2,1.0,0.0,2,1.0,0.0,6
108,distributional,clear,holdout,clustering,9,0.0,,9,0.0,,0
108,distributional,clear,holdout,competing_models,2,1.0,0.0,2,1.0,0.0,6
108,distributional,clear,holdout,context_oracle,0,1.0,-2.0,9,0.0,,8
108,distributional,clear,holdout,delta_only,2,1.0,0.0,9,0.0,,6
108,distributional,clear,holdout,frequency,9,0.0,,9,0.0,,0
108,distributional,clear,holdout,mdi,2,1.0,0.0,2,1.0,0.0,6
108,distributional,clear,holdout,mdi_decay0,2,1.0,0.0,2,1.0,0.0,6
108,distributional,clear,holdout,mdi_decay020,2,1.0,0.0,2,1.0,0.0,6
108,distributional,clear,holdout,mdi_no_novelty,2,1.0,0.0,2,1.0,0.0,6
108,distributional,clear,holdout,mdi_original,9,0.0,,9,0.0,,0
108,distributional,clear,holdout,mdi_reset,9,0.0,,9,0.0,,0
108,distributional,clear,holdout,mdi_with_delta,2,1.0,0.0,2,1.0,0.0,6
108,distributional,clear,holdout,predicate_match,2,1.0,0.0,5,1.0,3.0,6
108,distributional,clear,holdout,random,9,0.0,,9,0.0,,0
108,distributional,clear,holdout,recurrence,9,0.0,,9,0.0,,0
108,distributional,clear,holdout,similarity,9,0.0,,9,0.0,,0
108,distributional,clear,holdout,value_profile,2,1.0,0.0,2,1.0,0.0,6
108,distributional,detour,exposed,association_only,2,1.0,0.0,2,1.0,0.0,6
108,distributional,detour,exposed,clustering,9,0.0,,9,0.0,,0
108,distributional,detour,exposed,competing_models,2,1.0,0.0,2,1.0,0.0,6
108,distributional,detour,exposed,context_oracle,0,1.0,-2.0,9,0.0,,8
108,distributional,detour,exposed,delta_only,9,0.0,,9,0.0,,0
108,distributional,detour,exposed,frequency,9,0.0,,9,0.0,,0
108,distributional,detour,exposed,mdi,2,1.0,0.0,2,1.0,0.0,6
108,distributional,detour,exposed,mdi_decay0,2,1.0,0.0,2,1.0,0.0,6
108,distributional,detour,exposed,mdi_decay020,2,1.0,0.0,8,1.0,6.0,6
108,distributional,detour,exposed,mdi_no_novelty,2,1.0,0.0,2,1.0,0.0,6
108,distributional,detour,exposed,mdi_original,9,0.0,,9,0.0,,0
108,distributional,detour,exposed,mdi_reset,9,0.0,,9,0.0,,0
108,distributional,detour,exposed,mdi_with_delta,2,1.0,0.0,6,1.0,4.0,6
108,distributional,detour,exposed,predicate_match,2,1.0,0.0,3,1.0,1.0,6
108,distributional,detour,exposed,random,9,0.0,,9,0.0,,0
108,distributional,detour,exposed,recurrence,2,1.0,0.0,9,0.0,,6
108,distributional,detour,exposed,similarity,9,0.0,,9,0.0,,0
108,distributional,detour,exposed,value_profile,2,1.0,0.0,2,1.0,0.0,6
108,distributional,detour,holdout,association_only,2,1.0,0.0,2,1.0,0.0,6
108,distributional,detour,holdout,clustering,9,0.0,,9,0.0,,0
108,distributional,detour,holdout,competing_models,2,1.0,0.0,2,1.0,0.0,6
108,distributional,detour,holdout,context_oracle,0,1.0,-2.0,9,0.0,,8
108,distributional,detour,holdout,delta_only,2,1.0,0.0,9,0.0,,6
108,distributional,detour,holdout,frequency,9,0.0,,9,0.0,,0
108,distributional,detour,holdout,mdi,2,1.0,0.0,2,1.0,0.0,6
108,distributional,detour,holdout,mdi_decay0,2,1.0,0.0,2,1.0,0.0,6
108,distributional,detour,holdout,mdi_decay020,2,1.0,0.0,2,1.0,0.0,6
108,distributional,detour,holdout,mdi_no_novelty,2,1.0,0.0,2,1.0,0.0,6
108,distributional,detour,holdout,mdi_original,9,0.0,,9,0.0,,0
108,distributional,detour,holdout,mdi_reset,9,0.0,,9,0.0,,0
108,distributional,detour,holdout,mdi_with_delta,2,1.0,0.0,2,1.0,0.0,6
108,distributional,detour,holdout,predicate_match,2,1.0,0.0,3,1.0,1.0,6
108,distributional,detour,holdout,random,9,0.0,,9,0.0,,0
108,distributional,detour,holdout,recurrence,9,0.0,,9,0.0,,0
108,distributional,detour,holdout,similarity,9,0.0,,9,0.0,,0
108,distributional,detour,holdout,value_profile,2,1.0,0.0,3,1.0,1.0,6
108,distributional,null,exposed,association_only,9,0.0,,9,0.0,,0
108,distributional,null,exposed,clustering,9,0.0,,9,0.0,,0
108,distributional,null,exposed,competing_models,9,0.0,,9,0.0,,0
108,distributional,null,exposed,context_oracle,0,1.0,,9,0.0,,8
108,distributional,null,exposed,delta_only,9,0.0,,9,0.0,,0
108,distributional,null,exposed,frequency,9,0.0,,9,0.0,,0
108,distributional,null,exposed,mdi,9,0.0,,9,0.0,,0
108,distributional,null,exposed,mdi_decay0,9,0.0,,9,0.0,,0
108,distributional,null,exposed,mdi_decay020,9,0.0,,9,0.0,,0
108,distributional,null,exposed,mdi_no_novelty,9,0.0,,9,0.0,,0
108,distributional,null,exposed,mdi_original,9,0.0,,9,0.0,,0
108,distributional,null,exposed,mdi_reset,9,0.0,,9,0.0,,0
108,distributional,null,exposed,mdi_with_delta,9,0.0,,9,0.0,,0
108,distributional,null,exposed,predicate_match,9,0.0,,9,0.0,,0
108,distributional,null,exposed,random,9,0.0,,9,0.0,,0
108,distributional,null,exposed,recurrence,9,0.0,,9,0.0,,0
108,distributional,null,exposed,similarity,9,0.0,,9,0.0,,0
108,distributional,null,exposed,value_profile,9,0.0,,9,0.0,,0
108,distributional,null,holdout,association_only,9,0.0,,9,0.0,,0
108,distributional,null,holdout,clustering,9,0.0,,9,0.0,,0
108,distributional,null,holdout,competing_models,9,0.0,,9,0.0,,0
108,distributional,null,holdout,context_oracle,0,1.0,,9,0.0,,8
108,distributional,null,holdout,delta_only,9,0.0,,9,0.0,,0
108,distributional,null,holdout,frequency,9,0.0,,9,0.0,,0
108,distributional,null,holdout,mdi,9,0.0,,9,0.0,,0
108,distributional,null,holdout,mdi_decay0,9,0.0,,9,0.0,,0
108,distributional,null,holdout,mdi_decay020,9,0.0,,9,0.0,,0
108,distributional,null,holdout,mdi_no_novelty,9,0.0,,9,0.0,,0
108,distributional,null,holdout,mdi_original,9,0.0,,9,0.0,,0
108,distributional,null,holdout,mdi_reset,9,0.0,,9,0.0,,0
108,distributional,null,holdout,mdi_with_delta,9,0.0,,9,0.0,,0
108,distributional,null,holdout,predicate_match,9,0.0,,9,0.0,,0
108,distributional,null,holdout,random,9,0.0,,9,0.0,,0
108,distributional,null,holdout,recurrence,9,0.0,,9,0.0,,0
108,distributional,null,holdout,similarity,9,0.0,,9,0.0,,0
108,distributional,null,holdout,value_profile,9,0.0,,9,0.0,,0
108,distributional,switch,exposed,association_only,7,1.0,2.0,8,1.0,3.0,1
108,distributional,switch,exposed,clustering,9,0.0,,9,0.0,,0
108,distributional,switch,exposed,competing_models,7,1.0,2.0,7,1.0,2.0,1
108,distributional,switch,exposed,context_oracle,0,1.0,-5.0,9,0.0,,8
108,distributional,switch,exposed,delta_only,9,0.0,,9,0.0,,0
108,distributional,switch,exposed,frequency,9,0.0,,9,0.0,,0
108,distributional,switch,exposed,mdi,7,1.0,2.0,8,1.0,3.0,1
108,distributional,switch,exposed,mdi_decay0,8,1.0,3.0,8,1.0,3.0,0
108,distributional,switch,exposed,mdi_decay020,6,1.0,1.0,7,1.0,2.0,2
108,distributional,switch,exposed,mdi_no_novelty,7,1.0,2.0,8,1.0,3.0,1
108,distributional,switch,exposed,mdi_original,9,0.0,,9,0.0,,0
108,distributional,switch,exposed,mdi_reset,9,0.0,,9,0.0,,0
108,distributional,switch,exposed,mdi_with_delta,8,1.0,3.0,9,0.0,,0
108,distributional,switch,exposed,predicate_match,8,1.0,3.0,8,1.0,3.0,0
108,distributional,switch,exposed,random,9,0.0,,9,0.0,,0
108,distributional,switch,exposed,recurrence,8,1.0,3.0,9,0.0,,0
108,distributional,switch,exposed,similarity,9,0.0,,9,0.0,,0
108,distributional,switch,exposed,value_profile,8,1.0,3.0,8,1.0,3.0,0
108,distributional,switch,holdout,association_only,8,1.0,3.0,9,0.0,,0
108,distributional,switch,holdout,clustering,9,0.0,,9,0.0,,0
108,distributional,switch,holdout,competing_models,7,1.0,2.0,7,1.0,2.0,1
108,distributional,switch,holdout,context_oracle,0,1.0,-5.0,9,0.0,,8
108,distributional,switch,holdout,delta_only,9,0.0,,9,0.0,,0
108,distributional,switch,holdout,frequency,9,0.0,,9,0.0,,0
108,distributional,switch,holdout,mdi,7,1.0,2.0,8,1.0,3.0,1
108,distributional,switch,holdout,mdi_decay0,8,1.0,3.0,8,1.0,3.0,0
108,distributional,switch,holdout,mdi_decay020,6,1.0,1.0,8,1.0,3.0,2
108,distributional,switch,holdout,mdi_no_novelty,7,1.0,2.0,8,1.0,3.0,1
108,distributional,switch,holdout,mdi_original,9,0.0,,9,0.0,,0
108,distributional,switch,holdout,mdi_reset,9,0.0,,9,0.0,,0
108,distributional,switch,holdout,mdi_with_delta,8,1.0,3.0,9,0.0,,0
108,distributional,switch,holdout,predicate_match,8,1.0,3.0,8,1.0,3.0,0
108,distributional,switch,holdout,random,9,0.0,,9,0.0,,0
108,distributional,switch,holdout,recurrence,9,0.0,,9,0.0,,0
108,distributional,switch,holdout,similarity,9,0.0,,9,0.0,,0
108,distributional,switch,holdout,value_profile,8,1.0,3.0,8,1.0,3.0,0
108,shared,ambiguous,exposed,association_only,9,0.0,,9,0.0,,0
108,shared,ambiguous,exposed,clustering,9,0.0,,9,0.0,,0
108,shared,ambiguous,exposed,competing_models,7,1.0,0.0,9,0.0,,1
108,shared,ambiguous,exposed,context_oracle,9,0.0,,9,0.0,,0
108,shared,ambiguous,exposed,delta_only,7,1.0,0.0,9,0.0,,1
108,shared,ambiguous,exposed,frequency,9,0.0,,9,0.0,,0
108,shared,ambiguous,exposed,mdi,9,0.0,,9,0.0,,0
108,shared,ambiguous,exposed,mdi_decay0,9,0.0,,9,0.0,,0
108,shared,ambiguous,exposed,mdi_decay020,9,0.0,,9,0.0,,0
108,shared,ambiguous,exposed,mdi_no_novelty,9,0.0,,9,0.0,,0
108,shared,ambiguous,exposed,mdi_original,9,0.0,,9,0.0,,0
108,shared,ambiguous,exposed,mdi_reset,9,0.0,,9,0.0,,0
108,shared,ambiguous,exposed,mdi_with_delta,9,0.0,,9,0.0,,0
108,shared,ambiguous,exposed,predicate_match,7,1.0,0.0,9,0.0,,1
108,shared,ambiguous,exposed,random,9,0.0,,9,0.0,,0
108,shared,ambiguous,exposed,recurrence,7,1.0,0.0,9,0.0,,1
108,shared,ambiguous,exposed,similarity,9,0.0,,9,0.0,,0
108,shared,ambiguous,exposed,value_profile,7,1.0,0.0,9,0.0,,1
108,shared,ambiguous,holdout,association_only,9,0.0,,9,0.0,,0
108,shared,ambiguous,holdout,clustering,9,0.0,,9,0.0,,0
108,shared,ambiguous,holdout,competing_models,9,0.0,,9,0.0,,0
108,shared,ambiguous,holdout,context_oracle,9,0.0,,9,0.0,,0
108,shared,ambiguous,holdout,delta_only,9,0.0,,9,0.0,,0
108,shared,ambiguous,holdout,frequency,9,0.0,,9,0.0,,0
108,shared,ambiguous,holdout,mdi,9,0.0,,9,0.0,,0
108,shared,ambiguous,holdout,mdi_decay0,9,0.0,,9,0.0,,0
108,shared,ambiguous,holdout,mdi_decay020,9,0.0,,9,0.0,,0
108,shared,ambiguous,holdout,mdi_no_novelty,9,0.0,,9,0.0,,0
108,shared,ambiguous,holdout,mdi_original,9,0.0,,9,0.0,,0
108,shared,ambiguous,holdout,mdi_reset,9,0.0,,9,0.0,,0
108,shared,ambiguous,holdout,mdi_with_delta,9,0.0,,9,0.0,,0
108,shared,ambiguous,holdout,predicate_match,7,1.0,0.0,9,0.0,,1
108,shared,ambiguous,holdout,random,9,0.0,,9,0.0,,0
108,shared,ambiguous,holdout,recurrence,9,0.0,,9,0.0,,0
108,shared,ambiguous,holdout,similarity,9,0.0,,9,0.0,,0
108,shared,ambiguous,holdout,value_profile,9,0.0,,9,0.0,,0
108,shared,clear,exposed,association_only,3,1.0,0.0,3,1.0,0.0,5
108,shared,clear,exposed,clustering,9,0.0,,9,0.0,,0
108,shared,clear,exposed,competing_models,3,1.0,0.0,5,1.0,2.0,5
108,shared,clear,exposed,context_oracle,9,0.0,,9,0.0,,0
108,shared,clear,exposed,delta_only,3,1.0,0.0,5,1.0,2.0,5
108,shared,clear,exposed,frequency,9,0.0,,9,0.0,,0
108,shared,clear,exposed,mdi,3,1.0,0.0,9,0.0,,5
108,shared,clear,exposed,mdi_decay0,3,1.0,0.0,9,0.0,,5
108,shared,clear,exposed,mdi_decay020,3,1.0,0.0,9,0.0,,5
108,shared,clear,exposed,mdi_no_novelty,3,1.0,0.0,5,1.0,2.0,5
108,shared,clear,exposed,mdi_original,9,0.0,,9,0.0,,0
108,shared,clear,exposed,mdi_reset,9,0.0,,9,0.0,,0
108,shared,clear,exposed,mdi_with_delta,3,1.0,0.0,9,0.0,,5
108,shared,clear,exposed,predicate_match,3,1.0,0.0,5,1.0,2.0,5
108,shared,clear,exposed,random,9,0.0,,9,0.0,,0
108,shared,clear,exposed,recurrence,3,1.0,0.0,7,1.0,4.0,5
108,shared,clear,exposed,similarity,9,0.0,,9,0.0,,0
108,shared,clear,exposed,value_profile,5,1.0,2.0,5,1.0,2.0,3
108,shared,clear,holdout,association_only,5,1.0,2.0,9,0.0,,3
108,shared,clear,holdout,clustering,9,0.0,,9,0.0,,0
108,shared,clear,holdout,competing_models,3,1.0,0.0,9,0.0,,5
108,shared,clear,holdout,context_oracle,9,0.0,,9,0.0,,0
108,shared,clear,holdout,delta_only,4,1.0,1.0,5,1.0,2.0,4
108,shared,clear,holdout,frequency,9,0.0,,9,0.0,,0
108,shared,clear,holdout,mdi,5,1.0,2.0,9,0.0,,3
108,shared,clear,holdout,mdi_decay0,5,1.0,2.0,9,0.0,,3
108,shared,clear,holdout,mdi_decay020,5,1.0,2.0,9,0.0,,3
108,shared,clear,holdout,mdi_no_novelty,7,1.0,4.0,9,0.0,,1
108,shared,clear,holdout,mdi_original,9,0.0,,9,0.0,,0
108,shared,clear,holdout,mdi_reset,9,0.0,,9,0.0,,0
108,shared,clear,holdout,mdi_with_delta,5,1.0,2.0,9,0.0,,3
108,shared,clear,holdout,predicate_match,3,1.0,0.0,5,1.0,2.0,5
108,shared,clear,holdout,random,9,0.0,,9,0.0,,0
108,shared,clear,holdout,recurrence,9,0.0,,9,0.0,,0
108,shared,clear,holdout,similarity,9,0.0,,9,0.0,,0
108,shared,clear,holdout,value_profile,5,1.0,2.0,9,0.0,,3
108,shared,detour,exposed,association_only,3,1.0,0.0,9,0.0,,5
108,shared,detour,exposed,clustering,9,0.0,,9,0.0,,0
108,shared,detour,exposed,competing_models,3,1.0,0.0,9,0.0,,5
108,shared,detour,exposed,context_oracle,9,0.0,,9,0.0,,0
108,shared,detour,exposed,delta_only,9,0.0,,9,0.0,,0
108,shared,detour,exposed,frequency,9,0.0,,9,0.0,,0
108,shared,detour,exposed,mdi,9,0.0,,9,0.0,,0
108,shared,detour,exposed,mdi_decay0,9,0.0,,9,0.0,,0
108,shared,detour,exposed,mdi_decay020,9,0.0,,9,0.0,,0
108,shared,detour,exposed,mdi_no_novelty,9,0.0,,9,0.0,,0
108,shared,detour,exposed,mdi_original,9,0.0,,9,0.0,,0
108,shared,detour,exposed,mdi_reset,9,0.0,,9,0.0,,0
108,shared,detour,exposed,mdi_with_delta,5,1.0,2.0,9,0.0,,3
108,shared,detour,exposed,predicate_match,9,0.0,,9,0.0,,0
108,shared,detour,exposed,random,9,0.0,,9,0.0,,0
108,shared,detour,exposed,recurrence,9,0.0,,9,0.0,,0
108,shared,detour,exposed,similarity,9,0.0,,9,0.0,,0
108,shared,detour,exposed,value_profile,9,0.0,,9,0.0,,0
108,shared,detour,holdout,association_only,9,0.0,,9,0.0,,0
108,shared,detour,holdout,clustering,9,0.0,,9,0.0,,0
108,shared,detour,holdout,competing_models,9,0.0,,9,0.0,,0
108,shared,detour,holdout,context_oracle,9,0.0,,9,0.0,,0
108,shared,detour,holdout,delta_only,9,0.0,,9,0.0,,0
108,shared,detour,holdout,frequency,9,0.0,,9,0.0,,0
108,shared,detour,holdout,mdi,3,1.0,0.0,9,0.0,,5
108,shared,detour,holdout,mdi_decay0,3,1.0,0.0,9,0.0,,5
108,shared,detour,holdout,mdi_decay020,9,0.0,,9,0.0,,0
108,shared,detour,holdout,mdi_no_novelty,9,0.0,,9,0.0,,0
108,shared,detour,holdout,mdi_original,9,0.0,,9,0.0,,0
108,shared,detour,holdout,mdi_reset,9,0.0,,9,0.0,,0
108,shared,detour,holdout,mdi_with_delta,9,0.0,,9,0.0,,0
108,shared,detour,holdout,predicate_match,9,0.0,,9,0.0,,0
108,shared,detour,holdout,random,9,0.0,,9,0.0,,0
108,shared,detour,holdout,recurrence,9,0.0,,9,0.0,,0
108,shared,detour,holdout,similarity,9,0.0,,9,0.0,,0
108,shared,detour,holdout,value_profile,9,0.0,,9,0.0,,0
108,shared,null,exposed,association_only,9,0.0,,9,0.0,,0
108,shared,null,exposed,clustering,9,0.0,,9,0.0,,0
108,shared,null,exposed,competing_models,9,0.0,,9,0.0,,0
108,shared,null,exposed,context_oracle,9,0.0,,9,0.0,,0
108,shared,null,exposed,delta_only,9,0.0,,9,0.0,,0
108,shared,null,exposed,frequency,9,0.0,,9,0.0,,0
108,shared,null,exposed,mdi,9,0.0,,9,0.0,,0
108,shared,null,exposed,mdi_decay0,9,0.0,,9,0.0,,0
108,shared,null,exposed,mdi_decay020,9,0.0,,9,0.0,,0
108,shared,null,exposed,mdi_no_novelty,9,0.0,,9,0.0,,0
108,shared,null,exposed,mdi_original,9,0.0,,9,0.0,,0
108,shared,null,exposed,mdi_reset,9,0.0,,9,0.0,,0
108,shared,null,exposed,mdi_with_delta,9,0.0,,9,0.0,,0
108,shared,null,exposed,predicate_match,9,0.0,,9,0.0,,0
108,shared,null,exposed,random,9,0.0,,9,0.0,,0
108,shared,null,exposed,recurrence,9,0.0,,9,0.0,,0
108,shared,null,exposed,similarity,9,0.0,,9,0.0,,0
108,shared,null,exposed,value_profile,9,0.0,,9,0.0,,0
108,shared,null,holdout,association_only,9,0.0,,9,0.0,,0
108,shared,null,holdout,clustering,9,0.0,,9,0.0,,0
108,shared,null,holdout,competing_models,9,0.0,,9,0.0,,0
108,shared,null,holdout,context_oracle,9,0.0,,9,0.0,,0
108,shared,null,holdout,delta_only,9,0.0,,9,0.0,,0
108,shared,null,holdout,frequency,9,0.0,,9,0.0,,0
108,shared,null,holdout,mdi,9,0.0,,9,0.0,,0
108,shared,null,holdout,mdi_decay0,9,0.0,,9,0.0,,0
108,shared,null,holdout,mdi_decay020,9,0.0,,9,0.0,,0
108,shared,null,holdout,mdi_no_novelty,9,0.0,,9,0.0,,0
108,shared,null,holdout,mdi_original,9,0.0,,9,0.0,,0
108,shared,null,holdout,mdi_reset,9,0.0,,9,0.0,,0
108,shared,null,holdout,mdi_with_delta,9,0.0,,9,0.0,,0
108,shared,null,holdout,predicate_match,9,0.0,,9,0.0,,0
108,shared,null,holdout,random,9,0.0,,9,0.0,,0
108,shared,null,holdout,recurrence,9,0.0,,9,0.0,,0
108,shared,null,holdout,similarity,9,0.0,,9,0.0,,0
108,shared,null,holdout,value_profile,9,0.0,,9,0.0,,0
108,shared,switch,exposed,association_only,8,1.0,2.0,8,1.0,2.0,0
108,shared,switch,exposed,clustering,9,0.0,,9,0.0,,0
108,shared,switch,exposed,competing_models,8,1.0,2.0,8,1.0,2.0,0
108,shared,switch,exposed,context_oracle,9,0.0,,9,0.0,,0
108,shared,switch,exposed,delta_only,8,1.0,2.0,9,0.0,,0
108,shared,switch,exposed,frequency,9,0.0,,9,0.0,,0
108,shared,switch,exposed,mdi,8,1.0,2.0,8,1.0,2.0,0
108,shared,switch,exposed,mdi_decay0,8,1.0,2.0,9,0.0,,0
108,shared,switch,exposed,mdi_decay020,8,1.0,2.0,8,1.0,2.0,0
108,shared,switch,exposed,mdi_no_novelty,8,1.0,2.0,8,1.0,2.0,0
108,shared,switch,exposed,mdi_original,9,0.0,,9,0.0,,0
108,shared,switch,exposed,mdi_reset,9,0.0,,9,0.0,,0
108,shared,switch,exposed,mdi_with_delta,8,1.0,2.0,8,1.0,2.0,0
108,shared,switch,exposed,predicate_match,8,1.0,2.0,9,0.0,,0
108,shared,switch,exposed,random,9,0.0,,9,0.0,,0
108,shared,switch,exposed,recurrence,9,0.0,,9,0.0,,0
108,shared,switch,exposed,similarity,9,0.0,,9,0.0,,0
108,shared,switch,exposed,value_profile,9,0.0,,9,0.0,,0
108,shared,switch,holdout,association_only,9,0.0,,9,0.0,,0
108,shared,switch,holdout,clustering,9,0.0,,9,0.0,,0
108,shared,switch,holdout,competing_models,8,1.0,2.0,9,0.0,,0
108,shared,switch,holdout,context_oracle,9,0.0,,9,0.0,,0
108,shared,switch,holdout,delta_only,8,1.0,2.0,9,0.0,,0
108,shared,switch,holdout,frequency,9,0.0,,9,0.0,,0
108,shared,switch,holdout,mdi,9,0.0,,9,0.0,,0
108,shared,switch,holdout,mdi_decay0,9,0.0,,9,0.0,,0
108,shared,switch,holdout,mdi_decay020,8,1.0,2.0,9,0.0,,0
108,shared,switch,holdout,mdi_no_novelty,8,1.0,2.0,9,0.0,,0
108,shared,switch,holdout,mdi_original,9,0.0,,9,0.0,,0
108,shared,switch,holdout,mdi_reset,9,0.0,,9,0.0,,0
108,shared,switch,holdout,mdi_with_delta,8,1.0,2.0,9,0.0,,0
108,shared,switch,holdout,predicate_match,8,1.0,2.0,9,0.0,,0
108,shared,switch,holdout,random,9,0.0,,9,0.0,,0
108,shared,switch,holdout,recurrence,9,0.0,,9,0.0,,0
108,shared,switch,holdout,similarity,9,0.0,,9,0.0,,0
108,shared,switch,holdout,value_profile,9,0.0,,9,0.0,,0
108,structural,ambiguous,exposed,association_only,6,1.0,0.0,6,1.0,0.0,2
108,structural,ambiguous,exposed,clustering,9,0.0,,9,0.0,,0
108,structural,ambiguous,exposed,competing_models,6,1.0,0.0,6,1.0,0.0,2
108,structural,ambiguous,exposed,context_oracle,0,1.0,-6.0,9,0.0,,8
108,structural,ambiguous,exposed,delta_only,6,1.0,0.0,9,0.0,,2
108,structural,ambiguous,exposed,frequency,9,0.0,,9,0.0,,0
108,structural,ambiguous,exposed,mdi,6,1.0,0.0,7,1.0,1.0,2
108,structural,ambiguous,exposed,mdi_decay0,6,1.0,0.0,7,1.0,1.0,2
108,structural,ambiguous,exposed,mdi_decay020,6,1.0,0.0,6,1.0,0.0,2
108,structural,ambiguous,exposed,mdi_no_novelty,6,1.0,0.0,7,1.0,1.0,2
108,structural,ambiguous,exposed,mdi_original,6,1.0,0.0,6,1.0,0.0,2
108,structural,ambiguous,exposed,mdi_reset,9,0.0,,9,0.0,,0
108,structural,ambiguous,exposed,mdi_with_delta,6,1.0,0.0,6,1.0,0.0,2
108,structural,ambiguous,exposed,predicate_match,6,1.0,0.0,9,0.0,,2
108,structural,ambiguous,exposed,random,9,0.0,,9,0.0,,0
108,structural,ambiguous,exposed,recurrence,7,1.0,1.0,9,0.0,,1
108,structural,ambiguous,exposed,similarity,9,0.0,,9,0.0,,0
108,structural,ambiguous,exposed,value_profile,6,1.0,0.0,6,1.0,0.0,2
108,structural,ambiguous,holdout,association_only,6,1.0,0.0,6,1.0,0.0,2
108,structural,ambiguous,holdout,clustering,9,0.0,,9,0.0,,0
108,structural,ambiguous,holdout,competing_models,6,1.0,0.0,6,1.0,0.0,2
108,structural,ambiguous,holdout,context_oracle,0,1.0,-6.0,9,0.0,,8
108,structural,ambiguous,holdout,delta_only,6,1.0,0.0,9,0.0,,2
108,structural,ambiguous,holdout,frequency,9,0.0,,9,0.0,,0
108,structural,ambiguous,holdout,mdi,6,1.0,0.0,6,1.0,0.0,2
108,structural,ambiguous,holdout,mdi_decay0,6,1.0,0.0,7,1.0,1.0,2
108,structural,ambiguous,holdout,mdi_decay020,6,1.0,0.0,6,1.0,0.0,2
108,structural,ambiguous,holdout,mdi_no_novelty,6,1.0,0.0,6,1.0,0.0,2
108,structural,ambiguous,holdout,mdi_original,6,1.0,0.0,6,1.0,0.0,2
108,structural,ambiguous,holdout,mdi_reset,9,0.0,,9,0.0,,0
108,structural,ambiguous,holdout,mdi_with_delta,6,1.0,0.0,6,1.0,0.0,2
108,structural,ambiguous,holdout,predicate_match,6,1.0,0.0,9,0.0,,2
108,structural,ambiguous,holdout,random,9,0.0,,9,0.0,,0
108,structural,ambiguous,holdout,recurrence,9,0.0,,9,0.0,,0
108,structural,ambiguous,holdout,similarity,9,0.0,,9,0.0,,0
108,structural,ambiguous,holdout,value_profile,6,1.0,0.0,6,1.0,0.0,2
108,structural,clear,exposed,association_only,2,1.0,0.0,2,1.0,0.0,6
108,structural,clear,exposed,clustering,9,0.0,,9,0.0,,0
108,structural,clear,exposed,competing_models,2,1.0,0.0,2,1.0,0.0,6
108,structural,clear,exposed,context_oracle,0,1.0,-2.0,9,0.0,,8
108,structural,clear,exposed,delta_only,2,1.0,0.0,9,0.0,,6
108,structural,clear,exposed,frequency,9,0.0,,9,0.0,,0
108,structural,clear,exposed,mdi,2,1.0,0.0,2,1.0,0.0,6
108,structural,clear,exposed,mdi_decay0,2,1.0,0.0,2,1.0,0.0,6
108,structural,clear,exposed,mdi_decay020,2,1.0,0.0,2,1.0,0.0,6
108,structural,clear,exposed,mdi_no_novelty,2,1.0,0.0,2,1.0,0.0,6
108,structural,clear,exposed,mdi_original,2,1.0,0.0,2,1.0,0.0,6
108,structural,clear,exposed,mdi_reset,9,0.0,,9,0.0,,0
108,structural,clear,exposed,mdi_with_delta,2,1.0,0.0,2,1.0,0.0,6
108,structural,clear,exposed,predicate_match,2,1.0,0.0,5,1.0,3.0,6
108,structural,clear,exposed,random,9,0.0,,9,0.0,,0
108,structural,clear,exposed,recurrence,2,1.0,0.0,5,1.0,3.0,6
108,structural,clear,exposed,similarity,9,0.0,,9,0.0,,0
108,structural,clear,exposed,value_profile,2,1.0,0.0,2,1.0,0.0,6
108,structural,clear,holdout,association_only,2,1.0,0.0,2,1.0,0.0,6
108,structural,clear,holdout,clustering,9,0.0,,9,0.0,,0
108,structural,clear,holdout,competing_models,2,1.0,0.0,2,1.0,0.0,6
108,structural,clear,holdout,context_oracle,0,1.0,-2.0,9,0.0,,8
108,structural,clear,holdout,delta_only,2,1.0,0.0,9,0.0,,6
108,structural,clear,holdout,frequency,9,0.0,,9,0.0,,0
108,structural,clear,holdout,mdi,2,1.0,0.0,2,1.0,0.0,6
108,structural,clear,holdout,mdi_decay0,2,1.0,0.0,2,1.0,0.0,6
108,structural,clear,holdout,mdi_decay020,2,1.0,0.0,2,1.0,0.0,6
108,structural,clear,holdout,mdi_no_novelty,2,1.0,0.0,2,1.0,0.0,6
108,structural,clear,holdout,mdi_original,2,1.0,0.0,2,1.0,0.0,6
108,structural,clear,holdout,mdi_reset,9,0.0,,9,0.0,,0
108,structural,clear,holdout,mdi_with_delta,2,1.0,0.0,2,1.0,0.0,6
108,structural,clear,holdout,predicate_match,2,1.0,0.0,5,1.0,3.0,6
108,structural,clear,holdout,random,9,0.0,,9,0.0,,0
108,structural,clear,holdout,recurrence,9,0.0,,9,0.0,,0
108,structural,clear,holdout,similarity,9,0.0,,9,0.0,,0
108,structural,clear,holdout,value_profile,2,1.0,0.0,2,1.0,0.0,6
108,structural,detour,exposed,association_only,2,1.0,0.0,2,1.0,0.0,6
108,structural,detour,exposed,clustering,9,0.0,,9,0.0,,0
108,structural,detour,exposed,competing_models,2,1.0,0.0,2,1.0,0.0,6
108,structural,detour,exposed,context_oracle,0,1.0,-2.0,9,0.0,,8
108,structural,detour,exposed,delta_only,2,1.0,0.0,9,0.0,,6
108,structural,detour,exposed,frequency,9,0.0,,9,0.0,,0
108,structural,detour,exposed,mdi,2,1.0,0.0,2,1.0,0.0,6
108,structural,detour,exposed,mdi_decay0,2,1.0,0.0,2,1.0,0.0,6
108,structural,detour,exposed,mdi_decay020,2,1.0,0.0,8,1.0,6.0,6
108,structural,detour,exposed,mdi_no_novelty,2,1.0,0.0,2,1.0,0.0,6
108,structural,detour,exposed,mdi_original,2,1.0,0.0,9,0.0,,6
108,structural,detour,exposed,mdi_reset,9,0.0,,9,0.0,,0
108,structural,detour,exposed,mdi_with_delta,2,1.0,0.0,9,0.0,,6
108,structural,detour,exposed,predicate_match,2,1.0,0.0,3,1.0,1.0,6
108,structural,detour,exposed,random,9,0.0,,9,0.0,,0
108,structural,detour,exposed,recurrence,2,1.0,0.0,9,0.0,,6
108,structural,detour,exposed,similarity,9,0.0,,9,0.0,,0
108,structural,detour,exposed,value_profile,2,1.0,0.0,2,1.0,0.0,6
108,structural,detour,holdout,association_only,2,1.0,0.0,2,1.0,0.0,6
108,structural,detour,holdout,clustering,9,0.0,,9,0.0,,0
108,structural,detour,holdout,competing_models,2,1.0,0.0,2,1.0,0.0,6
108,structural,detour,holdout,context_oracle,0,1.0,-2.0,9,0.0,,8
108,structural,detour,holdout,delta_only,2,1.0,0.0,9,0.0,,6
108,structural,detour,holdout,frequency,9,0.0,,9,0.0,,0
108,structural,detour,holdout,mdi,2,1.0,0.0,2,1.0,0.0,6
108,structural,detour,holdout,mdi_decay0,2,1.0,0.0,2,1.0,0.0,6
108,structural,detour,holdout,mdi_decay020,2,1.0,0.0,2,1.0,0.0,6
108,structural,detour,holdout,mdi_no_novelty,2,1.0,0.0,2,1.0,0.0,6
108,structural,detour,holdout,mdi_original,8,1.0,6.0,9,0.0,,0
108,structural,detour,holdout,mdi_reset,9,0.0,,9,0.0,,0
108,structural,detour,holdout,mdi_with_delta,2,1.0,0.0,2,1.0,0.0,6
108,structural,detour,holdout,predicate_match,2,1.0,0.0,3,1.0,1.0,6
108,structural,detour,holdout,random,9,0.0,,9,0.0,,0
108,structural,detour,holdout,recurrence,9,0.0,,9,0.0,,0
108,structural,detour,holdout,similarity,9,0.0,,9,0.0,,0
108,structural,detour,holdout,value_profile,2,1.0,0.0,2,1.0,0.0,6
108,structural,null,exposed,association_only,9,0.0,,9,0.0,,0
108,structural,null,exposed,clustering,9,0.0,,9,0.0,,0
108,structural,null,exposed,competing_models,9,0.0,,9,0.0,,0
108,structural,null,exposed,context_oracle,0,1.0,,9,0.0,,8
108,structural,null,exposed,delta_only,9,0.0,,9,0.0,,0
108,structural,null,exposed,frequency,9,0.0,,9,0.0,,0
108,structural,null,exposed,mdi,9,0.0,,9,0.0,,0
108,structural,null,exposed,mdi_decay0,9,0.0,,9,0.0,,0
108,structural,null,exposed,mdi_decay020,9,0.0,,9,0.0,,0
108,structural,null,exposed,mdi_no_novelty,9,0.0,,9,0.0,,0
108,structural,null,exposed,mdi_original,9,0.0,,9,0.0,,0
108,structural,null,exposed,mdi_reset,9,0.0,,9,0.0,,0
108,structural,null,exposed,mdi_with_delta,9,0.0,,9,0.0,,0
108,structural,null,exposed,predicate_match,9,0.0,,9,0.0,,0
108,structural,null,exposed,random,9,0.0,,9,0.0,,0
108,structural,null,exposed,recurrence,9,0.0,,9,0.0,,0
108,structural,null,exposed,similarity,9,0.0,,9,0.0,,0
108,structural,null,exposed,value_profile,9,0.0,,9,0.0,,0
108,structural,null,holdout,association_only,9,0.0,,9,0.0,,0
108,structural,null,holdout,clustering,9,0.0,,9,0.0,,0
108,structural,null,holdout,competing_models,9,0.0,,9,0.0,,0
108,structural,null,holdout,context_oracle,0,1.0,,9,0.0,,8
108,structural,null,holdout,delta_only,9,0.0,,9,0.0,,0
108,structural,null,holdout,frequency,9,0.0,,9,0.0,,0
108,structural,null,holdout,mdi,9,0.0,,9,0.0,,0
108,structural,null,holdout,mdi_decay0,9,0.0,,9,0.0,,0
108,structural,null,holdout,mdi_decay020,9,0.0,,9,0.0,,0
108,structural,null,holdout,mdi_no_novelty,9,0.0,,9,0.0,,0
108,structural,null,holdout,mdi_original,9,0.0,,9,0.0,,0
108,structural,null,holdout,mdi_reset,9,0.0,,9,0.0,,0
108,structural,null,holdout,mdi_with_delta,9,0.0,,9,0.0,,0
108,structural,null,holdout,predicate_match,9,0.0,,9,0.0,,0
108,structural,null,holdout,random,9,0.0,,9,0.0,,0
108,structural,null,holdout,recurrence,9,0.0,,9,0.0,,0
108,structural,null,holdout,similarity,9,0.0,,9,0.0,,0
108,structural,null,holdout,value_profile,9,0.0,,9,0.0,,0
108,structural,switch,exposed,association_only,8,1.0,3.0,9,0.0,,0
108,structural,switch,exposed,clustering,9,0.0,,9,0.0,,0
108,structural,switch,exposed,competing_models,7,1.0,2.0,7,1.0,2.0,1
108,structural,switch,exposed,context_oracle,0,1.0,-5.0,9,0.0,,8
108,structural,switch,exposed,delta_only,9,0.0,,9,0.0,,0
108,structural,switch,exposed,frequency,9,0.0,,9,0.0,,0
108,structural,switch,exposed,mdi,7,1.0,2.0,8,1.0,3.0,1
108,structural,switch,exposed,mdi_decay0,8,1.0,3.0,8,1.0,3.0,0
108,structural,switch,exposed,mdi_decay020,6,1.0,1.0,7,1.0,2.0,2
108,structural,switch,exposed,mdi_no_novelty,8,1.0,3.0,8,1.0,3.0,0
108,structural,switch,exposed,mdi_original,7,1.0,2.0,8,1.0,3.0,1
108,structural,switch,exposed,mdi_reset,9,0.0,,9,0.0,,0
108,structural,switch,exposed,mdi_with_delta,9,0.0,,9,0.0,,0
108,structural,switch,exposed,predicate_match,8,1.0,3.0,8,1.0,3.0,0
108,structural,switch,exposed,random,9,0.0,,9,0.0,,0
108,structural,switch,exposed,recurrence,9,0.0,,9,0.0,,0
108,structural,switch,exposed,similarity,9,0.0,,9,0.0,,0
108,structural,switch,exposed,value_profile,8,1.0,3.0,8,1.0,3.0,0
108,structural,switch,holdout,association_only,8,1.0,3.0,9,0.0,,0
108,structural,switch,holdout,clustering,9,0.0,,9,0.0,,0
108,structural,switch,holdout,competing_models,7,1.0,2.0,7,1.0,2.0,1
108,structural,switch,holdout,context_oracle,0,1.0,-5.0,9,0.0,,8
108,structural,switch,holdout,delta_only,9,0.0,,9,0.0,,0
108,structural,switch,holdout,frequency,9,0.0,,9,0.0,,0
108,structural,switch,holdout,mdi,8,1.0,3.0,8,1.0,3.0,0
108,structural,switch,holdout,mdi_decay0,8,1.0,3.0,9,0.0,,0
108,structural,switch,holdout,mdi_decay020,7,1.0,2.0,7,1.0,2.0,1
108,structural,switch,holdout,mdi_no_novelty,8,1.0,3.0,8,1.0,3.0,0
108,structural,switch,holdout,mdi_original,8,1.0,3.0,9,0.0,,0
108,structural,switch,holdout,mdi_reset,9,0.0,,9,0.0,,0
108,structural,switch,holdout,mdi_with_delta,9,0.0,,9,0.0,,0
108,structural,switch,holdout,predicate_match,8,1.0,3.0,8,1.0,3.0,0
108,structural,switch,holdout,random,9,0.0,,9,0.0,,0
108,structural,switch,holdout,recurrence,9,0.0,,9,0.0,,0
108,structural,switch,holdout,similarity,9,0.0,,9,0.0,,0
108,structural,switch,holdout,value_profile,8,1.0,3.0,8,1.0,3.0,0
109,compositional,ambiguous,exposed,association_only,6,1.0,0.0,6,1.0,0.0,2
109,compositional,ambiguous,exposed,clustering,9,0.0,,9,0.0,,0
109,compositional,ambiguous,exposed,competing_models,6,1.0,0.0,9,0.0,,2
109,compositional,ambiguous,exposed,context_oracle,0,1.0,-6.0,9,0.0,,8
109,compositional,ambiguous,exposed,delta_only,6,1.0,0.0,9,0.0,,2
109,compositional,ambiguous,exposed,frequency,9,0.0,,9,0.0,,0
109,compositional,ambiguous,exposed,mdi,6,1.0,0.0,9,0.0,,2
109,compositional,ambiguous,exposed,mdi_decay0,6,1.0,0.0,9,0.0,,2
109,compositional,ambiguous,exposed,mdi_decay020,6,1.0,0.0,9,0.0,,2
109,compositional,ambiguous,exposed,mdi_no_novelty,6,1.0,0.0,9,0.0,,2
109,compositional,ambiguous,exposed,mdi_original,6,1.0,0.0,7,1.0,1.0,2
109,compositional,ambiguous,exposed,mdi_reset,9,0.0,,9,0.0,,0
109,compositional,ambiguous,exposed,mdi_with_delta,6,1.0,0.0,9,0.0,,2
109,compositional,ambiguous,exposed,predicate_match,6,1.0,0.0,8,1.0,2.0,2
109,compositional,ambiguous,exposed,random,9,0.0,,9,0.0,,0
109,compositional,ambiguous,exposed,recurrence,6,1.0,0.0,9,0.0,,2
109,compositional,ambiguous,exposed,similarity,9,0.0,,9,0.0,,0
109,compositional,ambiguous,exposed,value_profile,6,1.0,0.0,9,0.0,,2
109,compositional,ambiguous,holdout,association_only,6,1.0,0.0,6,1.0,0.0,2
109,compositional,ambiguous,holdout,clustering,9,0.0,,9,0.0,,0
109,compositional,ambiguous,holdout,competing_models,6,1.0,0.0,9,0.0,,2
109,compositional,ambiguous,holdout,context_oracle,0,1.0,-6.0,9,0.0,,8
109,compositional,ambiguous,holdout,delta_only,6,1.0,0.0,9,0.0,,2
109,compositional,ambiguous,holdout,frequency,9,0.0,,9,0.0,,0
109,compositional,ambiguous,holdout,mdi,6,1.0,0.0,7,1.0,1.0,2
109,compositional,ambiguous,holdout,mdi_decay0,6,1.0,0.0,7,1.0,1.0,2
109,compositional,ambiguous,holdout,mdi_decay020,6,1.0,0.0,6,1.0,0.0,2
109,compositional,ambiguous,holdout,mdi_no_novelty,6,1.0,0.0,6,1.0,0.0,2
109,compositional,ambiguous,holdout,mdi_original,6,1.0,0.0,9,0.0,,2
109,compositional,ambiguous,holdout,mdi_reset,9,0.0,,9,0.0,,0
109,compositional,ambiguous,holdout,mdi_with_delta,6,1.0,0.0,8,1.0,2.0,2
109,compositional,ambiguous,holdout,predicate_match,6,1.0,0.0,8,1.0,2.0,2
109,compositional,ambiguous,holdout,random,9,0.0,,9,0.0,,0
109,compositional,ambiguous,holdout,recurrence,9,0.0,,9,0.0,,0
109,compositional,ambiguous,holdout,similarity,9,0.0,,9,0.0,,0
109,compositional,ambiguous,holdout,value_profile,6,1.0,0.0,9,0.0,,2
109,compositional,clear,exposed,association_only,2,1.0,0.0,2,1.0,0.0,6
109,compositional,clear,exposed,clustering,9,0.0,,9,0.0,,0
109,compositional,clear,exposed,competing_models,2,1.0,0.0,6,1.0,4.0,6
109,compositional,clear,exposed,context_oracle,0,1.0,-2.0,9,0.0,,8
109,compositional,clear,exposed,delta_only,9,0.0,,9,0.0,,0
109,compositional,clear,exposed,frequency,9,0.0,,9,0.0,,0
109,compositional,clear,exposed,mdi,2,1.0,0.0,7,1.0,5.0,6
109,compositional,clear,exposed,mdi_decay0,2,1.0,0.0,4,1.0,2.0,6
109,compositional,clear,exposed,mdi_decay020,2,1.0,0.0,7,1.0,5.0,6
109,compositional,clear,exposed,mdi_no_novelty,2,1.0,0.0,4,1.0,2.0,6
109,compositional,clear,exposed,mdi_original,2,1.0,0.0,4,1.0,2.0,6
109,compositional,clear,exposed,mdi_reset,9,0.0,,9,0.0,,0
109,compositional,clear,exposed,mdi_with_delta,9,0.0,,9,0.0,,0
109,compositional,clear,exposed,predicate_match,2,1.0,0.0,9,0.0,,6
109,compositional,clear,exposed,random,9,0.0,,9,0.0,,0
109,compositional,clear,exposed,recurrence,2,1.0,0.0,9,0.0,,6
109,compositional,clear,exposed,similarity,9,0.0,,9,0.0,,0
109,compositional,clear,exposed,value_profile,2,1.0,0.0,9,0.0,,6
109,compositional,clear,holdout,association_only,2,1.0,0.0,6,1.0,4.0,6
109,compositional,clear,holdout,clustering,9,0.0,,9,0.0,,0
109,compositional,clear,holdout,competing_models,2,1.0,0.0,8,1.0,6.0,6
109,compositional,clear,holdout,context_oracle,0,1.0,-2.0,9,0.0,,8
109,compositional,clear,holdout,delta_only,9,0.0,,9,0.0,,0
109,compositional,clear,holdout,frequency,9,0.0,,9,0.0,,0
109,compositional,clear,holdout,mdi,2,1.0,0.0,7,1.0,5.0,6
109,compositional,clear,holdout,mdi_decay0,2,1.0,0.0,7,1.0,5.0,6
109,compositional,clear,holdout,mdi_decay020,2,1.0,0.0,9,0.0,,6
109,compositional,clear,holdout,mdi_no_novelty,2,1.0,0.0,6,1.0,4.0,6
109,compositional,clear,holdout,mdi_original,2,1.0,0.0,6,1.0,4.0,6
109,compositional,clear,holdout,mdi_reset,9,0.0,,9,0.0,,0
109,compositional,clear,holdout,mdi_with_delta,4,1.0,2.0,9,0.0,,4
109,compositional,clear,holdout,predicate_match,2,1.0,0.0,9,0.0,,6
109,compositional,clear,holdout,random,9,0.0,,9,0.0,,0
109,compositional,clear,holdout,recurrence,9,0.0,,9,0.0,,0
109,compositional,clear,holdout,similarity,9,0.0,,9,0.0,,0
109,compositional,clear,holdout,value_profile,2,1.0,0.0,9,0.0,,6
109,compositional,detour,exposed,association_only,9,0.0,,9,0.0,,0
109,compositional,detour,exposed,clustering,9,0.0,,9,0.0,,0
109,compositional,detour,exposed,competing_models,5,1.0,3.0,9,0.0,,3
109,compositional,detour,exposed,context_oracle,0,1.0,-2.0,9,0.0,,8
109,compositional,detour,exposed,delta_only,9,0.0,,9,0.0,,0
109,compositional,detour,exposed,frequency,9,0.0,,9,0.0,,0
109,compositional,detour,exposed,mdi,9,0.0,,9,0.0,,0
109,compositional,detour,exposed,mdi_decay0,2,1.0,0.0,9,0.0,,6
109,compositional,detour,exposed,mdi_decay020,9,0.0,,9,0.0,,0
109,compositional,detour,exposed,mdi_no_novelty,9,0.0,,9,0.0,,0
109,compositional,detour,exposed,mdi_original,2,1.0,0.0,9,0.0,,6
109,compositional,detour,exposed,mdi_reset,9,0.0,,9,0.0,,0
109,compositional,detour,exposed,mdi_with_delta,9,0.0,,9,0.0,,0
109,compositional,detour,exposed,predicate_match,8,1.0,6.0,9,0.0,,0
109,compositional,detour,exposed,random,9,0.0,,9,0.0,,0
109,compositional,detour,exposed,recurrence,2,1.0,0.0,9,0.0,,6
109,compositional,detour,exposed,similarity,9,0.0,,9,0.0,,0
109,compositional,detour,exposed,value_profile,9,0.0,,9,0.0,,0
109,compositional,detour,holdout,association_only,9,0.0,,9,0.0,,0
109,compositional,detour,holdout,clustering,9,0.0,,9,0.0,,0
109,compositional,detour,holdout,competing_models,8,1.0,6.0,9,0.0,,0
109,compositional,detour,holdout,context_oracle,0,1.0,-2.0,9,0.0,,8
109,compositional,detour,holdout,delta_only,9,0.0,,9,0.0,,0
109,compositional,detour,holdout,frequency,9,0.0,,9,0.0,,0
109,compositional,detour,holdout,mdi,9,0.0,,9,0.0,,0
109,compositional,detour,holdout,mdi_decay0,8,1.0,6.0,9,0.0,,0
109,compositional,detour,holdout,mdi_decay020,9,0.0,,9,0.0,,0
109,compositional,detour,holdout,mdi_no_novelty,9,0.0,,9,0.0,,0
109,compositional,detour,holdout,mdi_original,9,0.0,,9,0.0,,0
109,compositional,detour,holdout,mdi_reset,9,0.0,,9,0.0,,0
109,compositional,detour,holdout,mdi_with_delta,9,0.0,,9,0.0,,0
109,compositional,detour,holdout,predicate_match,8,1.0,6.0,9,0.0,,0
109,compositional,detour,holdout,random,9,0.0,,9,0.0,,0
109,compositional,detour,holdout,recurrence,9,0.0,,9,0.0,,0
109,compositional,detour,holdout,similarity,9,0.0,,9,0.0,,0
109,compositional,detour,holdout,value_profile,9,0.0,,9,0.0,,0
109,compositional,null,exposed,association_only,9,0.0,,9,0.0,,0
109,compositional,null,exposed,clustering,9,0.0,,9,0.0,,0
109,compositional,null,exposed,competing_models,9,0.0,,9,0.0,,0
109,compositional,null,exposed,context_oracle,0,1.0,,9,0.0,,8
109,compositional,null,exposed,delta_only,9,0.0,,9,0.0,,0
109,compositional,null,exposed,frequency,9,0.0,,9,0.0,,0
109,compositional,null,exposed,mdi,9,0.0,,9,0.0,,0
109,compositional,null,exposed,mdi_decay0,9,0.0,,9,0.0,,0
109,compositional,null,exposed,mdi_decay020,9,0.0,,9,0.0,,0
109,compositional,null,exposed,mdi_no_novelty,9,0.0,,9,0.0,,0
109,compositional,null,exposed,mdi_original,9,0.0,,9,0.0,,0
109,compositional,null,exposed,mdi_reset,9,0.0,,9,0.0,,0
109,compositional,null,exposed,mdi_with_delta,9,0.0,,9,0.0,,0
109,compositional,null,exposed,predicate_match,9,0.0,,9,0.0,,0
109,compositional,null,exposed,random,9,0.0,,9,0.0,,0
109,compositional,null,exposed,recurrence,9,0.0,,9,0.0,,0
109,compositional,null,exposed,similarity,9,0.0,,9,0.0,,0
109,compositional,null,exposed,value_profile,9,0.0,,9,0.0,,0
109,compositional,null,holdout,association_only,9,0.0,,9,0.0,,0
109,compositional,null,holdout,clustering,9,0.0,,9,0.0,,0
109,compositional,null,holdout,competing_models,9,0.0,,9,0.0,,0
109,compositional,null,holdout,context_oracle,0,1.0,,9,0.0,,8
109,compositional,null,holdout,delta_only,9,0.0,,9,0.0,,0
109,compositional,null,holdout,frequency,9,0.0,,9,0.0,,0
109,compositional,null,holdout,mdi,9,0.0,,9,0.0,,0
109,compositional,null,holdout,mdi_decay0,9,0.0,,9,0.0,,0
109,compositional,null,holdout,mdi_decay020,9,0.0,,9,0.0,,0
109,compositional,null,holdout,mdi_no_novelty,9,0.0,,9,0.0,,0
109,compositional,null,holdout,mdi_original,9,0.0,,9,0.0,,0
109,compositional,null,holdout,mdi_reset,9,0.0,,9,0.0,,0
109,compositional,null,holdout,mdi_with_delta,9,0.0,,9,0.0,,0
109,compositional,null,holdout,predicate_match,9,0.0,,9,0.0,,0
109,compositional,null,holdout,random,9,0.0,,9,0.0,,0
109,compositional,null,holdout,recurrence,9,0.0,,9,0.0,,0
109,compositional,null,holdout,similarity,9,0.0,,9,0.0,,0
109,compositional,null,holdout,value_profile,9,0.0,,9,0.0,,0
109,compositional,switch,exposed,association_only,8,1.0,3.0,9,0.0,,0
109,compositional,switch,exposed,clustering,9,0.0,,9,0.0,,0
109,compositional,switch,exposed,competing_models,7,1.0,2.0,7,1.0,2.0,1
109,compositional,switch,exposed,context_oracle,0,1.0,-5.0,9,0.0,,8
109,compositional,switch,exposed,delta_only,9,0.0,,9,0.0,,0
109,compositional,switch,exposed,frequency,9,0.0,,9,0.0,,0
109,compositional,switch,exposed,mdi,7,1.0,2.0,9,0.0,,1
109,compositional,switch,exposed,mdi_decay0,8,1.0,3.0,9,0.0,,0
109,compositional,switch,exposed,mdi_decay020,7,1.0,2.0,9,0.0,,1
109,compositional,switch,exposed,mdi_no_novelty,7,1.0,2.0,7,1.0,2.0,1
109,compositional,switch,exposed,mdi_original,9,0.0,,9,0.0,,0
109,compositional,switch,exposed,mdi_reset,9,0.0,,9,0.0,,0
109,compositional,switch,exposed,mdi_with_delta,9,0.0,,9,0.0,,0
109,compositional,switch,exposed,predicate_match,7,1.0,2.0,7,1.0,2.0,1
109,compositional,switch,exposed,random,9,0.0,,9,0.0,,0
109,compositional,switch,exposed,recurrence,9,0.0,,9,0.0,,0
109,compositional,switch,exposed,similarity,9,0.0,,9,0.0,,0
109,compositional,switch,exposed,value_profile,7,1.0,2.0,9,0.0,,1
109,compositional,switch,holdout,association_only,9,0.0,,9,0.0,,0
109,compositional,switch,holdout,clustering,9,0.0,,9,0.0,,0
109,compositional,switch,holdout,competing_models,7,1.0,2.0,7,1.0,2.0,1
109,compositional,switch,holdout,context_oracle,0,1.0,-5.0,9,0.0,,8
109,compositional,switch,holdout,delta_only,9,0.0,,9,0.0,,0
109,compositional,switch,holdout,frequency,9,0.0,,9,0.0,,0
109,compositional,switch,holdout,mdi,8,1.0,3.0,8,1.0,3.0,0
109,compositional,switch,holdout,mdi_decay0,8,1.0,3.0,9,0.0,,0
109,compositional,switch,holdout,mdi_decay020,6,1.0,1.0,8,1.0,3.0,2
109,compositional,switch,holdout,mdi_no_novelty,7,1.0,2.0,8,1.0,3.0,1
109,compositional,switch,holdout,mdi_original,9,0.0,,9,0.0,,0
109,compositional,switch,holdout,mdi_reset,9,0.0,,9,0.0,,0
109,compositional,switch,holdout,mdi_with_delta,9,0.0,,9,0.0,,0
109,compositional,switch,holdout,predicate_match,7,1.0,2.0,7,1.0,2.0,1
109,compositional,switch,holdout,random,9,0.0,,9,0.0,,0
109,compositional,switch,holdout,recurrence,9,0.0,,9,0.0,,0
109,compositional,switch,holdout,similarity,9,0.0,,9,0.0,,0
109,compositional,switch,holdout,value_profile,7,1.0,2.0,9,0.0,,1
109,distributional,ambiguous,exposed,association_only,6,1.0,0.0,6,1.0,0.0,2
109,distributional,ambiguous,exposed,clustering,9,0.0,,9,0.0,,0
109,distributional,ambiguous,exposed,competing_models,6,1.0,0.0,6,1.0,0.0,2
109,distributional,ambiguous,exposed,context_oracle,0,1.0,-6.0,9,0.0,,8
109,distributional,ambiguous,exposed,delta_only,6,1.0,0.0,6,1.0,0.0,2
109,distributional,ambiguous,exposed,frequency,9,0.0,,9,0.0,,0
109,distributional,ambiguous,exposed,mdi,6,1.0,0.0,7,1.0,1.0,2
109,distributional,ambiguous,exposed,mdi_decay0,6,1.0,0.0,7,1.0,1.0,2
109,distributional,ambiguous,exposed,mdi_decay020,6,1.0,0.0,6,1.0,0.0,2
109,distributional,ambiguous,exposed,mdi_no_novelty,6,1.0,0.0,6,1.0,0.0,2
109,distributional,ambiguous,exposed,mdi_original,9,0.0,,9,0.0,,0
109,distributional,ambiguous,exposed,mdi_reset,9,0.0,,9,0.0,,0
109,distributional,ambiguous,exposed,mdi_with_delta,6,1.0,0.0,6,1.0,0.0,2
109,distributional,ambiguous,exposed,predicate_match,6,1.0,0.0,7,1.0,1.0,2
109,distributional,ambiguous,exposed,random,9,0.0,,9,0.0,,0
109,distributional,ambiguous,exposed,recurrence,6,1.0,0.0,9,0.0,,2
109,distributional,ambiguous,exposed,similarity,9,0.0,,9,0.0,,0
109,distributional,ambiguous,exposed,value_profile,6,1.0,0.0,6,1.0,0.0,2
109,distributional,ambiguous,holdout,association_only,6,1.0,0.0,7,1.0,1.0,2
109,distributional,ambiguous,holdout,clustering,9,0.0,,9,0.0,,0
109,distributional,ambiguous,holdout,competing_models,6,1.0,0.0,7,1.0,1.0,2
109,distributional,ambiguous,holdout,context_oracle,0,1.0,-6.0,9,0.0,,8
109,distributional,ambiguous,holdout,delta_only,6,1.0,0.0,7,1.0,1.0,2
109,distributional,ambiguous,holdout,frequency,9,0.0,,9,0.0,,0
109,distributional,ambiguous,holdout,mdi,6,1.0,0.0,7,1.0,1.0,2
109,distributional,ambiguous,holdout,mdi_decay0,6,1.0,0.0,7,1.0,1.0,2
109,distributional,ambiguous,holdout,mdi_decay020,6,1.0,0.0,6,1.0,0.0,2
109,distributional,ambiguous,holdout,mdi_no_novelty,6,1.0,0.0,7,1.0,1.0,2
109,distributional,ambiguous,holdout,mdi_original,9,0.0,,9,0.0,,0
109,distributional,ambiguous,holdout,mdi_reset,9,0.0,,9,0.0,,0
109,distributional,ambiguous,holdout,mdi_with_delta,6,1.0,0.0,6,1.0,0.0,2
109,distributional,ambiguous,holdout,predicate_match,6,1.0,0.0,7,1.0,1.0,2
109,distributional,ambiguous,holdout,random,9,0.0,,9,0.0,,0
109,distributional,ambiguous,holdout,recurrence,9,0.0,,9,0.0,,0
109,distributional,ambiguous,holdout,similarity,9,0.0,,9,0.0,,0
109,distributional,ambiguous,holdout,value_profile,6,1.0,0.0,7,1.0,1.0,2
109,distributional,clear,exposed,association_only,2,1.0,0.0,2,1.0,0.0,6
109,distributional,clear,exposed,clustering,9,0.0,,9,0.0,,0
109,distributional,clear,exposed,competing_models,2,1.0,0.0,2,1.0,0.0,6
109,distributional,clear,exposed,context_oracle,0,1.0,-2.0,9,0.0,,8
109,distributional,clear,exposed,delta_only,2,1.0,0.0,3,1.0,1.0,6
109,distributional,clear,exposed,frequency,9,0.0,,9,0.0,,0
109,distributional,clear,exposed,mdi,2,1.0,0.0,2,1.0,0.0,6
109,distributional,clear,exposed,mdi_decay0,2,1.0,0.0,2,1.0,0.0,6
109,distributional,clear,exposed,mdi_decay020,2,1.0,0.0,2,1.0,0.0,6
109,distributional,clear,exposed,mdi_no_novelty,2,1.0,0.0,2,1.0,0.0,6
109,distributional,clear,exposed,mdi_original,9,0.0,,9,0.0,,0
109,distributional,clear,exposed,mdi_reset,9,0.0,,9,0.0,,0
109,distributional,clear,exposed,mdi_with_delta,2,1.0,0.0,2,1.0,0.0,6
109,distributional,clear,exposed,predicate_match,2,1.0,0.0,3,1.0,1.0,6
109,distributional,clear,exposed,random,9,0.0,,9,0.0,,0
109,distributional,clear,exposed,recurrence,2,1.0,0.0,3,1.0,1.0,6
109,distributional,clear,exposed,similarity,9,0.0,,9,0.0,,0
109,distributional,clear,exposed,value_profile,2,1.0,0.0,2,1.0,0.0,6
109,distributional,clear,holdout,association_only,2,1.0,0.0,2,1.0,0.0,6
109,distributional,clear,holdout,clustering,9,0.0,,9,0.0,,0
109,distributional,clear,holdout,competing_models,2,1.0,0.0,2,1.0,0.0,6
109,distributional,clear,holdout,context_oracle,0,1.0,-2.0,9,0.0,,8
109,distributional,clear,holdout,delta_only,2,1.0,0.0,9,0.0,,6
109,distributional,clear,holdout,frequency,9,0.0,,9,0.0,,0
109,distributional,clear,holdout,mdi,2,1.0,0.0,2,1.0,0.0,6
109,distributional,clear,holdout,mdi_decay0,2,1.0,0.0,2,1.0,0.0,6
109,distributional,clear,holdout,mdi_decay020,2,1.0,0.0,2,1.0,0.0,6
109,distributional,clear,holdout,mdi_no_novelty,2,1.0,0.0,2,1.0,0.0,6
109,distributional,clear,holdout,mdi_original,9,0.0,,9,0.0,,0
109,distributional,clear,holdout,mdi_reset,9,0.0,,9,0.0,,0
109,distributional,clear,holdout,mdi_with_delta,2,1.0,0.0,2,1.0,0.0,6
109,distributional,clear,holdout,predicate_match,2,1.0,0.0,3,1.0,1.0,6
109,distributional,clear,holdout,random,9,0.0,,9,0.0,,0
109,distributional,clear,holdout,recurrence,9,0.0,,9,0.0,,0
109,distributional,clear,holdout,similarity,9,0.0,,9,0.0,,0
109,distributional,clear,holdout,value_profile,2,1.0,0.0,2,1.0,0.0,6
109,distributional,detour,exposed,association_only,2,1.0,0.0,2,1.0,0.0,6
109,distributional,detour,exposed,clustering,9,0.0,,9,0.0,,0
109,distributional,detour,exposed,competing_models,2,1.0,0.0,2,1.0,0.0,6
109,distributional,detour,exposed,context_oracle,0,1.0,-2.0,9,0.0,,8
109,distributional,detour,exposed,delta_only,9,0.0,,9,0.0,,0
109,distributional,detour,exposed,frequency,9,0.0,,9,0.0,,0
109,distributional,detour,exposed,mdi,2,1.0,0.0,2,1.0,0.0,6
109,distributional,detour,exposed,mdi_decay0,2,1.0,0.0,2,1.0,0.0,6
109,distributional,detour,exposed,mdi_decay020,2,1.0,0.0,8,1.0,6.0,6
109,distributional,detour,exposed,mdi_no_novelty,2,1.0,0.0,2,1.0,0.0,6
109,distributional,detour,exposed,mdi_original,9,0.0,,9,0.0,,0
109,distributional,detour,exposed,mdi_reset,9,0.0,,9,0.0,,0
109,distributional,detour,exposed,mdi_with_delta,2,1.0,0.0,2,1.0,0.0,6
109,distributional,detour,exposed,predicate_match,2,1.0,0.0,3,1.0,1.0,6
109,distributional,detour,exposed,random,9,0.0,,9,0.0,,0
109,distributional,detour,exposed,recurrence,2,1.0,0.0,9,0.0,,6
109,distributional,detour,exposed,similarity,9,0.0,,9,0.0,,0
109,distributional,detour,exposed,value_profile,2,1.0,0.0,2,1.0,0.0,6
109,distributional,detour,holdout,association_only,2,1.0,0.0,8,1.0,6.0,6
109,distributional,detour,holdout,clustering,9,0.0,,9,0.0,,0
109,distributional,detour,holdout,competing_models,2,1.0,0.0,2,1.0,0.0,6
109,distributional,detour,holdout,context_oracle,0,1.0,-2.0,9,0.0,,8
109,distributional,detour,holdout,delta_only,9,0.0,,9,0.0,,0
109,distributional,detour,holdout,frequency,9,0.0,,9,0.0,,0
109,distributional,detour,holdout,mdi,2,1.0,0.0,2,1.0,0.0,6
109,distributional,detour,holdout,mdi_decay0,2,1.0,0.0,2,1.0,0.0,6
109,distributional,detour,holdout,mdi_decay020,2,1.0,0.0,8,1.0,6.0,6
109,distributional,detour,holdout,mdi_no_novelty,2,1.0,0.0,2,1.0,0.0,6
109,distributional,detour,holdout,mdi_original,9,0.0,,9,0.0,,0
109,distributional,detour,holdout,mdi_reset,9,0.0,,9,0.0,,0
109,distributional,detour,holdout,mdi_with_delta,2,1.0,0.0,2,1.0,0.0,6
109,distributional,detour,holdout,predicate_match,2,1.0,0.0,3,1.0,1.0,6
109,distributional,detour,holdout,random,9,0.0,,9,0.0,,0
109,distributional,detour,holdout,recurrence,9,0.0,,9,0.0,,0
109,distributional,detour,holdout,similarity,9,0.0,,9,0.0,,0
109,distributional,detour,holdout,value_profile,2,1.0,0.0,2,1.0,0.0,6
109,distributional,null,exposed,association_only,9,0.0,,9,0.0,,0
109,distributional,null,exposed,clustering,9,0.0,,9,0.0,,0
109,distributional,null,exposed,competing_models,9,0.0,,9,0.0,,0
109,distributional,null,exposed,context_oracle,0,1.0,,9,0.0,,8
109,distributional,null,exposed,delta_only,9,0.0,,9,0.0,,0
109,distributional,null,exposed,frequency,9,0.0,,9,0.0,,0
109,distributional,null,exposed,mdi,9,0.0,,9,0.0,,0
109,distributional,null,exposed,mdi_decay0,9,0.0,,9,0.0,,0
109,distributional,null,exposed,mdi_decay020,9,0.0,,9,0.0,,0
109,distributional,null,exposed,mdi_no_novelty,9,0.0,,9,0.0,,0
109,distributional,null,exposed,mdi_original,9,0.0,,9,0.0,,0
109,distributional,null,exposed,mdi_reset,9,0.0,,9,0.0,,0
109,distributional,null,exposed,mdi_with_delta,9,0.0,,9,0.0,,0
109,distributional,null,exposed,predicate_match,9,0.0,,9,0.0,,0
109,distributional,null,exposed,random,9,0.0,,9,0.0,,0
109,distributional,null,exposed,recurrence,9,0.0,,9,0.0,,0
109,distributional,null,exposed,similarity,9,0.0,,9,0.0,,0
109,distributional,null,exposed,value_profile,9,0.0,,9,0.0,,0
109,distributional,null,holdout,association_only,9,0.0,,9,0.0,,0
109,distributional,null,holdout,clustering,9,0.0,,9,0.0,,0
109,distributional,null,holdout,competing_models,9,0.0,,9,0.0,,0
109,distributional,null,holdout,context_oracle,0,1.0,,9,0.0,,8
109,distributional,null,holdout,delta_only,9,0.0,,9,0.0,,0
109,distributional,null,holdout,frequency,9,0.0,,9,0.0,,0
109,distributional,null,holdout,mdi,9,0.0,,9,0.0,,0
109,distributional,null,holdout,mdi_decay0,9,0.0,,9,0.0,,0
109,distributional,null,holdout,mdi_decay020,9,0.0,,9,0.0,,0
109,distributional,null,holdout,mdi_no_novelty,9,0.0,,9,0.0,,0
109,distributional,null,holdout,mdi_original,9,0.0,,9,0.0,,0
109,distributional,null,holdout,mdi_reset,9,0.0,,9,0.0,,0
109,distributional,null,holdout,mdi_with_delta,9,0.0,,9,0.0,,0
109,distributional,null,holdout,predicate_match,9,0.0,,9,0.0,,0
109,distributional,null,holdout,random,9,0.0,,9,0.0,,0
109,distributional,null,holdout,recurrence,9,0.0,,9,0.0,,0
109,distributional,null,holdout,similarity,9,0.0,,9,0.0,,0
109,distributional,null,holdout,value_profile,9,0.0,,9,0.0,,0
109,distributional,switch,exposed,association_only,7,1.0,2.0,9,0.0,,1
109,distributional,switch,exposed,clustering,9,0.0,,9,0.0,,0
109,distributional,switch,exposed,competing_models,7,1.0,2.0,7,1.0,2.0,1
109,distributional,switch,exposed,context_oracle,0,1.0,-5.0,9,0.0,,8
109,distributional,switch,exposed,delta_only,9,0.0,,9,0.0,,0
109,distributional,switch,exposed,frequency,9,0.0,,9,0.0,,0
109,distributional,switch,exposed,mdi,7,1.0,2.0,8,1.0,3.0,1
109,distributional,switch,exposed,mdi_decay0,8,1.0,3.0,8,1.0,3.0,0
109,distributional,switch,exposed,mdi_decay020,6,1.0,1.0,7,1.0,2.0,2
109,distributional,switch,exposed,mdi_no_novelty,7,1.0,2.0,8,1.0,3.0,1
109,distributional,switch,exposed,mdi_original,9,0.0,,9,0.0,,0
109,distributional,switch,exposed,mdi_reset,9,0.0,,9,0.0,,0
109,distributional,switch,exposed,mdi_with_delta,8,1.0,3.0,9,0.0,,0
109,distributional,switch,exposed,predicate_match,7,1.0,2.0,7,1.0,2.0,1
109,distributional,switch,exposed,random,9,0.0,,9,0.0,,0
109,distributional,switch,exposed,recurrence,9,0.0,,9,0.0,,0
109,distributional,switch,exposed,similarity,9,0.0,,9,0.0,,0
109,distributional,switch,exposed,value_profile,7,1.0,2.0,7,1.0,2.0,1
109,distributional,switch,holdout,association_only,8,1.0,3.0,9,0.0,,0
109,distributional,switch,holdout,clustering,9,0.0,,9,0.0,,0
109,distributional,switch,holdout,competing_models,7,1.0,2.0,7,1.0,2.0,1
109,distributional,switch,holdout,context_oracle,0,1.0,-5.0,9,0.0,,8
109,distributional,switch,holdout,delta_only,9,0.0,,9,0.0,,0
109,distributional,switch,holdout,frequency,9,0.0,,9,0.0,,0
109,distributional,switch,holdout,mdi,7,1.0,2.0,8,1.0,3.0,1
109,distributional,switch,holdout,mdi_decay0,8,1.0,3.0,8,1.0,3.0,0
109,distributional,switch,holdout,mdi_decay020,6,1.0,1.0,6,1.0,1.0,2
109,distributional,switch,holdout,mdi_no_novelty,7,1.0,2.0,8,1.0,3.0,1
109,distributional,switch,holdout,mdi_original,9,0.0,,9,0.0,,0
109,distributional,switch,holdout,mdi_reset,9,0.0,,9,0.0,,0
109,distributional,switch,holdout,mdi_with_delta,8,1.0,3.0,9,0.0,,0
109,distributional,switch,holdout,predicate_match,7,1.0,2.0,7,1.0,2.0,1
109,distributional,switch,holdout,random,9,0.0,,9,0.0,,0
109,distributional,switch,holdout,recurrence,9,0.0,,9,0.0,,0
109,distributional,switch,holdout,similarity,9,0.0,,9,0.0,,0
109,distributional,switch,holdout,value_profile,7,1.0,2.0,7,1.0,2.0,1
109,shared,ambiguous,exposed,association_only,9,0.0,,9,0.0,,0
109,shared,ambiguous,exposed,clustering,9,0.0,,9,0.0,,0
109,shared,ambiguous,exposed,competing_models,9,0.0,,9,0.0,,0
109,shared,ambiguous,exposed,context_oracle,9,0.0,,9,0.0,,0
109,shared,ambiguous,exposed,delta_only,7,1.0,0.0,9,0.0,,1
109,shared,ambiguous,exposed,frequency,9,0.0,,9,0.0,,0
109,shared,ambiguous,exposed,mdi,9,0.0,,9,0.0,,0
109,shared,ambiguous,exposed,mdi_decay0,9,0.0,,9,0.0,,0
109,shared,ambiguous,exposed,mdi_decay020,9,0.0,,9,0.0,,0
109,shared,ambiguous,exposed,mdi_no_novelty,9,0.0,,9,0.0,,0
109,shared,ambiguous,exposed,mdi_original,9,0.0,,9,0.0,,0
109,shared,ambiguous,exposed,mdi_reset,9,0.0,,9,0.0,,0
109,shared,ambiguous,exposed,mdi_with_delta,9,0.0,,9,0.0,,0
109,shared,ambiguous,exposed,predicate_match,7,1.0,0.0,9,0.0,,1
109,shared,ambiguous,exposed,random,9,0.0,,9,0.0,,0
109,shared,ambiguous,exposed,recurrence,7,1.0,0.0,9,0.0,,1
109,shared,ambiguous,exposed,similarity,9,0.0,,9,0.0,,0
109,shared,ambiguous,exposed,value_profile,9,0.0,,9,0.0,,0
109,shared,ambiguous,holdout,association_only,9,0.0,,9,0.0,,0
109,shared,ambiguous,holdout,clustering,9,0.0,,9,0.0,,0
109,shared,ambiguous,holdout,competing_models,9,0.0,,9,0.0,,0
109,shared,ambiguous,holdout,context_oracle,9,0.0,,9,0.0,,0
109,shared,ambiguous,holdout,delta_only,7,1.0,0.0,9,0.0,,1
109,shared,ambiguous,holdout,frequency,9,0.0,,9,0.0,,0
109,shared,ambiguous,holdout,mdi,9,0.0,,9,0.0,,0
109,shared,ambiguous,holdout,mdi_decay0,9,0.0,,9,0.0,,0
109,shared,ambiguous,holdout,mdi_decay020,9,0.0,,9,0.0,,0
109,shared,ambiguous,holdout,mdi_no_novelty,9,0.0,,9,0.0,,0
109,shared,ambiguous,holdout,mdi_original,9,0.0,,9,0.0,,0
109,shared,ambiguous,holdout,mdi_reset,9,0.0,,9,0.0,,0
109,shared,ambiguous,holdout,mdi_with_delta,9,0.0,,9,0.0,,0
109,shared,ambiguous,holdout,predicate_match,7,1.0,0.0,9,0.0,,1
109,shared,ambiguous,holdout,random,9,0.0,,9,0.0,,0
109,shared,ambiguous,holdout,recurrence,9,0.0,,9,0.0,,0
109,shared,ambiguous,holdout,similarity,9,0.0,,9,0.0,,0
109,shared,ambiguous,holdout,value_profile,9,0.0,,9,0.0,,0
109,shared,clear,exposed,association_only,9,0.0,,9,0.0,,0
109,shared,clear,exposed,clustering,9,0.0,,9,0.0,,0
109,shared,clear,exposed,competing_models,3,1.0,0.0,3,1.0,0.0,5
109,shared,clear,exposed,context_oracle,9,0.0,,9,0.0,,0
109,shared,clear,exposed,delta_only,9,0.0,,9,0.0,,0
109,shared,clear,exposed,frequency,9,0.0,,9,0.0,,0
109,shared,clear,exposed,mdi,9,0.0,,9,0.0,,0
109,shared,clear,exposed,mdi_decay0,9,0.0,,9,0.0,,0
109,shared,clear,exposed,mdi_decay020,9,0.0,,9,0.0,,0
109,shared,clear,exposed,mdi_no_novelty,9,0.0,,9,0.0,,0
109,shared,clear,exposed,mdi_original,9,0.0,,9,0.0,,0
109,shared,clear,exposed,mdi_reset,9,0.0,,9,0.0,,0
109,shared,clear,exposed,mdi_with_delta,9,0.0,,9,0.0,,0
109,shared,clear,exposed,predicate_match,3,1.0,0.0,5,1.0,2.0,5
109,shared,clear,exposed,random,9,0.0,,9,0.0,,0
109,shared,clear,exposed,recurrence,3,1.0,0.0,6,1.0,3.0,5
109,shared,clear,exposed,similarity,9,0.0,,9,0.0,,0
109,shared,clear,exposed,value_profile,5,1.0,2.0,5,1.0,2.0,3
109,shared,clear,holdout,association_only,7,1.0,4.0,7,1.0,4.0,1
109,shared,clear,holdout,clustering,9,0.0,,9,0.0,,0
109,shared,clear,holdout,competing_models,5,1.0,2.0,5,1.0,2.0,3
109,shared,clear,holdout,context_oracle,9,0.0,,9,0.0,,0
109,shared,clear,holdout,delta_only,3,1.0,0.0,9,0.0,,5
109,shared,clear,holdout,frequency,9,0.0,,9,0.0,,0
109,shared,clear,holdout,mdi,5,1.0,2.0,5,1.0,2.0,3
109,shared,clear,holdout,mdi_decay0,5,1.0,2.0,5,1.0,2.0,3
109,shared,clear,holdout,mdi_decay020,3,1.0,0.0,3,1.0,0.0,5
109,shared,clear,holdout,mdi_no_novelty,5,1.0,2.0,5,1.0,2.0,3
109,shared,clear,holdout,mdi_original,9,0.0,,9,0.0,,0
109,shared,clear,holdout,mdi_reset,9,0.0,,9,0.0,,0
109,shared,clear,holdout,mdi_with_delta,5,1.0,2.0,5,1.0,2.0,3
109,shared,clear,holdout,predicate_match,3,1.0,0.0,5,1.0,2.0,5
109,shared,clear,holdout,random,9,0.0,,9,0.0,,0
109,shared,clear,holdout,recurrence,9,0.0,,9,0.0,,0
109,shared,clear,holdout,similarity,9,0.0,,9,0.0,,0
109,shared,clear,holdout,value_profile,8,1.0,5.0,8,1.0,5.0,0
109,shared,detour,exposed,association_only,9,0.0,,9,0.0,,0
109,shared,detour,exposed,clustering,9,0.0,,9,0.0,,0
109,shared,detour,exposed,competing_models,3,1.0,0.0,3,1.0,0.0,5
109,shared,detour,exposed,context_oracle,9,0.0,,9,0.0,,0
109,shared,detour,exposed,delta_only,9,0.0,,9,0.0,,0
109,shared,detour,exposed,frequency,9,0.0,,9,0.0,,0
109,shared,detour,exposed,mdi,9,0.0,,9,0.0,,0
109,shared,detour,exposed,mdi_decay0,9,0.0,,9,0.0,,0
109,shared,detour,exposed,mdi_decay020,9,0.0,,9,0.0,,0
109,shared,detour,exposed,mdi_no_novelty,9,0.0,,9,0.0,,0
109,shared,detour,exposed,mdi_original,9,0.0,,9,0.0,,0
109,shared,detour,exposed,mdi_reset,9,0.0,,9,0.0,,0
109,shared,detour,exposed,mdi_with_delta,9,0.0,,9,0.0,,0
109,shared,detour,exposed,predicate_match,9,0.0,,9,0.0,,0
109,shared,detour,exposed,random,9,0.0,,9,0.0,,0
109,shared,detour,exposed,recurrence,9,0.0,,9,0.0,,0
109,shared,detour,exposed,similarity,9,0.0,,9,0.0,,0
109,shared,detour,exposed,value_profile,9,0.0,,9,0.0,,0
109,shared,detour,holdout,association_only,9,0.0,,9,0.0,,0
109,shared,detour,holdout,clustering,9,0.0,,9,0.0,,0
109,shared,detour,holdout,competing_models,9,0.0,,9,0.0,,0
109,shared,detour,holdout,context_oracle,9,0.0,,9,0.0,,0
109,shared,detour,holdout,delta_only,9,0.0,,9,0.0,,0
109,shared,detour,holdout,frequency,9,0.0,,9,0.0,,0
109,shared,detour,holdout,mdi,9,0.0,,9,0.0,,0
109,shared,detour,holdout,mdi_decay0,9,0.0,,9,0.0,,0
109,shared,detour,holdout,mdi_decay020,9,0.0,,9,0.0,,0
109,shared,detour,holdout,mdi_no_novelty,9,0.0,,9,0.0,,0
109,shared,detour,holdout,mdi_original,9,0.0,,9,0.0,,0
109,shared,detour,holdout,mdi_reset,9,0.0,,9,0.0,,0
109,shared,detour,holdout,mdi_with_delta,9,0.0,,9,0.0,,0
109,shared,detour,holdout,predicate_match,9,0.0,,9,0.0,,0
109,shared,detour,holdout,random,9,0.0,,9,0.0,,0
109,shared,detour,holdout,recurrence,9,0.0,,9,0.0,,0
109,shared,detour,holdout,similarity,9,0.0,,9,0.0,,0
109,shared,detour,holdout,value_profile,9,0.0,,9,0.0,,0
109,shared,null,exposed,association_only,9,0.0,,9,0.0,,0
109,shared,null,exposed,clustering,9,0.0,,9,0.0,,0
109,shared,null,exposed,competing_models,9,0.0,,9,0.0,,0
109,shared,null,exposed,context_oracle,9,0.0,,9,0.0,,0
109,shared,null,exposed,delta_only,9,0.0,,9,0.0,,0
109,shared,null,exposed,frequency,9,0.0,,9,0.0,,0
109,shared,null,exposed,mdi,9,0.0,,9,0.0,,0
109,shared,null,exposed,mdi_decay0,9,0.0,,9,0.0,,0
109,shared,null,exposed,mdi_decay020,9,0.0,,9,0.0,,0
109,shared,null,exposed,mdi_no_novelty,9,0.0,,9,0.0,,0
109,shared,null,exposed,mdi_original,9,0.0,,9,0.0,,0
109,shared,null,exposed,mdi_reset,9,0.0,,9,0.0,,0
109,shared,null,exposed,mdi_with_delta,9,0.0,,9,0.0,,0
109,shared,null,exposed,predicate_match,9,0.0,,9,0.0,,0
109,shared,null,exposed,random,9,0.0,,9,0.0,,0
109,shared,null,exposed,recurrence,9,0.0,,9,0.0,,0
109,shared,null,exposed,similarity,9,0.0,,9,0.0,,0
109,shared,null,exposed,value_profile,9,0.0,,9,0.0,,0
109,shared,null,holdout,association_only,9,0.0,,9,0.0,,0
109,shared,null,holdout,clustering,9,0.0,,9,0.0,,0
109,shared,null,holdout,competing_models,9,0.0,,9,0.0,,0
109,shared,null,holdout,context_oracle,9,0.0,,9,0.0,,0
109,shared,null,holdout,delta_only,9,0.0,,9,0.0,,0
109,shared,null,holdout,frequency,9,0.0,,9,0.0,,0
109,shared,null,holdout,mdi,9,0.0,,9,0.0,,0
109,shared,null,holdout,mdi_decay0,9,0.0,,9,0.0,,0
109,shared,null,holdout,mdi_decay020,9,0.0,,9,0.0,,0
109,shared,null,holdout,mdi_no_novelty,9,0.0,,9,0.0,,0
109,shared,null,holdout,mdi_original,9,0.0,,9,0.0,,0
109,shared,null,holdout,mdi_reset,9,0.0,,9,0.0,,0
109,shared,null,holdout,mdi_with_delta,9,0.0,,9,0.0,,0
109,shared,null,holdout,predicate_match,9,0.0,,9,0.0,,0
109,shared,null,holdout,random,9,0.0,,9,0.0,,0
109,shared,null,holdout,recurrence,9,0.0,,9,0.0,,0
109,shared,null,holdout,similarity,9,0.0,,9,0.0,,0
109,shared,null,holdout,value_profile,9,0.0,,9,0.0,,0
109,shared,switch,exposed,association_only,9,0.0,,9,0.0,,0
109,shared,switch,exposed,clustering,9,0.0,,9,0.0,,0
109,shared,switch,exposed,competing_models,8,1.0,2.0,8,1.0,2.0,0
109,shared,switch,exposed,context_oracle,9,0.0,,9,0.0,,0
109,shared,switch,exposed,delta_only,8,1.0,2.0,9,0.0,,0
109,shared,switch,exposed,frequency,9,0.0,,9,0.0,,0
109,shared,switch,exposed,mdi,8,1.0,2.0,9,0.0,,0
109,shared,switch,exposed,mdi_decay0,9,0.0,,9,0.0,,0
109,shared,switch,exposed,mdi_decay020,8,1.0,2.0,8,1.0,2.0,0
109,shared,switch,exposed,mdi_no_novelty,9,0.0,,9,0.0,,0
109,shared,switch,exposed,mdi_original,9,0.0,,9,0.0,,0
109,shared,switch,exposed,mdi_reset,9,0.0,,9,0.0,,0
109,shared,switch,exposed,mdi_with_delta,9,0.0,,9,0.0,,0
109,shared,switch,exposed,predicate_match,8,1.0,2.0,8,1.0,2.0,0
109,shared,switch,exposed,random,9,0.0,,9,0.0,,0
109,shared,switch,exposed,recurrence,9,0.0,,9,0.0,,0
109,shared,switch,exposed,similarity,9,0.0,,9,0.0,,0
109,shared,switch,exposed,value_profile,9,0.0,,9,0.0,,0
109,shared,switch,holdout,association_only,9,0.0,,9,0.0,,0
109,shared,switch,holdout,clustering,9,0.0,,9,0.0,,0
109,shared,switch,holdout,competing_models,9,0.0,,9,0.0,,0
109,shared,switch,holdout,context_oracle,9,0.0,,9,0.0,,0
109,shared,switch,holdout,delta_only,6,1.0,0.0,9,0.0,,2
109,shared,switch,holdout,frequency,9,0.0,,9,0.0,,0
109,shared,switch,holdout,mdi,9,0.0,,9,0.0,,0
109,shared,switch,holdout,mdi_decay0,9,0.0,,9,0.0,,0
109,shared,switch,holdout,mdi_decay020,9,0.0,,9,0.0,,0
109,shared,switch,holdout,mdi_no_novelty,9,0.0,,9,0.0,,0
109,shared,switch,holdout,mdi_original,9,0.0,,9,0.0,,0
109,shared,switch,holdout,mdi_reset,9,0.0,,9,0.0,,0
109,shared,switch,holdout,mdi_with_delta,9,0.0,,9,0.0,,0
109,shared,switch,holdout,predicate_match,8,1.0,2.0,8,1.0,2.0,0
109,shared,switch,holdout,random,9,0.0,,9,0.0,,0
109,shared,switch,holdout,recurrence,9,0.0,,9,0.0,,0
109,shared,switch,holdout,similarity,9,0.0,,9,0.0,,0
109,shared,switch,holdout,value_profile,9,0.0,,9,0.0,,0
109,structural,ambiguous,exposed,association_only,6,1.0,0.0,7,1.0,1.0,2
109,structural,ambiguous,exposed,clustering,9,0.0,,9,0.0,,0
109,structural,ambiguous,exposed,competing_models,6,1.0,0.0,6,1.0,0.0,2
109,structural,ambiguous,exposed,context_oracle,0,1.0,-6.0,9,0.0,,8
109,structural,ambiguous,exposed,delta_only,6,1.0,0.0,9,0.0,,2
109,structural,ambiguous,exposed,frequency,9,0.0,,9,0.0,,0
109,structural,ambiguous,exposed,mdi,6,1.0,0.0,7,1.0,1.0,2
109,structural,ambiguous,exposed,mdi_decay0,6,1.0,0.0,7,1.0,1.0,2
109,structural,ambiguous,exposed,mdi_decay020,6,1.0,0.0,7,1.0,1.0,2
109,structural,ambiguous,exposed,mdi_no_novelty,6,1.0,0.0,6,1.0,0.0,2
109,structural,ambiguous,exposed,mdi_original,6,1.0,0.0,6,1.0,0.0,2
109,structural,ambiguous,exposed,mdi_reset,9,0.0,,9,0.0,,0
109,structural,ambiguous,exposed,mdi_with_delta,6,1.0,0.0,6,1.0,0.0,2
109,structural,ambiguous,exposed,predicate_match,6,1.0,0.0,9,0.0,,2
109,structural,ambiguous,exposed,random,9,0.0,,9,0.0,,0
109,structural,ambiguous,exposed,recurrence,6,1.0,0.0,9,0.0,,2
109,structural,ambiguous,exposed,similarity,9,0.0,,9,0.0,,0
109,structural,ambiguous,exposed,value_profile,6,1.0,0.0,6,1.0,0.0,2
109,structural,ambiguous,holdout,association_only,6,1.0,0.0,6,1.0,0.0,2
109,structural,ambiguous,holdout,clustering,9,0.0,,9,0.0,,0
109,structural,ambiguous,holdout,competing_models,6,1.0,0.0,6,1.0,0.0,2
109,structural,ambiguous,holdout,context_oracle,0,1.0,-6.0,9,0.0,,8
109,structural,ambiguous,holdout,delta_only,6,1.0,0.0,9,0.0,,2
109,structural,ambiguous,holdout,frequency,9,0.0,,9,0.0,,0
109,structural,ambiguous,holdout,mdi,6,1.0,0.0,6,1.0,0.0,2
109,structural,ambiguous,holdout,mdi_decay0,6,1.0,0.0,6,1.0,0.0,2
109,structural,ambiguous,holdout,mdi_decay020,6,1.0,0.0,6,1.0,0.0,2
109,structural,ambiguous,holdout,mdi_no_novelty,6,1.0,0.0,6,1.0,0.0,2
109,structural,ambiguous,holdout,mdi_original,6,1.0,0.0,6,1.0,0.0,2
109,structural,ambiguous,holdout,mdi_reset,9,0.0,,9,0.0,,0
109,structural,ambiguous,holdout,mdi_with_delta,6,1.0,0.0,6,1.0,0.0,2
109,structural,ambiguous,holdout,predicate_match,6,1.0,0.0,9,0.0,,2
109,structural,ambiguous,holdout,random,9,0.0,,9,0.0,,0
109,structural,ambiguous,holdout,recurrence,9,0.0,,9,0.0,,0
109,structural,ambiguous,holdout,similarity,9,0.0,,9,0.0,,0
109,structural,ambiguous,holdout,value_profile,6,1.0,0.0,6,1.0,0.0,2
109,structural,clear,exposed,association_only,2,1.0,0.0,2,1.0,0.0,6
109,structural,clear,exposed,clustering,9,0.0,,9,0.0,,0
109,structural,clear,exposed,competing_models,2,1.0,0.0,2,1.0,0.0,6
109,structural,clear,exposed,context_oracle,0,1.0,-2.0,9,0.0,,8
109,structural,clear,exposed,delta_only,2,1.0,0.0,9,0.0,,6
109,structural,clear,exposed,frequency,9,0.0,,9,0.0,,0
109,structural,clear,exposed,mdi,2,1.0,0.0,2,1.0,0.0,6
109,structural,clear,exposed,mdi_decay0,2,1.0,0.0,2,1.0,0.0,6
109,structural,clear,exposed,mdi_decay020,2,1.0,0.0,2,1.0,0.0,6
109,structural,clear,exposed,mdi_no_novelty,2,1.0,0.0,2,1.0,0.0,6
109,structural,clear,exposed,mdi_original,2,1.0,0.0,2,1.0,0.0,6
109,structural,clear,exposed,mdi_reset,9,0.0,,9,0.0,,0
109,structural,clear,exposed,mdi_with_delta,2,1.0,0.0,2,1.0,0.0,6
109,structural,clear,exposed,predicate_match,2,1.0,0.0,5,1.0,3.0,6
109,structural,clear,exposed,random,9,0.0,,9,0.0,,0
109,structural,clear,exposed,recurrence,2,1.0,0.0,5,1.0,3.0,6
109,structural,clear,exposed,similarity,9,0.0,,9,0.0,,0
109,structural,clear,exposed,value_profile,2,1.0,0.0,2,1.0,0.0,6
109,structural,clear,holdout,association_only,2,1.0,0.0,2,1.0,0.0,6
109,structural,clear,holdout,clustering,9,0.0,,9,0.0,,0
109,structural,clear,holdout,competing_models,2,1.0,0.0,2,1.0,0.0,6
109,structural,clear,holdout,context_oracle,0,1.0,-2.0,9,0.0,,8
109,structural,clear,holdout,delta_only,2,1.0,0.0,9,0.0,,6
109,structural,clear,holdout,frequency,9,0.0,,9,0.0,,0
109,structural,clear,holdout,mdi,2,1.0,0.0,2,1.0,0.0,6
109,structural,clear,holdout,mdi_decay0,2,1.0,0.0,2,1.0,0.0,6
109,structural,clear,holdout,mdi_decay020,2,1.0,0.0,2,1.0,0.0,6
109,structural,clear,holdout,mdi_no_novelty,2,1.0,0.0,2,1.0,0.0,6
109,structural,clear,holdout,mdi_original,2,1.0,0.0,2,1.0,0.0,6
109,structural,clear,holdout,mdi_reset,9,0.0,,9,0.0,,0
109,structural,clear,holdout,mdi_with_delta,2,1.0,0.0,2,1.0,0.0,6
109,structural,clear,holdout,predicate_match,2,1.0,0.0,5,1.0,3.0,6
109,structural,clear,holdout,random,9,0.0,,9,0.0,,0
109,structural,clear,holdout,recurrence,9,0.0,,9,0.0,,0
109,structural,clear,holdout,similarity,9,0.0,,9,0.0,,0
109,structural,clear,holdout,value_profile,2,1.0,0.0,2,1.0,0.0,6
109,structural,detour,exposed,association_only,2,1.0,0.0,2,1.0,0.0,6
109,structural,detour,exposed,clustering,9,0.0,,9,0.0,,0
109,structural,detour,exposed,competing_models,2,1.0,0.0,2,1.0,0.0,6
109,structural,detour,exposed,context_oracle,0,1.0,-2.0,9,0.0,,8
109,structural,detour,exposed,delta_only,9,0.0,,9,0.0,,0
109,structural,detour,exposed,frequency,9,0.0,,9,0.0,,0
109,structural,detour,exposed,mdi,2,1.0,0.0,2,1.0,0.0,6
109,structural,detour,exposed,mdi_decay0,2,1.0,0.0,2,1.0,0.0,6
109,structural,detour,exposed,mdi_decay020,2,1.0,0.0,2,1.0,0.0,6
109,structural,detour,exposed,mdi_no_novelty,2,1.0,0.0,2,1.0,0.0,6
109,structural,detour,exposed,mdi_original,2,1.0,0.0,2,1.0,0.0,6
109,structural,detour,exposed,mdi_reset,9,0.0,,9,0.0,,0
109,structural,detour,exposed,mdi_with_delta,9,0.0,,9,0.0,,0
109,structural,detour,exposed,predicate_match,2,1.0,0.0,3,1.0,1.0,6
109,structural,detour,exposed,random,9,0.0,,9,0.0,,0
109,structural,detour,exposed,recurrence,8,1.0,6.0,9,0.0,,0
109,structural,detour,exposed,similarity,9,0.0,,9,0.0,,0
109,structural,detour,exposed,value_profile,2,1.0,0.0,2,1.0,0.0,6
109,structural,detour,holdout,association_only,2,1.0,0.0,2,1.0,0.0,6
109,structural,detour,holdout,clustering,9,0.0,,9,0.0,,0
109,structural,detour,holdout,competing_models,2,1.0,0.0,2,1.0,0.0,6
109,structural,detour,holdout,context_oracle,0,1.0,-2.0,9,0.0,,8
109,structural,detour,holdout,delta_only,9,0.0,,9,0.0,,0
109,structural,detour,holdout,frequency,9,0.0,,9,0.0,,0
109,structural,detour,holdout,mdi,2,1.0,0.0,2,1.0,0.0,6
109,structural,detour,holdout,mdi_decay0,2,1.0,0.0,2,1.0,0.0,6
109,structural,detour,holdout,mdi_decay020,2,1.0,0.0,2,1.0,0.0,6
109,structural,detour,holdout,mdi_no_novelty,2,1.0,0.0,2,1.0,0.0,6
109,structural,detour,holdout,mdi_original,2,1.0,0.0,2,1.0,0.0,6
109,structural,detour,holdout,mdi_reset,9,0.0,,9,0.0,,0
109,structural,detour,holdout,mdi_with_delta,2,1.0,0.0,9,0.0,,6
109,structural,detour,holdout,predicate_match,2,1.0,0.0,3,1.0,1.0,6
109,structural,detour,holdout,random,9,0.0,,9,0.0,,0
109,structural,detour,holdout,recurrence,9,0.0,,9,0.0,,0
109,structural,detour,holdout,similarity,9,0.0,,9,0.0,,0
109,structural,detour,holdout,value_profile,2,1.0,0.0,2,1.0,0.0,6
109,structural,null,exposed,association_only,9,0.0,,9,0.0,,0
109,structural,null,exposed,clustering,9,0.0,,9,0.0,,0
109,structural,null,exposed,competing_models,9,0.0,,9,0.0,,0
109,structural,null,exposed,context_oracle,0,1.0,,9,0.0,,8
109,structural,null,exposed,delta_only,9,0.0,,9,0.0,,0
109,structural,null,exposed,frequency,9,0.0,,9,0.0,,0
109,structural,null,exposed,mdi,9,0.0,,9,0.0,,0
109,structural,null,exposed,mdi_decay0,9,0.0,,9,0.0,,0
109,structural,null,exposed,mdi_decay020,9,0.0,,9,0.0,,0
109,structural,null,exposed,mdi_no_novelty,9,0.0,,9,0.0,,0
109,structural,null,exposed,mdi_original,9,0.0,,9,0.0,,0
109,structural,null,exposed,mdi_reset,9,0.0,,9,0.0,,0
109,structural,null,exposed,mdi_with_delta,9,0.0,,9,0.0,,0
109,structural,null,exposed,predicate_match,9,0.0,,9,0.0,,0
109,structural,null,exposed,random,9,0.0,,9,0.0,,0
109,structural,null,exposed,recurrence,9,0.0,,9,0.0,,0
109,structural,null,exposed,similarity,9,0.0,,9,0.0,,0
109,structural,null,exposed,value_profile,9,0.0,,9,0.0,,0
109,structural,null,holdout,association_only,9,0.0,,9,0.0,,0
109,structural,null,holdout,clustering,9,0.0,,9,0.0,,0
109,structural,null,holdout,competing_models,9,0.0,,9,0.0,,0
109,structural,null,holdout,context_oracle,0,1.0,,9,0.0,,8
109,structural,null,holdout,delta_only,9,0.0,,9,0.0,,0
109,structural,null,holdout,frequency,9,0.0,,9,0.0,,0
109,structural,null,holdout,mdi,9,0.0,,9,0.0,,0
109,structural,null,holdout,mdi_decay0,9,0.0,,9,0.0,,0
109,structural,null,holdout,mdi_decay020,9,0.0,,9,0.0,,0
109,structural,null,holdout,mdi_no_novelty,9,0.0,,9,0.0,,0
109,structural,null,holdout,mdi_original,9,0.0,,9,0.0,,0
109,structural,null,holdout,mdi_reset,9,0.0,,9,0.0,,0
109,structural,null,holdout,mdi_with_delta,9,0.0,,9,0.0,,0
109,structural,null,holdout,predicate_match,9,0.0,,9,0.0,,0
109,structural,null,holdout,random,9,0.0,,9,0.0,,0
109,structural,null,holdout,recurrence,9,0.0,,9,0.0,,0
109,structural,null,holdout,similarity,9,0.0,,9,0.0,,0
109,structural,null,holdout,value_profile,9,0.0,,9,0.0,,0
109,structural,switch,exposed,association_only,8,1.0,3.0,9,0.0,,0
109,structural,switch,exposed,clustering,9,0.0,,9,0.0,,0
109,structural,switch,exposed,competing_models,7,1.0,2.0,7,1.0,2.0,1
109,structural,switch,exposed,context_oracle,0,1.0,-5.0,9,0.0,,8
109,structural,switch,exposed,delta_only,9,0.0,,9,0.0,,0
109,structural,switch,exposed,frequency,9,0.0,,9,0.0,,0
109,structural,switch,exposed,mdi,7,1.0,2.0,8,1.0,3.0,1
109,structural,switch,exposed,mdi_decay0,8,1.0,3.0,8,1.0,3.0,0
109,structural,switch,exposed,mdi_decay020,6,1.0,1.0,6,1.0,1.0,2
109,structural,switch,exposed,mdi_no_novelty,7,1.0,2.0,8,1.0,3.0,1
109,structural,switch,exposed,mdi_original,8,1.0,3.0,9,0.0,,0
109,structural,switch,exposed,mdi_reset,9,0.0,,9,0.0,,0
109,structural,switch,exposed,mdi_with_delta,9,0.0,,9,0.0,,0
109,structural,switch,exposed,predicate_match,8,1.0,3.0,8,1.0,3.0,0
109,structural,switch,exposed,random,9,0.0,,9,0.0,,0
109,structural,switch,exposed,recurrence,9,0.0,,9,0.0,,0
109,structural,switch,exposed,similarity,9,0.0,,9,0.0,,0
109,structural,switch,exposed,value_profile,8,1.0,3.0,8,1.0,3.0,0
109,structural,switch,holdout,association_only,8,1.0,3.0,8,1.0,3.0,0
109,structural,switch,holdout,clustering,9,0.0,,9,0.0,,0
109,structural,switch,holdout,competing_models,7,1.0,2.0,7,1.0,2.0,1
109,structural,switch,holdout,context_oracle,0,1.0,-5.0,9,0.0,,8
109,structural,switch,holdout,delta_only,9,0.0,,9,0.0,,0
109,structural,switch,holdout,frequency,9,0.0,,9,0.0,,0
109,structural,switch,holdout,mdi,7,1.0,2.0,8,1.0,3.0,1
109,structural,switch,holdout,mdi_decay0,8,1.0,3.0,8,1.0,3.0,0
109,structural,switch,holdout,mdi_decay020,6,1.0,1.0,6,1.0,1.0,2
109,structural,switch,holdout,mdi_no_novelty,7,1.0,2.0,8,1.0,3.0,1
109,structural,switch,holdout,mdi_original,8,1.0,3.0,9,0.0,,0
109,structural,switch,holdout,mdi_reset,9,0.0,,9,0.0,,0
109,structural,switch,holdout,mdi_with_delta,9,0.0,,9,0.0,,0
109,structural,switch,holdout,predicate_match,8,1.0,3.0,8,1.0,3.0,0
109,structural,switch,holdout,random,9,0.0,,9,0.0,,0
109,structural,switch,holdout,recurrence,9,0.0,,9,0.0,,0
109,structural,switch,holdout,similarity,9,0.0,,9,0.0,,0
109,structural,switch,holdout,value_profile,8,1.0,3.0,8,1.0,3.0,0
