gap,recommender,accuracy_mean,precision_mean,recall_mean,f1_mean,overlap_mean
1,multidimensional_interestingness,0.0,0.0,0.0,0.0,0.0
1,random,0.023358585858585856,0.023358585858585856,0.023358585858585856,0.023358585858585856,0.023358585858585856
1,clustering,0.023358585858585856,0.023358585858585856,0.023358585858585856,0.023358585858585856,0.023358585858585856
1,frequency,0.023358585858585856,0.023358585858585856,0.023358585858585856,0.023358585858585856,0.023358585858585856
1,similarity,0.023358585858585856,0.023358585858585856,0.023358585858585856,0.023358585858585856,0.023358585858585856
1,sampling,0.023358585858585856,0.023358585858585856,0.023358585858585856,0.023358585858585856,0.023358585858585856
