gap,accuracy_mean,accuracy_std,accuracy_count,precision_mean,precision_std,recall_mean,recall_std,f1_score_mean,f1_score_std
1,0.5885224208498944,0.2688948365498653,522,0.8038058661158403,0.23017120515250414,0.5885224208498944,0.2688948365498653,0.6409016062891381,0.23052199738018098
2,0.572181473022018,0.2733632045153008,504,0.7944955176916738,0.23546679704691573,0.572181473022018,0.2733632045153008,0.6241771259561548,0.23304477175329985
3,0.723299772692673,0.2414851497755904,486,0.851946134345424,0.19579016312785072,0.723299772692673,0.2414851497755904,0.762045747947691,0.21466765984818284
5,0.6092572103078,0.28039312843135134,450,0.8098186020976507,0.2312274614179616,0.6092572103078,0.28039312843135134,0.6568803375567858,0.24226256603645124
10,0.6380373786299088,0.27100585509035935,360,0.8295111101687435,0.2217529117323899,0.6380373786299088,0.27100585509035935,0.687590932824284,0.23676345138914706
