scenario,total_queries,total_sessions,accuracy_mean,accuracy_std,accuracy_median,precision_mean,precision_std,precision_median,recall_mean,recall_std,recall_median,f1_mean,f1_std,f1_median,overlap_mean,overlap_std,overlap_median
close,2322,3,0.6248798693198356,0.27236478953332177,0.7317073170731707,0.8170114534563474,0.22429127533690935,0.9097222222222222,0.6248798693198356,0.27236478953332177,0.7317073170731707,0.6729625457298475,0.23631612368140367,0.74,0.9534510323026076,0.1591440797392566,1.0
