gap,accuracy_mean,accuracy_std,accuracy_count,precision_mean,precision_std,recall_mean,recall_std,f1_score_mean,f1_score_std
1,0.17716566245176157,0.12439872629831843,522,0.23739644675060126,0.11484464646628831,0.17716566245176157,0.12439872629831843,0.19170139926865357,0.11679704992406355
2,0.1250536431008875,0.09348454571073217,504,0.18561067879814075,0.10834357530785524,0.1250536431008875,0.09348454571073217,0.13906566597114328,0.08990614079047618
3,0.13976706307873757,0.06177836245059799,486,0.17200500191069676,0.07421121345677423,0.13976706307873757,0.06177836245059799,0.14906949372704117,0.05999939730244067
5,0.11440206394694842,0.06555677778102624,450,0.17266936617431947,0.09998193748202278,0.11440206394694842,0.06555677778102624,0.12779681246709865,0.0638877190307475
10,0.11969222436608083,0.06203021612699702,360,0.17337513155828088,0.09322441290646116,0.11969222436608083,0.06203021612699702,0.13291859763527786,0.06068903434310471
