scenario,total_queries,total_sessions,accuracy_mean,accuracy_std,accuracy_median,precision_mean,precision_std,precision_median,recall_mean,recall_std,recall_median,f1_mean,f1_std,f1_median,overlap_mean,overlap_std,overlap_median
raw,2322,3,0.13695281400811765,0.09018114086790661,0.1276595744680851,0.1899997503816108,0.10301318369499671,0.1895424836601307,0.13695281400811765,0.09018114086790661,0.1276595744680851,0.14985540946508605,0.08650722213994949,0.1473684210526316,0.1933067437829077,0.10511161473274569,0.1920529801324503
